id,source,airline,origin,destination,travel_date,search_datetime,fare_price,created_at,route,search_date
1,SkyFareHub,IndiGo,DEL,BOM,2026-08-18,2026-08-11 14:15:00,5328.94,2026-09-09 12:37:29,DEL-BOM,2026-08-11
2,TripEase,IndiGo,DEL,BOM,2026-08-18,2026-08-11 08:37:00,5379.86,2026-09-09 12:37:29,DEL-BOM,2026-08-11
3,SkyFareHub,Air India,DEL,BOM,2026-08-18,2026-08-11 12:14:00,5655.02,2026-09-09 12:37:29,DEL-BOM,2026-08-11
4,TripEase,Air India,DEL,BOM,2026-08-18,2026-08-11 12:45:00,5692.97,2026-09-09 12:37:29,DEL-BOM,2026-08-11
5,SkyFareHub,SpiceJet,DEL,BOM,2026-08-18,2026-08-11 13:28:00,5227.52,2026-09-09 12:37:29,DEL-BOM,2026-08-11
6,TripEase,SpiceJet,DEL,BOM,2026-08-18,2026-08-11 06:48:00,5284.29,2026-09-09 12:37:29,DEL-BOM,2026-08-11
7,SkyFareHub,Vistara,DEL,BOM,2026-08-18,2026-08-11 16:17:00,6463.17,2026-09-09 12:37:29,DEL-BOM,2026-08-11
8,TripEase,Vistara,DEL,BOM,2026-08-18,2026-08-11 16:06:00,6235.65,2026-09-09 12:37:29,DEL-BOM,2026-08-11
9,SkyFareHub,Akasa Air,DEL,BOM,2026-08-18,2026-08-11 17:38:00,4961.64,2026-09-09 12:37:29,DEL-BOM,2026-08-11
10,TripEase,Akasa Air,DEL,BOM,2026-08-18,2026-08-11 20:34:00,5017.12,2026-09-09 12:37:29,DEL-BOM,2026-08-11
11,SkyFareHub,IndiGo,DEL,BOM,2026-08-25,2026-08-11 08:35:00,5321.0,2026-09-09 12:37:29,DEL-BOM,2026-08-11
12,TripEase,IndiGo,DEL,BOM,2026-08-25,2026-08-11 17:36:00,5298.81,2026-09-09 12:37:29,DEL-BOM,2026-08-11
13,SkyFareHub,Air India,DEL,BOM,2026-08-25,2026-08-11 13:49:00,5482.43,2026-09-09 12:37:29,DEL-BOM,2026-08-11
14,TripEase,Air India,DEL,BOM,2026-08-25,2026-08-11 13:55:00,5530.83,2026-09-09 12:37:29,DEL-BOM,2026-08-11
15,SkyFareHub,SpiceJet,DEL,BOM,2026-08-25,2026-08-11 17:10:00,4848.93,2026-09-09 12:37:29,DEL-BOM,2026-08-11
16,TripEase,SpiceJet,DEL,BOM,2026-08-25,2026-08-11 14:44:00,4937.44,2026-09-09 12:37:29,DEL-BOM,2026-08-11
17,SkyFareHub,Vistara,DEL,BOM,2026-08-25,2026-08-11 11:34:00,6417.27,2026-09-09 12:37:29,DEL-BOM,2026-08-11
18,TripEase,Vistara,DEL,BOM,2026-08-25,2026-08-11 18:17:00,6136.43,2026-09-09 12:37:29,DEL-BOM,2026-08-11
19,SkyFareHub,Akasa Air,DEL,BOM,2026-08-25,2026-08-11 13:43:00,5432.26,2026-09-09 12:37:29,DEL-BOM,2026-08-11
20,TripEase,Akasa Air,DEL,BOM,2026-08-25,2026-08-11 07:14:00,5196.21,2026-09-09 12:37:29,DEL-BOM,2026-08-11
21,SkyFareHub,IndiGo,DEL,BOM,2026-09-10,2026-08-11 18:17:00,5397.72,2026-09-09 12:37:29,DEL-BOM,2026-08-11
22,TripEase,IndiGo,DEL,BOM,2026-09-10,2026-08-11 16:13:00,5118.73,2026-09-09 12:37:29,DEL-BOM,2026-08-11
23,SkyFareHub,Air India,DEL,BOM,2026-09-10,2026-08-11 20:09:00,5618.07,2026-09-09 12:37:29,DEL-BOM,2026-08-11
24,TripEase,Air India,DEL,BOM,2026-09-10,2026-08-11 14:47:00,5393.69,2026-09-09 12:37:29,DEL-BOM,2026-08-11
25,SkyFareHub,SpiceJet,DEL,BOM,2026-09-10,2026-08-11 18:23:00,5061.97,2026-09-09 12:37:29,DEL-BOM,2026-08-11
26,TripEase,SpiceJet,DEL,BOM,2026-09-10,2026-08-11 22:31:00,4947.83,2026-09-09 12:37:29,DEL-BOM,2026-08-11
27,SkyFareHub,Vistara,DEL,BOM,2026-09-10,2026-08-11 09:09:00,5589.36,2026-09-09 12:37:29,DEL-BOM,2026-08-11
28,TripEase,Vistara,DEL,BOM,2026-09-10,2026-08-11 19:38:00,6110.31,2026-09-09 12:37:29,DEL-BOM,2026-08-11
29,SkyFareHub,Akasa Air,DEL,BOM,2026-09-10,2026-08-11 20:33:00,4804.17,2026-09-09 12:37:29,DEL-BOM,2026-08-11
30,TripEase,Akasa Air,DEL,BOM,2026-09-10,2026-08-11 06:43:00,4931.18,2026-09-09 12:37:29,DEL-BOM,2026-08-11
31,SkyFareHub,IndiGo,DEL,BLR,2026-08-18,2026-08-11 14:49:00,6084.96,2026-09-09 12:37:29,DEL-BLR,2026-08-11
32,TripEase,IndiGo,DEL,BLR,2026-08-18,2026-08-11 19:10:00,5844.83,2026-09-09 12:37:29,DEL-BLR,2026-08-11
33,SkyFareHub,Air India,DEL,BLR,2026-08-18,2026-08-11 14:32:00,6539.6,2026-09-09 12:37:29,DEL-BLR,2026-08-11
34,TripEase,Air India,DEL,BLR,2026-08-18,2026-08-11 09:55:00,6526.12,2026-09-09 12:37:29,DEL-BLR,2026-08-11
35,SkyFareHub,SpiceJet,DEL,BLR,2026-08-18,2026-08-11 22:38:00,5791.75,2026-09-09 12:37:29,DEL-BLR,2026-08-11
36,TripEase,SpiceJet,DEL,BLR,2026-08-18,2026-08-11 11:34:00,5442.31,2026-09-09 12:37:29,DEL-BLR,2026-08-11
37,SkyFareHub,Vistara,DEL,BLR,2026-08-18,2026-08-11 06:38:00,7222.67,2026-09-09 12:37:29,DEL-BLR,2026-08-11
38,TripEase,Vistara,DEL,BLR,2026-08-18,2026-08-11 17:56:00,6511.54,2026-09-09 12:37:29,DEL-BLR,2026-08-11
39,SkyFareHub,Akasa Air,DEL,BLR,2026-08-18,2026-08-11 13:03:00,6066.95,2026-09-09 12:37:29,DEL-BLR,2026-08-11
40,TripEase,Akasa Air,DEL,BLR,2026-08-18,2026-08-11 08:05:00,5642.75,2026-09-09 12:37:29,DEL-BLR,2026-08-11
41,SkyFareHub,IndiGo,DEL,BLR,2026-08-25,2026-08-11 10:08:00,6050.78,2026-09-09 12:37:29,DEL-BLR,2026-08-11
42,TripEase,IndiGo,DEL,BLR,2026-08-25,2026-08-11 11:16:00,6062.89,2026-09-09 12:37:29,DEL-BLR,2026-08-11
43,SkyFareHub,Air India,DEL,BLR,2026-08-25,2026-08-11 12:59:00,6352.79,2026-09-09 12:37:29,DEL-BLR,2026-08-11
44,TripEase,Air India,DEL,BLR,2026-08-25,2026-08-11 12:45:00,6405.25,2026-09-09 12:37:29,DEL-BLR,2026-08-11
45,SkyFareHub,SpiceJet,DEL,BLR,2026-08-25,2026-08-11 17:28:00,5621.55,2026-09-09 12:37:29,DEL-BLR,2026-08-11
46,TripEase,SpiceJet,DEL,BLR,2026-08-25,2026-08-11 13:14:00,5701.39,2026-09-09 12:37:29,DEL-BLR,2026-08-11
47,SkyFareHub,Vistara,DEL,BLR,2026-08-25,2026-08-11 13:37:00,6280.14,2026-09-09 12:37:29,DEL-BLR,2026-08-11
48,TripEase,Vistara,DEL,BLR,2026-08-25,2026-08-11 07:14:00,6384.05,2026-09-09 12:37:29,DEL-BLR,2026-08-11
49,SkyFareHub,Akasa Air,DEL,BLR,2026-08-25,2026-08-11 16:04:00,5302.21,2026-09-09 12:37:29,DEL-BLR,2026-08-11
50,TripEase,Akasa Air,DEL,BLR,2026-08-25,2026-08-11 21:13:00,5588.26,2026-09-09 12:37:29,DEL-BLR,2026-08-11
51,SkyFareHub,IndiGo,DEL,BLR,2026-09-10,2026-08-11 21:15:00,5733.28,2026-09-09 12:37:29,DEL-BLR,2026-08-11
52,TripEase,IndiGo,DEL,BLR,2026-09-10,2026-08-11 12:06:00,5872.48,2026-09-09 12:37:29,DEL-BLR,2026-08-11
53,SkyFareHub,Air India,DEL,BLR,2026-09-10,2026-08-11 19:26:00,5869.59,2026-09-09 12:37:29,DEL-BLR,2026-08-11
54,TripEase,Air India,DEL,BLR,2026-09-10,2026-08-11 09:03:00,6158.85,2026-09-09 12:37:29,DEL-BLR,2026-08-11
55,SkyFareHub,SpiceJet,DEL,BLR,2026-09-10,2026-08-11 09:15:00,5264.6,2026-09-09 12:37:29,DEL-BLR,2026-08-11
56,TripEase,SpiceJet,DEL,BLR,2026-09-10,2026-08-11 10:27:00,5237.47,2026-09-09 12:37:29,DEL-BLR,2026-08-11
57,SkyFareHub,Vistara,DEL,BLR,2026-09-10,2026-08-11 08:28:00,6307.22,2026-09-09 12:37:29,DEL-BLR,2026-08-11
58,TripEase,Vistara,DEL,BLR,2026-09-10,2026-08-11 09:03:00,6784.35,2026-09-09 12:37:29,DEL-BLR,2026-08-11
59,SkyFareHub,Akasa Air,DEL,BLR,2026-09-10,2026-08-11 06:05:00,5550.71,2026-09-09 12:37:29,DEL-BLR,2026-08-11
60,TripEase,Akasa Air,DEL,BLR,2026-09-10,2026-08-11 11:26:00,5771.86,2026-09-09 12:37:29,DEL-BLR,2026-08-11
61,SkyFareHub,IndiGo,BOM,BLR,2026-08-18,2026-08-11 18:57:00,4355.7,2026-09-09 12:37:29,BOM-BLR,2026-08-11
62,TripEase,IndiGo,BOM,BLR,2026-08-18,2026-08-11 18:16:00,4248.11,2026-09-09 12:37:29,BOM-BLR,2026-08-11
63,SkyFareHub,Air India,BOM,BLR,2026-08-18,2026-08-11 15:27:00,5037.45,2026-09-09 12:37:29,BOM-BLR,2026-08-11
64,TripEase,Air India,BOM,BLR,2026-08-18,2026-08-11 21:09:00,4933.6,2026-09-09 12:37:29,BOM-BLR,2026-08-11
65,SkyFareHub,SpiceJet,BOM,BLR,2026-08-18,2026-08-11 07:37:00,4039.18,2026-09-09 12:37:29,BOM-BLR,2026-08-11
66,TripEase,SpiceJet,BOM,BLR,2026-08-18,2026-08-11 16:03:00,4183.61,2026-09-09 12:37:29,BOM-BLR,2026-08-11
67,SkyFareHub,Vistara,BOM,BLR,2026-08-18,2026-08-11 22:10:00,4911.81,2026-09-09 12:37:29,BOM-BLR,2026-08-11
68,TripEase,Vistara,BOM,BLR,2026-08-18,2026-08-11 11:04:00,4924.06,2026-09-09 12:37:29,BOM-BLR,2026-08-11
69,SkyFareHub,Akasa Air,BOM,BLR,2026-08-18,2026-08-11 13:25:00,4381.86,2026-09-09 12:37:29,BOM-BLR,2026-08-11
70,TripEase,Akasa Air,BOM,BLR,2026-08-18,2026-08-11 13:37:00,4273.8,2026-09-09 12:37:29,BOM-BLR,2026-08-11
71,SkyFareHub,IndiGo,BOM,BLR,2026-08-25,2026-08-11 19:42:00,4438.4,2026-09-09 12:37:29,BOM-BLR,2026-08-11
72,TripEase,IndiGo,BOM,BLR,2026-08-25,2026-08-11 14:13:00,4409.26,2026-09-09 12:37:29,BOM-BLR,2026-08-11
73,SkyFareHub,Air India,BOM,BLR,2026-08-25,2026-08-11 14:25:00,4735.39,2026-09-09 12:37:29,BOM-BLR,2026-08-11
74,TripEase,Air India,BOM,BLR,2026-08-25,2026-08-11 20:20:00,4625.66,2026-09-09 12:37:29,BOM-BLR,2026-08-11
75,SkyFareHub,SpiceJet,BOM,BLR,2026-08-25,2026-08-11 06:29:00,4406.55,2026-09-09 12:37:29,BOM-BLR,2026-08-11
76,TripEase,SpiceJet,BOM,BLR,2026-08-25,2026-08-11 09:04:00,4211.28,2026-09-09 12:37:29,BOM-BLR,2026-08-11
77,SkyFareHub,Vistara,BOM,BLR,2026-08-25,2026-08-11 10:59:00,5047.02,2026-09-09 12:37:29,BOM-BLR,2026-08-11
78,TripEase,Vistara,BOM,BLR,2026-08-25,2026-08-11 13:23:00,4839.2,2026-09-09 12:37:29,BOM-BLR,2026-08-11
79,SkyFareHub,Akasa Air,BOM,BLR,2026-08-25,2026-08-11 15:39:00,4154.06,2026-09-09 12:37:29,BOM-BLR,2026-08-11
80,TripEase,Akasa Air,BOM,BLR,2026-08-25,2026-08-11 22:00:00,4485.19,2026-09-09 12:37:29,BOM-BLR,2026-08-11
81,SkyFareHub,IndiGo,BOM,BLR,2026-09-10,2026-08-11 09:56:00,4300.66,2026-09-09 12:37:29,BOM-BLR,2026-08-11
82,TripEase,IndiGo,BOM,BLR,2026-09-10,2026-08-11 09:47:00,4008.64,2026-09-09 12:37:29,BOM-BLR,2026-08-11
83,SkyFareHub,Air India,BOM,BLR,2026-09-10,2026-08-11 12:45:00,4525.45,2026-09-09 12:37:29,BOM-BLR,2026-08-11
84,TripEase,Air India,BOM,BLR,2026-09-10,2026-08-11 14:32:00,4562.37,2026-09-09 12:37:29,BOM-BLR,2026-08-11
85,SkyFareHub,SpiceJet,BOM,BLR,2026-09-10,2026-08-11 07:05:00,4112.54,2026-09-09 12:37:29,BOM-BLR,2026-08-11
86,TripEase,SpiceJet,BOM,BLR,2026-09-10,2026-08-11 07:00:00,4141.08,2026-09-09 12:37:29,BOM-BLR,2026-08-11
87,SkyFareHub,Vistara,BOM,BLR,2026-09-10,2026-08-11 14:10:00,4691.97,2026-09-09 12:37:29,BOM-BLR,2026-08-11
88,TripEase,Vistara,BOM,BLR,2026-09-10,2026-08-11 19:35:00,4973.46,2026-09-09 12:37:29,BOM-BLR,2026-08-11
89,SkyFareHub,Akasa Air,BOM,BLR,2026-09-10,2026-08-11 10:34:00,3837.58,2026-09-09 12:37:29,BOM-BLR,2026-08-11
90,TripEase,Akasa Air,BOM,BLR,2026-09-10,2026-08-11 10:27:00,3918.6,2026-09-09 12:37:29,BOM-BLR,2026-08-11
91,SkyFareHub,IndiGo,DEL,MAA,2026-08-18,2026-08-11 07:57:00,6144.25,2026-09-09 12:37:29,DEL-MAA,2026-08-11
92,TripEase,IndiGo,DEL,MAA,2026-08-18,2026-08-11 09:22:00,6406.11,2026-09-09 12:37:29,DEL-MAA,2026-08-11
93,SkyFareHub,Air India,DEL,MAA,2026-08-18,2026-08-11 19:39:00,7236.36,2026-09-09 12:37:29,DEL-MAA,2026-08-11
94,TripEase,Air India,DEL,MAA,2026-08-18,2026-08-11 13:55:00,7236.69,2026-09-09 12:37:29,DEL-MAA,2026-08-11
95,SkyFareHub,SpiceJet,DEL,MAA,2026-08-18,2026-08-11 11:56:00,6033.71,2026-09-09 12:37:29,DEL-MAA,2026-08-11
96,TripEase,SpiceJet,DEL,MAA,2026-08-18,2026-08-11 16:50:00,5928.7,2026-09-09 12:37:29,DEL-MAA,2026-08-11
97,SkyFareHub,Vistara,DEL,MAA,2026-08-18,2026-08-11 13:17:00,7758.03,2026-09-09 12:37:29,DEL-MAA,2026-08-11
98,TripEase,Vistara,DEL,MAA,2026-08-18,2026-08-11 18:55:00,7258.41,2026-09-09 12:37:29,DEL-MAA,2026-08-11
99,SkyFareHub,Akasa Air,DEL,MAA,2026-08-18,2026-08-11 12:52:00,5976.39,2026-09-09 12:37:29,DEL-MAA,2026-08-11
100,TripEase,Akasa Air,DEL,MAA,2026-08-18,2026-08-11 13:14:00,6368.76,2026-09-09 12:37:29,DEL-MAA,2026-08-11
101,SkyFareHub,IndiGo,DEL,MAA,2026-08-25,2026-08-11 16:17:00,5960.91,2026-09-09 12:37:29,DEL-MAA,2026-08-11
102,TripEase,IndiGo,DEL,MAA,2026-08-25,2026-08-11 14:22:00,6679.15,2026-09-09 12:37:29,DEL-MAA,2026-08-11
103,SkyFareHub,Air India,DEL,MAA,2026-08-25,2026-08-11 16:01:00,6859.6,2026-09-09 12:37:29,DEL-MAA,2026-08-11
104,TripEase,Air India,DEL,MAA,2026-08-25,2026-08-11 11:37:00,6806.05,2026-09-09 12:37:29,DEL-MAA,2026-08-11
105,SkyFareHub,SpiceJet,DEL,MAA,2026-08-25,2026-08-11 09:38:00,6139.73,2026-09-09 12:37:29,DEL-MAA,2026-08-11
106,TripEase,SpiceJet,DEL,MAA,2026-08-25,2026-08-11 16:27:00,6052.98,2026-09-09 12:37:29,DEL-MAA,2026-08-11
107,SkyFareHub,Vistara,DEL,MAA,2026-08-25,2026-08-11 18:57:00,7332.41,2026-09-09 12:37:29,DEL-MAA,2026-08-11
108,TripEase,Vistara,DEL,MAA,2026-08-25,2026-08-11 19:00:00,7203.29,2026-09-09 12:37:29,DEL-MAA,2026-08-11
109,SkyFareHub,Akasa Air,DEL,MAA,2026-08-25,2026-08-11 12:23:00,6250.93,2026-09-09 12:37:29,DEL-MAA,2026-08-11
110,TripEase,Akasa Air,DEL,MAA,2026-08-25,2026-08-11 16:39:00,6259.83,2026-09-09 12:37:29,DEL-MAA,2026-08-11
111,SkyFareHub,IndiGo,DEL,MAA,2026-09-10,2026-08-11 15:32:00,6146.62,2026-09-09 12:37:29,DEL-MAA,2026-08-11
112,TripEase,IndiGo,DEL,MAA,2026-09-10,2026-08-11 18:44:00,5983.2,2026-09-09 12:37:29,DEL-MAA,2026-08-11
113,SkyFareHub,Air India,DEL,MAA,2026-09-10,2026-08-11 19:42:00,6343.36,2026-09-09 12:37:29,DEL-MAA,2026-08-11
114,TripEase,Air India,DEL,MAA,2026-09-10,2026-08-11 11:39:00,6901.47,2026-09-09 12:37:29,DEL-MAA,2026-08-11
115,SkyFareHub,SpiceJet,DEL,MAA,2026-09-10,2026-08-11 06:19:00,5803.88,2026-09-09 12:37:29,DEL-MAA,2026-08-11
116,TripEase,SpiceJet,DEL,MAA,2026-09-10,2026-08-11 16:29:00,5681.13,2026-09-09 12:37:29,DEL-MAA,2026-08-11
117,SkyFareHub,Vistara,DEL,MAA,2026-09-10,2026-08-11 22:30:00,7067.82,2026-09-09 12:37:29,DEL-MAA,2026-08-11
118,TripEase,Vistara,DEL,MAA,2026-09-10,2026-08-11 11:42:00,7385.48,2026-09-09 12:37:29,DEL-MAA,2026-08-11
119,SkyFareHub,Akasa Air,DEL,MAA,2026-09-10,2026-08-11 16:05:00,5735.33,2026-09-09 12:37:29,DEL-MAA,2026-08-11
120,TripEase,Akasa Air,DEL,MAA,2026-09-10,2026-08-11 15:14:00,6166.98,2026-09-09 12:37:29,DEL-MAA,2026-08-11
121,SkyFareHub,IndiGo,BOM,MAA,2026-08-18,2026-08-11 07:15:00,5738.05,2026-09-09 12:37:29,BOM-MAA,2026-08-11
122,TripEase,IndiGo,BOM,MAA,2026-08-18,2026-08-11 08:29:00,5978.38,2026-09-09 12:37:29,BOM-MAA,2026-08-11
123,SkyFareHub,Air India,BOM,MAA,2026-08-18,2026-08-11 12:45:00,6182.12,2026-09-09 12:37:29,BOM-MAA,2026-08-11
124,TripEase,Air India,BOM,MAA,2026-08-18,2026-08-11 13:09:00,6271.24,2026-09-09 12:37:29,BOM-MAA,2026-08-11
125,SkyFareHub,SpiceJet,BOM,MAA,2026-08-18,2026-08-11 09:49:00,5339.51,2026-09-09 12:37:29,BOM-MAA,2026-08-11
126,TripEase,SpiceJet,BOM,MAA,2026-08-18,2026-08-11 22:29:00,5294.67,2026-09-09 12:37:29,BOM-MAA,2026-08-11
127,SkyFareHub,Vistara,BOM,MAA,2026-08-18,2026-08-11 09:29:00,6241.01,2026-09-09 12:37:29,BOM-MAA,2026-08-11
128,TripEase,Vistara,BOM,MAA,2026-08-18,2026-08-11 22:35:00,6369.76,2026-09-09 12:37:29,BOM-MAA,2026-08-11
129,SkyFareHub,Akasa Air,BOM,MAA,2026-08-18,2026-08-11 20:39:00,5739.38,2026-09-09 12:37:29,BOM-MAA,2026-08-11
130,TripEase,Akasa Air,BOM,MAA,2026-08-18,2026-08-11 19:53:00,5817.51,2026-09-09 12:37:29,BOM-MAA,2026-08-11
131,SkyFareHub,IndiGo,BOM,MAA,2026-08-25,2026-08-11 11:47:00,5802.8,2026-09-09 12:37:29,BOM-MAA,2026-08-11
132,TripEase,IndiGo,BOM,MAA,2026-08-25,2026-08-11 13:53:00,5783.75,2026-09-09 12:37:29,BOM-MAA,2026-08-11
133,SkyFareHub,Air India,BOM,MAA,2026-08-25,2026-08-11 22:31:00,6252.77,2026-09-09 12:37:29,BOM-MAA,2026-08-11
134,TripEase,Air India,BOM,MAA,2026-08-25,2026-08-11 08:45:00,6068.0,2026-09-09 12:37:29,BOM-MAA,2026-08-11
135,SkyFareHub,SpiceJet,BOM,MAA,2026-08-25,2026-08-11 16:57:00,5190.56,2026-09-09 12:37:29,BOM-MAA,2026-08-11
136,TripEase,SpiceJet,BOM,MAA,2026-08-25,2026-08-11 13:24:00,5256.72,2026-09-09 12:37:29,BOM-MAA,2026-08-11
137,SkyFareHub,Vistara,BOM,MAA,2026-08-25,2026-08-11 08:26:00,6664.13,2026-09-09 12:37:29,BOM-MAA,2026-08-11
138,TripEase,Vistara,BOM,MAA,2026-08-25,2026-08-11 19:03:00,6451.89,2026-09-09 12:37:29,BOM-MAA,2026-08-11
139,SkyFareHub,Akasa Air,BOM,MAA,2026-08-25,2026-08-11 06:54:00,5314.02,2026-09-09 12:37:29,BOM-MAA,2026-08-11
140,TripEase,Akasa Air,BOM,MAA,2026-08-25,2026-08-11 21:00:00,5659.84,2026-09-09 12:37:29,BOM-MAA,2026-08-11
141,SkyFareHub,IndiGo,BOM,MAA,2026-09-10,2026-08-11 18:54:00,5579.23,2026-09-09 12:37:29,BOM-MAA,2026-08-11
142,TripEase,IndiGo,BOM,MAA,2026-09-10,2026-08-11 13:31:00,5732.64,2026-09-09 12:37:29,BOM-MAA,2026-08-11
143,SkyFareHub,Air India,BOM,MAA,2026-09-10,2026-08-11 06:24:00,5733.32,2026-09-09 12:37:29,BOM-MAA,2026-08-11
144,TripEase,Air India,BOM,MAA,2026-09-10,2026-08-11 18:46:00,5874.26,2026-09-09 12:37:29,BOM-MAA,2026-08-11
145,SkyFareHub,SpiceJet,BOM,MAA,2026-09-10,2026-08-11 10:39:00,5030.48,2026-09-09 12:37:29,BOM-MAA,2026-08-11
146,TripEase,SpiceJet,BOM,MAA,2026-09-10,2026-08-11 06:05:00,5320.0,2026-09-09 12:37:29,BOM-MAA,2026-08-11
147,SkyFareHub,Vistara,BOM,MAA,2026-09-10,2026-08-11 20:11:00,6204.36,2026-09-09 12:37:29,BOM-MAA,2026-08-11
148,TripEase,Vistara,BOM,MAA,2026-09-10,2026-08-11 12:29:00,5998.75,2026-09-09 12:37:29,BOM-MAA,2026-08-11
149,SkyFareHub,Akasa Air,BOM,MAA,2026-09-10,2026-08-11 18:17:00,5298.07,2026-09-09 12:37:29,BOM-MAA,2026-08-11
150,TripEase,Akasa Air,BOM,MAA,2026-09-10,2026-08-11 14:53:00,5500.38,2026-09-09 12:37:29,BOM-MAA,2026-08-11
151,SkyFareHub,IndiGo,DEL,CCU,2026-08-18,2026-08-11 07:22:00,5732.44,2026-09-09 12:37:29,DEL-CCU,2026-08-11
152,TripEase,IndiGo,DEL,CCU,2026-08-18,2026-08-11 07:48:00,5820.1,2026-09-09 12:37:29,DEL-CCU,2026-08-11
153,SkyFareHub,Air India,DEL,CCU,2026-08-18,2026-08-11 06:39:00,6254.45,2026-09-09 12:37:29,DEL-CCU,2026-08-11
154,TripEase,Air India,DEL,CCU,2026-08-18,2026-08-11 09:36:00,6270.58,2026-09-09 12:37:29,DEL-CCU,2026-08-11
155,SkyFareHub,SpiceJet,DEL,CCU,2026-08-18,2026-08-11 14:49:00,6003.39,2026-09-09 12:37:29,DEL-CCU,2026-08-11
156,TripEase,SpiceJet,DEL,CCU,2026-08-18,2026-08-11 09:49:00,5783.53,2026-09-09 12:37:29,DEL-CCU,2026-08-11
157,SkyFareHub,Vistara,DEL,CCU,2026-08-18,2026-08-11 09:37:00,7405.78,2026-09-09 12:37:29,DEL-CCU,2026-08-11
158,TripEase,Vistara,DEL,CCU,2026-08-18,2026-08-11 18:25:00,6684.1,2026-09-09 12:37:29,DEL-CCU,2026-08-11
159,SkyFareHub,Akasa Air,DEL,CCU,2026-08-18,2026-08-11 13:06:00,6031.9,2026-09-09 12:37:29,DEL-CCU,2026-08-11
160,TripEase,Akasa Air,DEL,CCU,2026-08-18,2026-08-11 09:50:00,5952.75,2026-09-09 12:37:29,DEL-CCU,2026-08-11
161,SkyFareHub,IndiGo,DEL,CCU,2026-08-25,2026-08-11 17:34:00,6361.86,2026-09-09 12:37:29,DEL-CCU,2026-08-11
162,TripEase,IndiGo,DEL,CCU,2026-08-25,2026-08-11 22:41:00,5945.07,2026-09-09 12:37:29,DEL-CCU,2026-08-11
163,SkyFareHub,Air India,DEL,CCU,2026-08-25,2026-08-11 21:06:00,6562.36,2026-09-09 12:37:29,DEL-CCU,2026-08-11
164,TripEase,Air India,DEL,CCU,2026-08-25,2026-08-11 20:45:00,6420.08,2026-09-09 12:37:29,DEL-CCU,2026-08-11
165,SkyFareHub,SpiceJet,DEL,CCU,2026-08-25,2026-08-11 22:41:00,5454.9,2026-09-09 12:37:29,DEL-CCU,2026-08-11
166,TripEase,SpiceJet,DEL,CCU,2026-08-25,2026-08-11 21:29:00,5725.64,2026-09-09 12:37:29,DEL-CCU,2026-08-11
167,SkyFareHub,Vistara,DEL,CCU,2026-08-25,2026-08-11 14:20:00,6990.71,2026-09-09 12:37:29,DEL-CCU,2026-08-11
168,TripEase,Vistara,DEL,CCU,2026-08-25,2026-08-11 08:17:00,7262.89,2026-09-09 12:37:29,DEL-CCU,2026-08-11
169,SkyFareHub,Akasa Air,DEL,CCU,2026-08-25,2026-08-11 20:36:00,5934.24,2026-09-09 12:37:29,DEL-CCU,2026-08-11
170,TripEase,Akasa Air,DEL,CCU,2026-08-25,2026-08-11 06:31:00,5854.76,2026-09-09 12:37:29,DEL-CCU,2026-08-11
171,SkyFareHub,IndiGo,DEL,CCU,2026-09-10,2026-08-11 12:22:00,5880.37,2026-09-09 12:37:29,DEL-CCU,2026-08-11
172,TripEase,IndiGo,DEL,CCU,2026-09-10,2026-08-11 14:35:00,5911.03,2026-09-09 12:37:29,DEL-CCU,2026-08-11
173,SkyFareHub,Air India,DEL,CCU,2026-09-10,2026-08-11 08:15:00,6216.79,2026-09-09 12:37:29,DEL-CCU,2026-08-11
174,TripEase,Air India,DEL,CCU,2026-09-10,2026-08-11 13:44:00,6400.74,2026-09-09 12:37:29,DEL-CCU,2026-08-11
175,SkyFareHub,SpiceJet,DEL,CCU,2026-09-10,2026-08-11 20:50:00,5596.38,2026-09-09 12:37:29,DEL-CCU,2026-08-11
176,TripEase,SpiceJet,DEL,CCU,2026-09-10,2026-08-11 18:44:00,5254.42,2026-09-09 12:37:29,DEL-CCU,2026-08-11
177,SkyFareHub,Vistara,DEL,CCU,2026-09-10,2026-08-11 17:30:00,6630.5,2026-09-09 12:37:29,DEL-CCU,2026-08-11
178,TripEase,Vistara,DEL,CCU,2026-09-10,2026-08-11 16:22:00,6668.04,2026-09-09 12:37:29,DEL-CCU,2026-08-11
179,SkyFareHub,Akasa Air,DEL,CCU,2026-09-10,2026-08-11 14:14:00,5667.2,2026-09-09 12:37:29,DEL-CCU,2026-08-11
180,TripEase,Akasa Air,DEL,CCU,2026-09-10,2026-08-11 09:47:00,5377.33,2026-09-09 12:37:29,DEL-CCU,2026-08-11
181,SkyFareHub,IndiGo,BLR,HYD,2026-08-18,2026-08-11 11:12:00,3816.49,2026-09-09 12:37:29,BLR-HYD,2026-08-11
182,TripEase,IndiGo,BLR,HYD,2026-08-18,2026-08-11 22:38:00,3658.24,2026-09-09 12:37:29,BLR-HYD,2026-08-11
183,SkyFareHub,Air India,BLR,HYD,2026-08-18,2026-08-11 12:18:00,3879.31,2026-09-09 12:37:29,BLR-HYD,2026-08-11
184,TripEase,Air India,BLR,HYD,2026-08-18,2026-08-11 06:45:00,3880.49,2026-09-09 12:37:29,BLR-HYD,2026-08-11
185,SkyFareHub,SpiceJet,BLR,HYD,2026-08-18,2026-08-11 07:35:00,3520.98,2026-09-09 12:37:29,BLR-HYD,2026-08-11
186,TripEase,SpiceJet,BLR,HYD,2026-08-18,2026-08-11 21:06:00,3595.11,2026-09-09 12:37:29,BLR-HYD,2026-08-11
187,SkyFareHub,Vistara,BLR,HYD,2026-08-18,2026-08-11 21:30:00,4456.45,2026-09-09 12:37:29,BLR-HYD,2026-08-11
188,TripEase,Vistara,BLR,HYD,2026-08-18,2026-08-11 07:16:00,4206.7,2026-09-09 12:37:29,BLR-HYD,2026-08-11
189,SkyFareHub,Akasa Air,BLR,HYD,2026-08-18,2026-08-11 08:25:00,3757.78,2026-09-09 12:37:29,BLR-HYD,2026-08-11
190,TripEase,Akasa Air,BLR,HYD,2026-08-18,2026-08-11 07:09:00,3648.79,2026-09-09 12:37:29,BLR-HYD,2026-08-11
191,SkyFareHub,IndiGo,BLR,HYD,2026-08-25,2026-08-11 15:05:00,3603.87,2026-09-09 12:37:29,BLR-HYD,2026-08-11
192,TripEase,IndiGo,BLR,HYD,2026-08-25,2026-08-11 19:38:00,3754.99,2026-09-09 12:37:29,BLR-HYD,2026-08-11
193,SkyFareHub,Air India,BLR,HYD,2026-08-25,2026-08-11 22:24:00,4048.11,2026-09-09 12:37:29,BLR-HYD,2026-08-11
194,TripEase,Air India,BLR,HYD,2026-08-25,2026-08-11 19:19:00,3959.59,2026-09-09 12:37:29,BLR-HYD,2026-08-11
195,SkyFareHub,SpiceJet,BLR,HYD,2026-08-25,2026-08-11 09:48:00,3435.6,2026-09-09 12:37:29,BLR-HYD,2026-08-11
196,TripEase,SpiceJet,BLR,HYD,2026-08-25,2026-08-11 08:10:00,3366.05,2026-09-09 12:37:29,BLR-HYD,2026-08-11
197,SkyFareHub,Vistara,BLR,HYD,2026-08-25,2026-08-11 11:00:00,4172.49,2026-09-09 12:37:29,BLR-HYD,2026-08-11
198,TripEase,Vistara,BLR,HYD,2026-08-25,2026-08-11 21:18:00,4264.82,2026-09-09 12:37:29,BLR-HYD,2026-08-11
199,SkyFareHub,Akasa Air,BLR,HYD,2026-08-25,2026-08-11 15:44:00,3403.29,2026-09-09 12:37:29,BLR-HYD,2026-08-11
200,TripEase,Akasa Air,BLR,HYD,2026-08-25,2026-08-11 13:59:00,3593.68,2026-09-09 12:37:29,BLR-HYD,2026-08-11
201,SkyFareHub,IndiGo,BLR,HYD,2026-09-10,2026-08-11 12:27:00,3567.14,2026-09-09 12:37:29,BLR-HYD,2026-08-11
202,TripEase,IndiGo,BLR,HYD,2026-09-10,2026-08-11 10:58:00,3402.94,2026-09-09 12:37:29,BLR-HYD,2026-08-11
203,SkyFareHub,Air India,BLR,HYD,2026-09-10,2026-08-11 07:10:00,3702.62,2026-09-09 12:37:29,BLR-HYD,2026-08-11
204,TripEase,Air India,BLR,HYD,2026-09-10,2026-08-11 15:28:00,3970.07,2026-09-09 12:37:29,BLR-HYD,2026-08-11
205,SkyFareHub,SpiceJet,BLR,HYD,2026-09-10,2026-08-11 18:17:00,3329.84,2026-09-09 12:37:29,BLR-HYD,2026-08-11
206,TripEase,SpiceJet,BLR,HYD,2026-09-10,2026-08-11 08:38:00,3392.26,2026-09-09 12:37:29,BLR-HYD,2026-08-11
207,SkyFareHub,Vistara,BLR,HYD,2026-09-10,2026-08-11 16:38:00,3939.83,2026-09-09 12:37:29,BLR-HYD,2026-08-11
208,TripEase,Vistara,BLR,HYD,2026-09-10,2026-08-11 06:48:00,3925.04,2026-09-09 12:37:29,BLR-HYD,2026-08-11
209,SkyFareHub,Akasa Air,BLR,HYD,2026-09-10,2026-08-11 07:48:00,3464.68,2026-09-09 12:37:29,BLR-HYD,2026-08-11
210,TripEase,Akasa Air,BLR,HYD,2026-09-10,2026-08-11 20:58:00,3529.74,2026-09-09 12:37:29,BLR-HYD,2026-08-11
211,SkyFareHub,IndiGo,DEL,BOM,2026-08-19,2026-08-12 19:40:00,5499.81,2026-09-09 12:37:29,DEL-BOM,2026-08-12
212,TripEase,IndiGo,DEL,BOM,2026-08-19,2026-08-12 21:22:00,5723.77,2026-09-09 12:37:29,DEL-BOM,2026-08-12
213,SkyFareHub,Air India,DEL,BOM,2026-08-19,2026-08-12 09:54:00,5762.91,2026-09-09 12:37:29,DEL-BOM,2026-08-12
214,TripEase,Air India,DEL,BOM,2026-08-19,2026-08-12 21:18:00,5678.6,2026-09-09 12:37:29,DEL-BOM,2026-08-12
215,SkyFareHub,SpiceJet,DEL,BOM,2026-08-19,2026-08-12 07:29:00,5198.82,2026-09-09 12:37:29,DEL-BOM,2026-08-12
216,TripEase,SpiceJet,DEL,BOM,2026-08-19,2026-08-12 09:49:00,4915.68,2026-09-09 12:37:29,DEL-BOM,2026-08-12
217,SkyFareHub,Vistara,DEL,BOM,2026-08-19,2026-08-12 06:42:00,6206.92,2026-09-09 12:37:29,DEL-BOM,2026-08-12
218,TripEase,Vistara,DEL,BOM,2026-08-19,2026-08-12 07:12:00,6419.76,2026-09-09 12:37:29,DEL-BOM,2026-08-12
219,SkyFareHub,Akasa Air,DEL,BOM,2026-08-19,2026-08-12 21:40:00,5317.75,2026-09-09 12:37:29,DEL-BOM,2026-08-12
220,TripEase,Akasa Air,DEL,BOM,2026-08-19,2026-08-12 14:35:00,5104.94,2026-09-09 12:37:29,DEL-BOM,2026-08-12
221,SkyFareHub,IndiGo,DEL,BOM,2026-08-26,2026-08-12 21:07:00,5130.79,2026-09-09 12:37:29,DEL-BOM,2026-08-12
222,TripEase,IndiGo,DEL,BOM,2026-08-26,2026-08-12 13:45:00,5196.94,2026-09-09 12:37:29,DEL-BOM,2026-08-12
223,SkyFareHub,Air India,DEL,BOM,2026-08-26,2026-08-12 19:05:00,5645.15,2026-09-09 12:37:29,DEL-BOM,2026-08-12
224,TripEase,Air India,DEL,BOM,2026-08-26,2026-08-12 09:29:00,5776.72,2026-09-09 12:37:29,DEL-BOM,2026-08-12
225,SkyFareHub,SpiceJet,DEL,BOM,2026-08-26,2026-08-12 10:31:00,5316.33,2026-09-09 12:37:29,DEL-BOM,2026-08-12
226,TripEase,SpiceJet,DEL,BOM,2026-08-26,2026-08-12 14:26:00,5201.8,2026-09-09 12:37:29,DEL-BOM,2026-08-12
227,SkyFareHub,Vistara,DEL,BOM,2026-08-26,2026-08-12 13:29:00,6503.1,2026-09-09 12:37:29,DEL-BOM,2026-08-12
228,TripEase,Vistara,DEL,BOM,2026-08-26,2026-08-12 22:47:00,6142.85,2026-09-09 12:37:29,DEL-BOM,2026-08-12
229,SkyFareHub,Akasa Air,DEL,BOM,2026-08-26,2026-08-12 14:49:00,5467.53,2026-09-09 12:37:29,DEL-BOM,2026-08-12
230,TripEase,Akasa Air,DEL,BOM,2026-08-26,2026-08-12 22:17:00,5290.39,2026-09-09 12:37:29,DEL-BOM,2026-08-12
231,SkyFareHub,IndiGo,DEL,BOM,2026-09-11,2026-08-12 15:53:00,5246.05,2026-09-09 12:37:29,DEL-BOM,2026-08-12
232,TripEase,IndiGo,DEL,BOM,2026-09-11,2026-08-12 21:55:00,5371.81,2026-09-09 12:37:29,DEL-BOM,2026-08-12
233,SkyFareHub,Air India,DEL,BOM,2026-09-11,2026-08-12 17:21:00,5450.81,2026-09-09 12:37:29,DEL-BOM,2026-08-12
234,TripEase,Air India,DEL,BOM,2026-09-11,2026-08-12 20:59:00,5632.97,2026-09-09 12:37:29,DEL-BOM,2026-08-12
235,SkyFareHub,SpiceJet,DEL,BOM,2026-09-11,2026-08-12 13:36:00,4759.55,2026-09-09 12:37:29,DEL-BOM,2026-08-12
236,TripEase,SpiceJet,DEL,BOM,2026-09-11,2026-08-12 19:02:00,4980.71,2026-09-09 12:37:29,DEL-BOM,2026-08-12
237,SkyFareHub,Vistara,DEL,BOM,2026-09-11,2026-08-12 18:24:00,5861.48,2026-09-09 12:37:29,DEL-BOM,2026-08-12
238,TripEase,Vistara,DEL,BOM,2026-09-11,2026-08-12 10:31:00,6295.11,2026-09-09 12:37:29,DEL-BOM,2026-08-12
239,SkyFareHub,Akasa Air,DEL,BOM,2026-09-11,2026-08-12 16:55:00,5099.45,2026-09-09 12:37:29,DEL-BOM,2026-08-12
240,TripEase,Akasa Air,DEL,BOM,2026-09-11,2026-08-12 09:33:00,4968.65,2026-09-09 12:37:29,DEL-BOM,2026-08-12
241,SkyFareHub,IndiGo,DEL,BLR,2026-08-19,2026-08-12 10:26:00,5950.51,2026-09-09 12:37:29,DEL-BLR,2026-08-12
242,TripEase,IndiGo,DEL,BLR,2026-08-19,2026-08-12 08:30:00,6271.32,2026-09-09 12:37:29,DEL-BLR,2026-08-12
243,SkyFareHub,Air India,DEL,BLR,2026-08-19,2026-08-12 18:41:00,6456.43,2026-09-09 12:37:29,DEL-BLR,2026-08-12
244,TripEase,Air India,DEL,BLR,2026-08-19,2026-08-12 18:20:00,6121.68,2026-09-09 12:37:29,DEL-BLR,2026-08-12
245,SkyFareHub,SpiceJet,DEL,BLR,2026-08-19,2026-08-12 21:55:00,5819.88,2026-09-09 12:37:29,DEL-BLR,2026-08-12
246,TripEase,SpiceJet,DEL,BLR,2026-08-19,2026-08-12 13:40:00,5690.0,2026-09-09 12:37:29,DEL-BLR,2026-08-12
247,SkyFareHub,Vistara,DEL,BLR,2026-08-19,2026-08-12 13:47:00,6831.07,2026-09-09 12:37:29,DEL-BLR,2026-08-12
248,TripEase,Vistara,DEL,BLR,2026-08-19,2026-08-12 09:28:00,6789.73,2026-09-09 12:37:29,DEL-BLR,2026-08-12
249,SkyFareHub,Akasa Air,DEL,BLR,2026-08-19,2026-08-12 06:02:00,5527.72,2026-09-09 12:37:29,DEL-BLR,2026-08-12
250,TripEase,Akasa Air,DEL,BLR,2026-08-19,2026-08-12 17:23:00,5516.45,2026-09-09 12:37:29,DEL-BLR,2026-08-12
251,SkyFareHub,IndiGo,DEL,BLR,2026-08-26,2026-08-12 19:36:00,5721.96,2026-09-09 12:37:29,DEL-BLR,2026-08-12
252,TripEase,IndiGo,DEL,BLR,2026-08-26,2026-08-12 11:05:00,5816.88,2026-09-09 12:37:29,DEL-BLR,2026-08-12
253,SkyFareHub,Air India,DEL,BLR,2026-08-26,2026-08-12 13:31:00,6322.4,2026-09-09 12:37:29,DEL-BLR,2026-08-12
254,TripEase,Air India,DEL,BLR,2026-08-26,2026-08-12 20:40:00,6384.89,2026-09-09 12:37:29,DEL-BLR,2026-08-12
255,SkyFareHub,SpiceJet,DEL,BLR,2026-08-26,2026-08-12 06:57:00,5361.09,2026-09-09 12:37:29,DEL-BLR,2026-08-12
256,TripEase,SpiceJet,DEL,BLR,2026-08-26,2026-08-12 11:04:00,5820.81,2026-09-09 12:37:29,DEL-BLR,2026-08-12
257,SkyFareHub,Vistara,DEL,BLR,2026-08-26,2026-08-12 15:40:00,6627.07,2026-09-09 12:37:29,DEL-BLR,2026-08-12
258,TripEase,Vistara,DEL,BLR,2026-08-26,2026-08-12 20:54:00,7045.83,2026-09-09 12:37:29,DEL-BLR,2026-08-12
259,SkyFareHub,Akasa Air,DEL,BLR,2026-08-26,2026-08-12 21:06:00,5748.86,2026-09-09 12:37:29,DEL-BLR,2026-08-12
260,TripEase,Akasa Air,DEL,BLR,2026-08-26,2026-08-12 15:44:00,5574.03,2026-09-09 12:37:29,DEL-BLR,2026-08-12
261,SkyFareHub,IndiGo,DEL,BLR,2026-09-11,2026-08-12 18:17:00,5721.16,2026-09-09 12:37:29,DEL-BLR,2026-08-12
262,TripEase,IndiGo,DEL,BLR,2026-09-11,2026-08-12 07:58:00,5553.06,2026-09-09 12:37:29,DEL-BLR,2026-08-12
263,SkyFareHub,Air India,DEL,BLR,2026-09-11,2026-08-12 15:49:00,6154.56,2026-09-09 12:37:29,DEL-BLR,2026-08-12
264,TripEase,Air India,DEL,BLR,2026-09-11,2026-08-12 17:14:00,6288.95,2026-09-09 12:37:29,DEL-BLR,2026-08-12
265,SkyFareHub,SpiceJet,DEL,BLR,2026-09-11,2026-08-12 10:40:00,5466.71,2026-09-09 12:37:29,DEL-BLR,2026-08-12
266,TripEase,SpiceJet,DEL,BLR,2026-09-11,2026-08-12 07:19:00,5237.12,2026-09-09 12:37:29,DEL-BLR,2026-08-12
267,SkyFareHub,Vistara,DEL,BLR,2026-09-11,2026-08-12 17:46:00,6467.51,2026-09-09 12:37:29,DEL-BLR,2026-08-12
268,TripEase,Vistara,DEL,BLR,2026-09-11,2026-08-12 16:47:00,6467.51,2026-09-09 12:37:29,DEL-BLR,2026-08-12
269,SkyFareHub,Akasa Air,DEL,BLR,2026-09-11,2026-08-12 17:33:00,5346.64,2026-09-09 12:37:29,DEL-BLR,2026-08-12
270,TripEase,Akasa Air,DEL,BLR,2026-09-11,2026-08-12 11:16:00,5408.08,2026-09-09 12:37:29,DEL-BLR,2026-08-12
271,SkyFareHub,IndiGo,BOM,BLR,2026-08-19,2026-08-12 15:47:00,4711.95,2026-09-09 12:37:29,BOM-BLR,2026-08-12
272,TripEase,IndiGo,BOM,BLR,2026-08-19,2026-08-12 20:04:00,4659.09,2026-09-09 12:37:29,BOM-BLR,2026-08-12
273,SkyFareHub,Air India,BOM,BLR,2026-08-19,2026-08-12 18:54:00,4798.28,2026-09-09 12:37:29,BOM-BLR,2026-08-12
274,TripEase,Air India,BOM,BLR,2026-08-19,2026-08-12 18:00:00,4880.21,2026-09-09 12:37:29,BOM-BLR,2026-08-12
275,SkyFareHub,SpiceJet,BOM,BLR,2026-08-19,2026-08-12 17:43:00,4048.88,2026-09-09 12:37:29,BOM-BLR,2026-08-12
276,TripEase,SpiceJet,BOM,BLR,2026-08-19,2026-08-12 18:52:00,4247.74,2026-09-09 12:37:29,BOM-BLR,2026-08-12
277,SkyFareHub,Vistara,BOM,BLR,2026-08-19,2026-08-12 13:30:00,5130.35,2026-09-09 12:37:29,BOM-BLR,2026-08-12
278,TripEase,Vistara,BOM,BLR,2026-08-19,2026-08-12 16:58:00,5036.7,2026-09-09 12:37:29,BOM-BLR,2026-08-12
279,SkyFareHub,Akasa Air,BOM,BLR,2026-08-19,2026-08-12 20:58:00,4388.98,2026-09-09 12:37:29,BOM-BLR,2026-08-12
280,TripEase,Akasa Air,BOM,BLR,2026-08-19,2026-08-12 09:08:00,4420.79,2026-09-09 12:37:29,BOM-BLR,2026-08-12
281,SkyFareHub,IndiGo,BOM,BLR,2026-08-26,2026-08-12 21:07:00,4101.92,2026-09-09 12:37:29,BOM-BLR,2026-08-12
282,TripEase,IndiGo,BOM,BLR,2026-08-26,2026-08-12 10:24:00,4343.65,2026-09-09 12:37:29,BOM-BLR,2026-08-12
283,SkyFareHub,Air India,BOM,BLR,2026-08-26,2026-08-12 19:37:00,4764.56,2026-09-09 12:37:29,BOM-BLR,2026-08-12
284,TripEase,Air India,BOM,BLR,2026-08-26,2026-08-12 19:41:00,4727.32,2026-09-09 12:37:29,BOM-BLR,2026-08-12
285,SkyFareHub,SpiceJet,BOM,BLR,2026-08-26,2026-08-12 19:17:00,4027.67,2026-09-09 12:37:29,BOM-BLR,2026-08-12
286,TripEase,SpiceJet,BOM,BLR,2026-08-26,2026-08-12 20:28:00,3975.89,2026-09-09 12:37:29,BOM-BLR,2026-08-12
287,SkyFareHub,Vistara,BOM,BLR,2026-08-26,2026-08-12 09:43:00,5329.69,2026-09-09 12:37:29,BOM-BLR,2026-08-12
288,TripEase,Vistara,BOM,BLR,2026-08-26,2026-08-12 17:03:00,5108.5,2026-09-09 12:37:29,BOM-BLR,2026-08-12
289,SkyFareHub,Akasa Air,BOM,BLR,2026-08-26,2026-08-12 09:54:00,4137.79,2026-09-09 12:37:29,BOM-BLR,2026-08-12
290,TripEase,Akasa Air,BOM,BLR,2026-08-26,2026-08-12 12:41:00,4257.66,2026-09-09 12:37:29,BOM-BLR,2026-08-12
291,SkyFareHub,IndiGo,BOM,BLR,2026-09-11,2026-08-12 07:50:00,4405.86,2026-09-09 12:37:29,BOM-BLR,2026-08-12
292,TripEase,IndiGo,BOM,BLR,2026-09-11,2026-08-12 12:04:00,4306.61,2026-09-09 12:37:29,BOM-BLR,2026-08-12
293,SkyFareHub,Air India,BOM,BLR,2026-09-11,2026-08-12 12:52:00,4713.53,2026-09-09 12:37:29,BOM-BLR,2026-08-12
294,TripEase,Air India,BOM,BLR,2026-09-11,2026-08-12 10:50:00,4666.15,2026-09-09 12:37:29,BOM-BLR,2026-08-12
295,SkyFareHub,SpiceJet,BOM,BLR,2026-09-11,2026-08-12 10:08:00,4035.72,2026-09-09 12:37:29,BOM-BLR,2026-08-12
296,TripEase,SpiceJet,BOM,BLR,2026-09-11,2026-08-12 09:42:00,4111.89,2026-09-09 12:37:29,BOM-BLR,2026-08-12
297,SkyFareHub,Vistara,BOM,BLR,2026-09-11,2026-08-12 17:50:00,4909.78,2026-09-09 12:37:29,BOM-BLR,2026-08-12
298,TripEase,Vistara,BOM,BLR,2026-09-11,2026-08-12 06:11:00,5013.03,2026-09-09 12:37:29,BOM-BLR,2026-08-12
299,SkyFareHub,Akasa Air,BOM,BLR,2026-09-11,2026-08-12 19:33:00,3942.34,2026-09-09 12:37:29,BOM-BLR,2026-08-12
300,TripEase,Akasa Air,BOM,BLR,2026-09-11,2026-08-12 20:49:00,3876.84,2026-09-09 12:37:29,BOM-BLR,2026-08-12
301,SkyFareHub,IndiGo,DEL,MAA,2026-08-19,2026-08-12 20:32:00,6387.47,2026-09-09 12:37:29,DEL-MAA,2026-08-12
302,TripEase,IndiGo,DEL,MAA,2026-08-19,2026-08-12 22:19:00,6323.55,2026-09-09 12:37:29,DEL-MAA,2026-08-12
303,SkyFareHub,Air India,DEL,MAA,2026-08-19,2026-08-12 07:30:00,7105.87,2026-09-09 12:37:29,DEL-MAA,2026-08-12
304,TripEase,Air India,DEL,MAA,2026-08-19,2026-08-12 09:31:00,7098.07,2026-09-09 12:37:29,DEL-MAA,2026-08-12
305,SkyFareHub,SpiceJet,DEL,MAA,2026-08-19,2026-08-12 08:20:00,6184.16,2026-09-09 12:37:29,DEL-MAA,2026-08-12
306,TripEase,SpiceJet,DEL,MAA,2026-08-19,2026-08-12 14:39:00,5995.02,2026-09-09 12:37:29,DEL-MAA,2026-08-12
307,SkyFareHub,Vistara,DEL,MAA,2026-08-19,2026-08-12 16:24:00,7485.66,2026-09-09 12:37:29,DEL-MAA,2026-08-12
308,TripEase,Vistara,DEL,MAA,2026-08-19,2026-08-12 20:32:00,7691.39,2026-09-09 12:37:29,DEL-MAA,2026-08-12
309,SkyFareHub,Akasa Air,DEL,MAA,2026-08-19,2026-08-12 09:54:00,6132.32,2026-09-09 12:37:29,DEL-MAA,2026-08-12
310,TripEase,Akasa Air,DEL,MAA,2026-08-19,2026-08-12 12:27:00,6447.87,2026-09-09 12:37:29,DEL-MAA,2026-08-12
311,SkyFareHub,IndiGo,DEL,MAA,2026-08-26,2026-08-12 16:52:00,6203.4,2026-09-09 12:37:29,DEL-MAA,2026-08-12
312,TripEase,IndiGo,DEL,MAA,2026-08-26,2026-08-12 09:20:00,6275.61,2026-09-09 12:37:29,DEL-MAA,2026-08-12
313,SkyFareHub,Air India,DEL,MAA,2026-08-26,2026-08-12 17:09:00,6865.23,2026-09-09 12:37:29,DEL-MAA,2026-08-12
314,TripEase,Air India,DEL,MAA,2026-08-26,2026-08-12 08:53:00,6929.19,2026-09-09 12:37:29,DEL-MAA,2026-08-12
315,SkyFareHub,SpiceJet,DEL,MAA,2026-08-26,2026-08-12 17:51:00,5790.43,2026-09-09 12:37:29,DEL-MAA,2026-08-12
316,TripEase,SpiceJet,DEL,MAA,2026-08-26,2026-08-12 16:42:00,5677.75,2026-09-09 12:37:29,DEL-MAA,2026-08-12
317,SkyFareHub,Vistara,DEL,MAA,2026-08-26,2026-08-12 19:55:00,6996.74,2026-09-09 12:37:29,DEL-MAA,2026-08-12
318,TripEase,Vistara,DEL,MAA,2026-08-26,2026-08-12 15:38:00,7327.0,2026-09-09 12:37:29,DEL-MAA,2026-08-12
319,SkyFareHub,Akasa Air,DEL,MAA,2026-08-26,2026-08-12 22:13:00,5902.94,2026-09-09 12:37:29,DEL-MAA,2026-08-12
320,TripEase,Akasa Air,DEL,MAA,2026-08-26,2026-08-12 09:22:00,5964.95,2026-09-09 12:37:29,DEL-MAA,2026-08-12
321,SkyFareHub,IndiGo,DEL,MAA,2026-09-11,2026-08-12 14:36:00,6243.16,2026-09-09 12:37:29,DEL-MAA,2026-08-12
322,TripEase,IndiGo,DEL,MAA,2026-09-11,2026-08-12 06:38:00,5962.47,2026-09-09 12:37:29,DEL-MAA,2026-08-12
323,SkyFareHub,Air India,DEL,MAA,2026-09-11,2026-08-12 14:01:00,6970.15,2026-09-09 12:37:29,DEL-MAA,2026-08-12
324,TripEase,Air India,DEL,MAA,2026-09-11,2026-08-12 15:58:00,6523.81,2026-09-09 12:37:29,DEL-MAA,2026-08-12
325,SkyFareHub,SpiceJet,DEL,MAA,2026-09-11,2026-08-12 10:36:00,5569.61,2026-09-09 12:37:29,DEL-MAA,2026-08-12
326,TripEase,SpiceJet,DEL,MAA,2026-09-11,2026-08-12 06:05:00,5739.51,2026-09-09 12:37:29,DEL-MAA,2026-08-12
327,SkyFareHub,Vistara,DEL,MAA,2026-09-11,2026-08-12 19:29:00,7059.32,2026-09-09 12:37:29,DEL-MAA,2026-08-12
328,TripEase,Vistara,DEL,MAA,2026-09-11,2026-08-12 16:49:00,6896.52,2026-09-09 12:37:29,DEL-MAA,2026-08-12
329,SkyFareHub,Akasa Air,DEL,MAA,2026-09-11,2026-08-12 07:09:00,6182.97,2026-09-09 12:37:29,DEL-MAA,2026-08-12
330,TripEase,Akasa Air,DEL,MAA,2026-09-11,2026-08-12 08:17:00,5818.18,2026-09-09 12:37:29,DEL-MAA,2026-08-12
331,SkyFareHub,IndiGo,BOM,MAA,2026-08-19,2026-08-12 20:26:00,5678.43,2026-09-09 12:37:29,BOM-MAA,2026-08-12
332,TripEase,IndiGo,BOM,MAA,2026-08-19,2026-08-12 09:22:00,5714.3,2026-09-09 12:37:29,BOM-MAA,2026-08-12
333,SkyFareHub,Air India,BOM,MAA,2026-08-19,2026-08-12 21:33:00,6073.89,2026-09-09 12:37:29,BOM-MAA,2026-08-12
334,TripEase,Air India,BOM,MAA,2026-08-19,2026-08-12 18:38:00,6103.03,2026-09-09 12:37:29,BOM-MAA,2026-08-12
335,SkyFareHub,SpiceJet,BOM,MAA,2026-08-19,2026-08-12 12:49:00,5153.65,2026-09-09 12:37:29,BOM-MAA,2026-08-12
336,TripEase,SpiceJet,BOM,MAA,2026-08-19,2026-08-12 16:07:00,5206.25,2026-09-09 12:37:29,BOM-MAA,2026-08-12
337,SkyFareHub,Vistara,BOM,MAA,2026-08-19,2026-08-12 11:08:00,6428.37,2026-09-09 12:37:29,BOM-MAA,2026-08-12
338,TripEase,Vistara,BOM,MAA,2026-08-19,2026-08-12 22:35:00,6607.6,2026-09-09 12:37:29,BOM-MAA,2026-08-12
339,SkyFareHub,Akasa Air,BOM,MAA,2026-08-19,2026-08-12 08:25:00,5809.08,2026-09-09 12:37:29,BOM-MAA,2026-08-12
340,TripEase,Akasa Air,BOM,MAA,2026-08-19,2026-08-12 06:29:00,5566.94,2026-09-09 12:37:29,BOM-MAA,2026-08-12
341,SkyFareHub,IndiGo,BOM,MAA,2026-08-26,2026-08-12 19:36:00,5962.34,2026-09-09 12:37:29,BOM-MAA,2026-08-12
342,TripEase,IndiGo,BOM,MAA,2026-08-26,2026-08-12 15:07:00,5653.57,2026-09-09 12:37:29,BOM-MAA,2026-08-12
343,SkyFareHub,Air India,BOM,MAA,2026-08-26,2026-08-12 11:51:00,6225.51,2026-09-09 12:37:29,BOM-MAA,2026-08-12
344,TripEase,Air India,BOM,MAA,2026-08-26,2026-08-12 17:05:00,6305.08,2026-09-09 12:37:29,BOM-MAA,2026-08-12
345,SkyFareHub,SpiceJet,BOM,MAA,2026-08-26,2026-08-12 19:37:00,5212.71,2026-09-09 12:37:29,BOM-MAA,2026-08-12
346,TripEase,SpiceJet,BOM,MAA,2026-08-26,2026-08-12 15:47:00,5188.38,2026-09-09 12:37:29,BOM-MAA,2026-08-12
347,SkyFareHub,Vistara,BOM,MAA,2026-08-26,2026-08-12 11:04:00,6348.17,2026-09-09 12:37:29,BOM-MAA,2026-08-12
348,TripEase,Vistara,BOM,MAA,2026-08-26,2026-08-12 22:12:00,6351.65,2026-09-09 12:37:29,BOM-MAA,2026-08-12
349,SkyFareHub,Akasa Air,BOM,MAA,2026-08-26,2026-08-12 10:15:00,5608.21,2026-09-09 12:37:29,BOM-MAA,2026-08-12
350,TripEase,Akasa Air,BOM,MAA,2026-08-26,2026-08-12 11:38:00,5225.43,2026-09-09 12:37:29,BOM-MAA,2026-08-12
351,SkyFareHub,IndiGo,BOM,MAA,2026-09-11,2026-08-12 08:11:00,5396.51,2026-09-09 12:37:29,BOM-MAA,2026-08-12
352,TripEase,IndiGo,BOM,MAA,2026-09-11,2026-08-12 20:48:00,5702.46,2026-09-09 12:37:29,BOM-MAA,2026-08-12
353,SkyFareHub,Air India,BOM,MAA,2026-09-11,2026-08-12 16:55:00,5958.56,2026-09-09 12:37:29,BOM-MAA,2026-08-12
354,TripEase,Air India,BOM,MAA,2026-09-11,2026-08-12 20:04:00,6057.56,2026-09-09 12:37:29,BOM-MAA,2026-08-12
355,SkyFareHub,SpiceJet,BOM,MAA,2026-09-11,2026-08-12 14:37:00,5218.13,2026-09-09 12:37:29,BOM-MAA,2026-08-12
356,TripEase,SpiceJet,BOM,MAA,2026-09-11,2026-08-12 15:29:00,5008.12,2026-09-09 12:37:29,BOM-MAA,2026-08-12
357,SkyFareHub,Vistara,BOM,MAA,2026-09-11,2026-08-12 15:04:00,6091.57,2026-09-09 12:37:29,BOM-MAA,2026-08-12
358,TripEase,Vistara,BOM,MAA,2026-09-11,2026-08-12 08:39:00,6535.44,2026-09-09 12:37:29,BOM-MAA,2026-08-12
359,SkyFareHub,Akasa Air,BOM,MAA,2026-09-11,2026-08-12 07:28:00,5302.54,2026-09-09 12:37:29,BOM-MAA,2026-08-12
360,TripEase,Akasa Air,BOM,MAA,2026-09-11,2026-08-12 12:20:00,5495.58,2026-09-09 12:37:29,BOM-MAA,2026-08-12
361,SkyFareHub,IndiGo,DEL,CCU,2026-08-19,2026-08-12 07:28:00,6177.81,2026-09-09 12:37:29,DEL-CCU,2026-08-12
362,TripEase,IndiGo,DEL,CCU,2026-08-19,2026-08-12 16:45:00,6078.24,2026-09-09 12:37:29,DEL-CCU,2026-08-12
363,SkyFareHub,Air India,DEL,CCU,2026-08-19,2026-08-12 07:15:00,6453.92,2026-09-09 12:37:29,DEL-CCU,2026-08-12
364,TripEase,Air India,DEL,CCU,2026-08-19,2026-08-12 22:33:00,6920.7,2026-09-09 12:37:29,DEL-CCU,2026-08-12
365,SkyFareHub,SpiceJet,DEL,CCU,2026-08-19,2026-08-12 15:24:00,5823.15,2026-09-09 12:37:29,DEL-CCU,2026-08-12
366,TripEase,SpiceJet,DEL,CCU,2026-08-19,2026-08-12 07:50:00,5720.64,2026-09-09 12:37:29,DEL-CCU,2026-08-12
367,SkyFareHub,Vistara,DEL,CCU,2026-08-19,2026-08-12 16:06:00,7048.6,2026-09-09 12:37:29,DEL-CCU,2026-08-12
368,TripEase,Vistara,DEL,CCU,2026-08-19,2026-08-12 14:46:00,7029.44,2026-09-09 12:37:29,DEL-CCU,2026-08-12
369,SkyFareHub,Akasa Air,DEL,CCU,2026-08-19,2026-08-12 10:21:00,6274.77,2026-09-09 12:37:29,DEL-CCU,2026-08-12
370,TripEase,Akasa Air,DEL,CCU,2026-08-19,2026-08-12 17:19:00,5801.46,2026-09-09 12:37:29,DEL-CCU,2026-08-12
371,SkyFareHub,IndiGo,DEL,CCU,2026-08-26,2026-08-12 18:08:00,6336.73,2026-09-09 12:37:29,DEL-CCU,2026-08-12
372,TripEase,IndiGo,DEL,CCU,2026-08-26,2026-08-12 15:35:00,6243.49,2026-09-09 12:37:29,DEL-CCU,2026-08-12
373,SkyFareHub,Air India,DEL,CCU,2026-08-26,2026-08-12 10:42:00,6571.77,2026-09-09 12:37:29,DEL-CCU,2026-08-12
374,TripEase,Air India,DEL,CCU,2026-08-26,2026-08-12 22:05:00,6802.77,2026-09-09 12:37:29,DEL-CCU,2026-08-12
375,SkyFareHub,SpiceJet,DEL,CCU,2026-08-26,2026-08-12 17:01:00,5777.58,2026-09-09 12:37:29,DEL-CCU,2026-08-12
376,TripEase,SpiceJet,DEL,CCU,2026-08-26,2026-08-12 12:21:00,5563.81,2026-09-09 12:37:29,DEL-CCU,2026-08-12
377,SkyFareHub,Vistara,DEL,CCU,2026-08-26,2026-08-12 13:08:00,7187.69,2026-09-09 12:37:29,DEL-CCU,2026-08-12
378,TripEase,Vistara,DEL,CCU,2026-08-26,2026-08-12 09:32:00,6667.9,2026-09-09 12:37:29,DEL-CCU,2026-08-12
379,SkyFareHub,Akasa Air,DEL,CCU,2026-08-26,2026-08-12 22:02:00,6102.42,2026-09-09 12:37:29,DEL-CCU,2026-08-12
380,TripEase,Akasa Air,DEL,CCU,2026-08-26,2026-08-12 10:38:00,6065.87,2026-09-09 12:37:29,DEL-CCU,2026-08-12
381,SkyFareHub,IndiGo,DEL,CCU,2026-09-11,2026-08-12 11:46:00,5664.11,2026-09-09 12:37:29,DEL-CCU,2026-08-12
382,TripEase,IndiGo,DEL,CCU,2026-09-11,2026-08-12 13:28:00,5779.7,2026-09-09 12:37:29,DEL-CCU,2026-08-12
383,SkyFareHub,Air India,DEL,CCU,2026-09-11,2026-08-12 20:14:00,6458.58,2026-09-09 12:37:29,DEL-CCU,2026-08-12
384,TripEase,Air India,DEL,CCU,2026-09-11,2026-08-12 21:57:00,6252.32,2026-09-09 12:37:29,DEL-CCU,2026-08-12
385,SkyFareHub,SpiceJet,DEL,CCU,2026-09-11,2026-08-12 20:29:00,5652.8,2026-09-09 12:37:29,DEL-CCU,2026-08-12
386,TripEase,SpiceJet,DEL,CCU,2026-09-11,2026-08-12 22:33:00,5760.23,2026-09-09 12:37:29,DEL-CCU,2026-08-12
387,SkyFareHub,Vistara,DEL,CCU,2026-09-11,2026-08-12 12:51:00,6536.19,2026-09-09 12:37:29,DEL-CCU,2026-08-12
388,TripEase,Vistara,DEL,CCU,2026-09-11,2026-08-12 07:41:00,6922.61,2026-09-09 12:37:29,DEL-CCU,2026-08-12
389,SkyFareHub,Akasa Air,DEL,CCU,2026-09-11,2026-08-12 09:45:00,5612.29,2026-09-09 12:37:29,DEL-CCU,2026-08-12
390,TripEase,Akasa Air,DEL,CCU,2026-09-11,2026-08-12 15:05:00,5940.97,2026-09-09 12:37:29,DEL-CCU,2026-08-12
391,SkyFareHub,IndiGo,BLR,HYD,2026-08-19,2026-08-12 22:09:00,3782.4,2026-09-09 12:37:29,BLR-HYD,2026-08-12
392,TripEase,IndiGo,BLR,HYD,2026-08-19,2026-08-12 13:52:00,3762.01,2026-09-09 12:37:29,BLR-HYD,2026-08-12
393,SkyFareHub,Air India,BLR,HYD,2026-08-19,2026-08-12 06:26:00,4002.47,2026-09-09 12:37:29,BLR-HYD,2026-08-12
394,TripEase,Air India,BLR,HYD,2026-08-19,2026-08-12 13:24:00,3910.48,2026-09-09 12:37:29,BLR-HYD,2026-08-12
395,SkyFareHub,SpiceJet,BLR,HYD,2026-08-19,2026-08-12 06:20:00,3681.17,2026-09-09 12:37:29,BLR-HYD,2026-08-12
396,TripEase,SpiceJet,BLR,HYD,2026-08-19,2026-08-12 16:50:00,3762.35,2026-09-09 12:37:29,BLR-HYD,2026-08-12
397,SkyFareHub,Vistara,BLR,HYD,2026-08-19,2026-08-12 21:44:00,4075.86,2026-09-09 12:37:29,BLR-HYD,2026-08-12
398,TripEase,Vistara,BLR,HYD,2026-08-19,2026-08-12 21:28:00,4499.16,2026-09-09 12:37:29,BLR-HYD,2026-08-12
399,SkyFareHub,Akasa Air,BLR,HYD,2026-08-19,2026-08-12 06:16:00,3764.21,2026-09-09 12:37:29,BLR-HYD,2026-08-12
400,TripEase,Akasa Air,BLR,HYD,2026-08-19,2026-08-12 22:27:00,3482.49,2026-09-09 12:37:29,BLR-HYD,2026-08-12
401,SkyFareHub,IndiGo,BLR,HYD,2026-08-26,2026-08-12 15:07:00,3539.06,2026-09-09 12:37:29,BLR-HYD,2026-08-12
402,TripEase,IndiGo,BLR,HYD,2026-08-26,2026-08-12 20:04:00,3549.53,2026-09-09 12:37:29,BLR-HYD,2026-08-12
403,SkyFareHub,Air India,BLR,HYD,2026-08-26,2026-08-12 06:40:00,3970.07,2026-09-09 12:37:29,BLR-HYD,2026-08-12
404,TripEase,Air India,BLR,HYD,2026-08-26,2026-08-12 10:18:00,3940.36,2026-09-09 12:37:29,BLR-HYD,2026-08-12
405,SkyFareHub,SpiceJet,BLR,HYD,2026-08-26,2026-08-12 13:36:00,3520.5,2026-09-09 12:37:29,BLR-HYD,2026-08-12
406,TripEase,SpiceJet,BLR,HYD,2026-08-26,2026-08-12 08:33:00,3527.39,2026-09-09 12:37:29,BLR-HYD,2026-08-12
407,SkyFareHub,Vistara,BLR,HYD,2026-08-26,2026-08-12 22:34:00,4307.65,2026-09-09 12:37:29,BLR-HYD,2026-08-12
408,TripEase,Vistara,BLR,HYD,2026-08-26,2026-08-12 06:24:00,4383.64,2026-09-09 12:37:29,BLR-HYD,2026-08-12
409,SkyFareHub,Akasa Air,BLR,HYD,2026-08-26,2026-08-12 18:23:00,3599.1,2026-09-09 12:37:29,BLR-HYD,2026-08-12
410,TripEase,Akasa Air,BLR,HYD,2026-08-26,2026-08-12 08:22:00,3415.24,2026-09-09 12:37:29,BLR-HYD,2026-08-12
411,SkyFareHub,IndiGo,BLR,HYD,2026-09-11,2026-08-12 09:49:00,3539.0,2026-09-09 12:37:29,BLR-HYD,2026-08-12
412,TripEase,IndiGo,BLR,HYD,2026-09-11,2026-08-12 10:02:00,3657.97,2026-09-09 12:37:29,BLR-HYD,2026-08-12
413,SkyFareHub,Air India,BLR,HYD,2026-09-11,2026-08-12 11:53:00,3782.62,2026-09-09 12:37:29,BLR-HYD,2026-08-12
414,TripEase,Air India,BLR,HYD,2026-09-11,2026-08-12 21:40:00,3943.86,2026-09-09 12:37:29,BLR-HYD,2026-08-12
415,SkyFareHub,SpiceJet,BLR,HYD,2026-09-11,2026-08-12 20:02:00,3239.49,2026-09-09 12:37:29,BLR-HYD,2026-08-12
416,TripEase,SpiceJet,BLR,HYD,2026-09-11,2026-08-12 12:56:00,3251.16,2026-09-09 12:37:29,BLR-HYD,2026-08-12
417,SkyFareHub,Vistara,BLR,HYD,2026-09-11,2026-08-12 22:25:00,4072.48,2026-09-09 12:37:29,BLR-HYD,2026-08-12
418,TripEase,Vistara,BLR,HYD,2026-09-11,2026-08-12 14:02:00,4288.0,2026-09-09 12:37:29,BLR-HYD,2026-08-12
419,SkyFareHub,Akasa Air,BLR,HYD,2026-09-11,2026-08-12 17:55:00,3478.01,2026-09-09 12:37:29,BLR-HYD,2026-08-12
420,TripEase,Akasa Air,BLR,HYD,2026-09-11,2026-08-12 16:17:00,3626.22,2026-09-09 12:37:29,BLR-HYD,2026-08-12
421,SkyFareHub,IndiGo,DEL,BOM,2026-08-20,2026-08-13 18:47:00,5238.73,2026-09-09 12:37:29,DEL-BOM,2026-08-13
422,TripEase,IndiGo,DEL,BOM,2026-08-20,2026-08-13 16:11:00,5568.33,2026-09-09 12:37:29,DEL-BOM,2026-08-13
423,SkyFareHub,Air India,DEL,BOM,2026-08-20,2026-08-13 22:17:00,5878.41,2026-09-09 12:37:29,DEL-BOM,2026-08-13
424,TripEase,Air India,DEL,BOM,2026-08-20,2026-08-13 08:27:00,6102.89,2026-09-09 12:37:29,DEL-BOM,2026-08-13
425,SkyFareHub,SpiceJet,DEL,BOM,2026-08-20,2026-08-13 15:20:00,5315.62,2026-09-09 12:37:29,DEL-BOM,2026-08-13
426,TripEase,SpiceJet,DEL,BOM,2026-08-20,2026-08-13 15:19:00,4955.29,2026-09-09 12:37:29,DEL-BOM,2026-08-13
427,SkyFareHub,Vistara,DEL,BOM,2026-08-20,2026-08-13 11:44:00,6316.94,2026-09-09 12:37:29,DEL-BOM,2026-08-13
428,TripEase,Vistara,DEL,BOM,2026-08-20,2026-08-13 17:39:00,6214.29,2026-09-09 12:37:29,DEL-BOM,2026-08-13
429,SkyFareHub,Akasa Air,DEL,BOM,2026-08-20,2026-08-13 07:04:00,5421.13,2026-09-09 12:37:29,DEL-BOM,2026-08-13
430,TripEase,Akasa Air,DEL,BOM,2026-08-20,2026-08-13 22:51:00,5324.69,2026-09-09 12:37:29,DEL-BOM,2026-08-13
431,SkyFareHub,IndiGo,DEL,BOM,2026-08-27,2026-08-13 06:09:00,5365.93,2026-09-09 12:37:29,DEL-BOM,2026-08-13
432,TripEase,IndiGo,DEL,BOM,2026-08-27,2026-08-13 20:02:00,5575.22,2026-09-09 12:37:29,DEL-BOM,2026-08-13
433,SkyFareHub,Air India,DEL,BOM,2026-08-27,2026-08-13 17:23:00,5532.38,2026-09-09 12:37:29,DEL-BOM,2026-08-13
434,TripEase,Air India,DEL,BOM,2026-08-27,2026-08-13 10:43:00,5766.63,2026-09-09 12:37:29,DEL-BOM,2026-08-13
435,SkyFareHub,SpiceJet,DEL,BOM,2026-08-27,2026-08-13 20:48:00,5039.8,2026-09-09 12:37:29,DEL-BOM,2026-08-13
436,TripEase,SpiceJet,DEL,BOM,2026-08-27,2026-08-13 17:25:00,4816.24,2026-09-09 12:37:29,DEL-BOM,2026-08-13
437,SkyFareHub,Vistara,DEL,BOM,2026-08-27,2026-08-13 09:01:00,5999.7,2026-09-09 12:37:29,DEL-BOM,2026-08-13
438,TripEase,Vistara,DEL,BOM,2026-08-27,2026-08-13 18:58:00,6289.38,2026-09-09 12:37:29,DEL-BOM,2026-08-13
439,SkyFareHub,Akasa Air,DEL,BOM,2026-08-27,2026-08-13 14:45:00,5158.34,2026-09-09 12:37:29,DEL-BOM,2026-08-13
440,TripEase,Akasa Air,DEL,BOM,2026-08-27,2026-08-13 15:44:00,5339.77,2026-09-09 12:37:29,DEL-BOM,2026-08-13
441,SkyFareHub,IndiGo,DEL,BOM,2026-09-12,2026-08-13 09:08:00,5361.62,2026-09-09 12:37:29,DEL-BOM,2026-08-13
442,TripEase,IndiGo,DEL,BOM,2026-09-12,2026-08-13 20:05:00,5322.99,2026-09-09 12:37:29,DEL-BOM,2026-08-13
443,SkyFareHub,Air India,DEL,BOM,2026-09-12,2026-08-13 16:42:00,5903.27,2026-09-09 12:37:29,DEL-BOM,2026-08-13
444,TripEase,Air India,DEL,BOM,2026-09-12,2026-08-13 15:57:00,5391.91,2026-09-09 12:37:29,DEL-BOM,2026-08-13
445,SkyFareHub,SpiceJet,DEL,BOM,2026-09-12,2026-08-13 11:50:00,4751.55,2026-09-09 12:37:29,DEL-BOM,2026-08-13
446,TripEase,SpiceJet,DEL,BOM,2026-09-12,2026-08-13 12:50:00,4795.58,2026-09-09 12:37:29,DEL-BOM,2026-08-13
447,SkyFareHub,Vistara,DEL,BOM,2026-09-12,2026-08-13 06:23:00,5901.64,2026-09-09 12:37:29,DEL-BOM,2026-08-13
448,TripEase,Vistara,DEL,BOM,2026-09-12,2026-08-13 10:39:00,5948.95,2026-09-09 12:37:29,DEL-BOM,2026-08-13
449,SkyFareHub,Akasa Air,DEL,BOM,2026-09-12,2026-08-13 18:45:00,5059.24,2026-09-09 12:37:29,DEL-BOM,2026-08-13
450,TripEase,Akasa Air,DEL,BOM,2026-09-12,2026-08-13 19:52:00,5131.59,2026-09-09 12:37:29,DEL-BOM,2026-08-13
451,SkyFareHub,IndiGo,DEL,BLR,2026-08-20,2026-08-13 16:41:00,5842.53,2026-09-09 12:37:29,DEL-BLR,2026-08-13
452,TripEase,IndiGo,DEL,BLR,2026-08-20,2026-08-13 22:22:00,5725.93,2026-09-09 12:37:29,DEL-BLR,2026-08-13
453,SkyFareHub,Air India,DEL,BLR,2026-08-20,2026-08-13 11:49:00,6351.63,2026-09-09 12:37:29,DEL-BLR,2026-08-13
454,TripEase,Air India,DEL,BLR,2026-08-20,2026-08-13 07:53:00,6629.09,2026-09-09 12:37:29,DEL-BLR,2026-08-13
455,SkyFareHub,SpiceJet,DEL,BLR,2026-08-20,2026-08-13 11:10:00,5356.28,2026-09-09 12:37:29,DEL-BLR,2026-08-13
456,TripEase,SpiceJet,DEL,BLR,2026-08-20,2026-08-13 17:33:00,5634.27,2026-09-09 12:37:29,DEL-BLR,2026-08-13
457,SkyFareHub,Vistara,DEL,BLR,2026-08-20,2026-08-13 14:12:00,7189.18,2026-09-09 12:37:29,DEL-BLR,2026-08-13
458,TripEase,Vistara,DEL,BLR,2026-08-20,2026-08-13 10:40:00,6926.2,2026-09-09 12:37:29,DEL-BLR,2026-08-13
459,SkyFareHub,Akasa Air,DEL,BLR,2026-08-20,2026-08-13 22:41:00,5682.95,2026-09-09 12:37:29,DEL-BLR,2026-08-13
460,TripEase,Akasa Air,DEL,BLR,2026-08-20,2026-08-13 10:10:00,5762.19,2026-09-09 12:37:29,DEL-BLR,2026-08-13
461,SkyFareHub,IndiGo,DEL,BLR,2026-08-27,2026-08-13 16:53:00,6008.02,2026-09-09 12:37:29,DEL-BLR,2026-08-13
462,TripEase,IndiGo,DEL,BLR,2026-08-27,2026-08-13 06:05:00,5893.53,2026-09-09 12:37:29,DEL-BLR,2026-08-13
463,SkyFareHub,Air India,DEL,BLR,2026-08-27,2026-08-13 14:41:00,6148.32,2026-09-09 12:37:29,DEL-BLR,2026-08-13
464,TripEase,Air India,DEL,BLR,2026-08-27,2026-08-13 06:31:00,6205.68,2026-09-09 12:37:29,DEL-BLR,2026-08-13
465,SkyFareHub,SpiceJet,DEL,BLR,2026-08-27,2026-08-13 15:30:00,5751.67,2026-09-09 12:37:29,DEL-BLR,2026-08-13
466,TripEase,SpiceJet,DEL,BLR,2026-08-27,2026-08-13 18:19:00,5552.37,2026-09-09 12:37:29,DEL-BLR,2026-08-13
467,SkyFareHub,Vistara,DEL,BLR,2026-08-27,2026-08-13 11:28:00,6785.74,2026-09-09 12:37:29,DEL-BLR,2026-08-13
468,TripEase,Vistara,DEL,BLR,2026-08-27,2026-08-13 16:38:00,6674.72,2026-09-09 12:37:29,DEL-BLR,2026-08-13
469,SkyFareHub,Akasa Air,DEL,BLR,2026-08-27,2026-08-13 16:46:00,5641.72,2026-09-09 12:37:29,DEL-BLR,2026-08-13
470,TripEase,Akasa Air,DEL,BLR,2026-08-27,2026-08-13 18:08:00,5849.52,2026-09-09 12:37:29,DEL-BLR,2026-08-13
471,SkyFareHub,IndiGo,DEL,BLR,2026-09-12,2026-08-13 09:20:00,5786.53,2026-09-09 12:37:29,DEL-BLR,2026-08-13
472,TripEase,IndiGo,DEL,BLR,2026-09-12,2026-08-13 20:15:00,5418.06,2026-09-09 12:37:29,DEL-BLR,2026-08-13
473,SkyFareHub,Air India,DEL,BLR,2026-09-12,2026-08-13 18:55:00,5775.76,2026-09-09 12:37:29,DEL-BLR,2026-08-13
474,TripEase,Air India,DEL,BLR,2026-09-12,2026-08-13 11:52:00,6080.48,2026-09-09 12:37:29,DEL-BLR,2026-08-13
475,SkyFareHub,SpiceJet,DEL,BLR,2026-09-12,2026-08-13 16:12:00,5330.98,2026-09-09 12:37:29,DEL-BLR,2026-08-13
476,TripEase,SpiceJet,DEL,BLR,2026-09-12,2026-08-13 22:29:00,5492.86,2026-09-09 12:37:29,DEL-BLR,2026-08-13
477,SkyFareHub,Vistara,DEL,BLR,2026-09-12,2026-08-13 06:05:00,6437.38,2026-09-09 12:37:29,DEL-BLR,2026-08-13
478,TripEase,Vistara,DEL,BLR,2026-09-12,2026-08-13 13:13:00,6746.94,2026-09-09 12:37:29,DEL-BLR,2026-08-13
479,SkyFareHub,Akasa Air,DEL,BLR,2026-09-12,2026-08-13 15:31:00,5381.3,2026-09-09 12:37:29,DEL-BLR,2026-08-13
480,TripEase,Akasa Air,DEL,BLR,2026-09-12,2026-08-13 21:18:00,5649.3,2026-09-09 12:37:29,DEL-BLR,2026-08-13
481,SkyFareHub,IndiGo,BOM,BLR,2026-08-20,2026-08-13 19:08:00,4561.24,2026-09-09 12:37:29,BOM-BLR,2026-08-13
482,TripEase,IndiGo,BOM,BLR,2026-08-20,2026-08-13 18:23:00,4652.5,2026-09-09 12:37:29,BOM-BLR,2026-08-13
483,SkyFareHub,Air India,BOM,BLR,2026-08-20,2026-08-13 12:23:00,4507.15,2026-09-09 12:37:29,BOM-BLR,2026-08-13
484,TripEase,Air India,BOM,BLR,2026-08-20,2026-08-13 22:28:00,4709.15,2026-09-09 12:37:29,BOM-BLR,2026-08-13
485,SkyFareHub,SpiceJet,BOM,BLR,2026-08-20,2026-08-13 09:08:00,4266.18,2026-09-09 12:37:29,BOM-BLR,2026-08-13
486,TripEase,SpiceJet,BOM,BLR,2026-08-20,2026-08-13 16:35:00,4366.51,2026-09-09 12:37:29,BOM-BLR,2026-08-13
487,SkyFareHub,Vistara,BOM,BLR,2026-08-20,2026-08-13 12:38:00,5381.97,2026-09-09 12:37:29,BOM-BLR,2026-08-13
488,TripEase,Vistara,BOM,BLR,2026-08-20,2026-08-13 07:02:00,5127.43,2026-09-09 12:37:29,BOM-BLR,2026-08-13
489,SkyFareHub,Akasa Air,BOM,BLR,2026-08-20,2026-08-13 21:33:00,4152.92,2026-09-09 12:37:29,BOM-BLR,2026-08-13
490,TripEase,Akasa Air,BOM,BLR,2026-08-20,2026-08-13 22:08:00,4334.38,2026-09-09 12:37:29,BOM-BLR,2026-08-13
491,SkyFareHub,IndiGo,BOM,BLR,2026-08-27,2026-08-13 11:25:00,4361.45,2026-09-09 12:37:29,BOM-BLR,2026-08-13
492,TripEase,IndiGo,BOM,BLR,2026-08-27,2026-08-13 15:37:00,4627.55,2026-09-09 12:37:29,BOM-BLR,2026-08-13
493,SkyFareHub,Air India,BOM,BLR,2026-08-27,2026-08-13 21:45:00,4774.81,2026-09-09 12:37:29,BOM-BLR,2026-08-13
494,TripEase,Air India,BOM,BLR,2026-08-27,2026-08-13 06:23:00,4760.2,2026-09-09 12:37:29,BOM-BLR,2026-08-13
495,SkyFareHub,SpiceJet,BOM,BLR,2026-08-27,2026-08-13 19:37:00,4018.43,2026-09-09 12:37:29,BOM-BLR,2026-08-13
496,TripEase,SpiceJet,BOM,BLR,2026-08-27,2026-08-13 06:38:00,4208.13,2026-09-09 12:37:29,BOM-BLR,2026-08-13
497,SkyFareHub,Vistara,BOM,BLR,2026-08-27,2026-08-13 13:46:00,5182.19,2026-09-09 12:37:29,BOM-BLR,2026-08-13
498,TripEase,Vistara,BOM,BLR,2026-08-27,2026-08-13 22:40:00,4863.7,2026-09-09 12:37:29,BOM-BLR,2026-08-13
499,SkyFareHub,Akasa Air,BOM,BLR,2026-08-27,2026-08-13 18:09:00,4405.92,2026-09-09 12:37:29,BOM-BLR,2026-08-13
500,TripEase,Akasa Air,BOM,BLR,2026-08-27,2026-08-13 09:12:00,4304.07,2026-09-09 12:37:29,BOM-BLR,2026-08-13
501,SkyFareHub,IndiGo,BOM,BLR,2026-09-12,2026-08-13 10:26:00,4036.56,2026-09-09 12:37:29,BOM-BLR,2026-08-13
502,TripEase,IndiGo,BOM,BLR,2026-09-12,2026-08-13 21:55:00,4289.4,2026-09-09 12:37:29,BOM-BLR,2026-08-13
503,SkyFareHub,Air India,BOM,BLR,2026-09-12,2026-08-13 10:33:00,4777.74,2026-09-09 12:37:29,BOM-BLR,2026-08-13
504,TripEase,Air India,BOM,BLR,2026-09-12,2026-08-13 21:33:00,4431.75,2026-09-09 12:37:29,BOM-BLR,2026-08-13
505,SkyFareHub,SpiceJet,BOM,BLR,2026-09-12,2026-08-13 20:58:00,4105.93,2026-09-09 12:37:29,BOM-BLR,2026-08-13
506,TripEase,SpiceJet,BOM,BLR,2026-09-12,2026-08-13 14:39:00,4057.03,2026-09-09 12:37:29,BOM-BLR,2026-08-13
507,SkyFareHub,Vistara,BOM,BLR,2026-09-12,2026-08-13 14:35:00,5012.48,2026-09-09 12:37:29,BOM-BLR,2026-08-13
508,TripEase,Vistara,BOM,BLR,2026-09-12,2026-08-13 15:49:00,4935.28,2026-09-09 12:37:29,BOM-BLR,2026-08-13
509,SkyFareHub,Akasa Air,BOM,BLR,2026-09-12,2026-08-13 21:20:00,3978.17,2026-09-09 12:37:29,BOM-BLR,2026-08-13
510,TripEase,Akasa Air,BOM,BLR,2026-09-12,2026-08-13 14:18:00,4128.37,2026-09-09 12:37:29,BOM-BLR,2026-08-13
511,SkyFareHub,IndiGo,DEL,MAA,2026-08-20,2026-08-13 18:57:00,6309.04,2026-09-09 12:37:29,DEL-MAA,2026-08-13
512,TripEase,IndiGo,DEL,MAA,2026-08-20,2026-08-13 10:18:00,6805.66,2026-09-09 12:37:29,DEL-MAA,2026-08-13
513,SkyFareHub,Air India,DEL,MAA,2026-08-20,2026-08-13 08:22:00,6885.61,2026-09-09 12:37:29,DEL-MAA,2026-08-13
514,TripEase,Air India,DEL,MAA,2026-08-20,2026-08-13 21:13:00,7251.17,2026-09-09 12:37:29,DEL-MAA,2026-08-13
515,SkyFareHub,SpiceJet,DEL,MAA,2026-08-20,2026-08-13 14:08:00,5982.18,2026-09-09 12:37:29,DEL-MAA,2026-08-13
516,TripEase,SpiceJet,DEL,MAA,2026-08-20,2026-08-13 13:15:00,6010.98,2026-09-09 12:37:29,DEL-MAA,2026-08-13
517,SkyFareHub,Vistara,DEL,MAA,2026-08-20,2026-08-13 13:40:00,7314.79,2026-09-09 12:37:29,DEL-MAA,2026-08-13
518,TripEase,Vistara,DEL,MAA,2026-08-20,2026-08-13 16:45:00,7065.14,2026-09-09 12:37:29,DEL-MAA,2026-08-13
519,SkyFareHub,Akasa Air,DEL,MAA,2026-08-20,2026-08-13 10:00:00,6296.54,2026-09-09 12:37:29,DEL-MAA,2026-08-13
520,TripEase,Akasa Air,DEL,MAA,2026-08-20,2026-08-13 11:26:00,6653.43,2026-09-09 12:37:29,DEL-MAA,2026-08-13
521,SkyFareHub,IndiGo,DEL,MAA,2026-08-27,2026-08-13 21:30:00,6566.63,2026-09-09 12:37:29,DEL-MAA,2026-08-13
522,TripEase,IndiGo,DEL,MAA,2026-08-27,2026-08-13 15:20:00,6517.96,2026-09-09 12:37:29,DEL-MAA,2026-08-13
523,SkyFareHub,Air India,DEL,MAA,2026-08-27,2026-08-13 08:41:00,6552.83,2026-09-09 12:37:29,DEL-MAA,2026-08-13
524,TripEase,Air India,DEL,MAA,2026-08-27,2026-08-13 07:58:00,6906.76,2026-09-09 12:37:29,DEL-MAA,2026-08-13
525,SkyFareHub,SpiceJet,DEL,MAA,2026-08-27,2026-08-13 11:59:00,6200.46,2026-09-09 12:37:29,DEL-MAA,2026-08-13
526,TripEase,SpiceJet,DEL,MAA,2026-08-27,2026-08-13 18:50:00,6409.05,2026-09-09 12:37:29,DEL-MAA,2026-08-13
527,SkyFareHub,Vistara,DEL,MAA,2026-08-27,2026-08-13 15:56:00,7484.19,2026-09-09 12:37:29,DEL-MAA,2026-08-13
528,TripEase,Vistara,DEL,MAA,2026-08-27,2026-08-13 09:59:00,6937.55,2026-09-09 12:37:29,DEL-MAA,2026-08-13
529,SkyFareHub,Akasa Air,DEL,MAA,2026-08-27,2026-08-13 22:31:00,6312.05,2026-09-09 12:37:29,DEL-MAA,2026-08-13
530,TripEase,Akasa Air,DEL,MAA,2026-08-27,2026-08-13 22:29:00,6210.39,2026-09-09 12:37:29,DEL-MAA,2026-08-13
531,SkyFareHub,IndiGo,DEL,MAA,2026-09-12,2026-08-13 16:10:00,6137.47,2026-09-09 12:37:29,DEL-MAA,2026-08-13
532,TripEase,IndiGo,DEL,MAA,2026-09-12,2026-08-13 11:00:00,6303.31,2026-09-09 12:37:29,DEL-MAA,2026-08-13
533,SkyFareHub,Air India,DEL,MAA,2026-09-12,2026-08-13 12:11:00,6867.13,2026-09-09 12:37:29,DEL-MAA,2026-08-13
534,TripEase,Air India,DEL,MAA,2026-09-12,2026-08-13 18:52:00,6740.07,2026-09-09 12:37:29,DEL-MAA,2026-08-13
535,SkyFareHub,SpiceJet,DEL,MAA,2026-09-12,2026-08-13 18:42:00,5734.63,2026-09-09 12:37:29,DEL-MAA,2026-08-13
536,TripEase,SpiceJet,DEL,MAA,2026-09-12,2026-08-13 21:20:00,5808.3,2026-09-09 12:37:29,DEL-MAA,2026-08-13
537,SkyFareHub,Vistara,DEL,MAA,2026-09-12,2026-08-13 18:15:00,7092.8,2026-09-09 12:37:29,DEL-MAA,2026-08-13
538,TripEase,Vistara,DEL,MAA,2026-09-12,2026-08-13 16:19:00,6926.87,2026-09-09 12:37:29,DEL-MAA,2026-08-13
539,SkyFareHub,Akasa Air,DEL,MAA,2026-09-12,2026-08-13 14:41:00,6016.51,2026-09-09 12:37:29,DEL-MAA,2026-08-13
540,TripEase,Akasa Air,DEL,MAA,2026-09-12,2026-08-13 09:29:00,5790.2,2026-09-09 12:37:29,DEL-MAA,2026-08-13
541,SkyFareHub,IndiGo,BOM,MAA,2026-08-20,2026-08-13 22:59:00,5621.12,2026-09-09 12:37:29,BOM-MAA,2026-08-13
542,TripEase,IndiGo,BOM,MAA,2026-08-20,2026-08-13 15:44:00,5994.12,2026-09-09 12:37:29,BOM-MAA,2026-08-13
543,SkyFareHub,Air India,BOM,MAA,2026-08-20,2026-08-13 15:23:00,6166.89,2026-09-09 12:37:29,BOM-MAA,2026-08-13
544,TripEase,Air India,BOM,MAA,2026-08-20,2026-08-13 10:30:00,6154.22,2026-09-09 12:37:29,BOM-MAA,2026-08-13
545,SkyFareHub,SpiceJet,BOM,MAA,2026-08-20,2026-08-13 17:26:00,5385.07,2026-09-09 12:37:29,BOM-MAA,2026-08-13
546,TripEase,SpiceJet,BOM,MAA,2026-08-20,2026-08-13 12:48:00,5678.59,2026-09-09 12:37:29,BOM-MAA,2026-08-13
547,SkyFareHub,Vistara,BOM,MAA,2026-08-20,2026-08-13 08:33:00,6571.35,2026-09-09 12:37:29,BOM-MAA,2026-08-13
548,TripEase,Vistara,BOM,MAA,2026-08-20,2026-08-13 08:58:00,6656.44,2026-09-09 12:37:29,BOM-MAA,2026-08-13
549,SkyFareHub,Akasa Air,BOM,MAA,2026-08-20,2026-08-13 22:12:00,5452.32,2026-09-09 12:37:29,BOM-MAA,2026-08-13
550,TripEase,Akasa Air,BOM,MAA,2026-08-20,2026-08-13 16:54:00,5485.56,2026-09-09 12:37:29,BOM-MAA,2026-08-13
551,SkyFareHub,IndiGo,BOM,MAA,2026-08-27,2026-08-13 12:45:00,5539.79,2026-09-09 12:37:29,BOM-MAA,2026-08-13
552,TripEase,IndiGo,BOM,MAA,2026-08-27,2026-08-13 22:28:00,5559.64,2026-09-09 12:37:29,BOM-MAA,2026-08-13
553,SkyFareHub,Air India,BOM,MAA,2026-08-27,2026-08-13 22:26:00,6247.7,2026-09-09 12:37:29,BOM-MAA,2026-08-13
554,TripEase,Air India,BOM,MAA,2026-08-27,2026-08-13 20:43:00,5930.44,2026-09-09 12:37:29,BOM-MAA,2026-08-13
555,SkyFareHub,SpiceJet,BOM,MAA,2026-08-27,2026-08-13 18:16:00,5581.97,2026-09-09 12:37:29,BOM-MAA,2026-08-13
556,TripEase,SpiceJet,BOM,MAA,2026-08-27,2026-08-13 08:02:00,5593.34,2026-09-09 12:37:29,BOM-MAA,2026-08-13
557,SkyFareHub,Vistara,BOM,MAA,2026-08-27,2026-08-13 07:59:00,6548.6,2026-09-09 12:37:29,BOM-MAA,2026-08-13
558,TripEase,Vistara,BOM,MAA,2026-08-27,2026-08-13 21:02:00,6905.27,2026-09-09 12:37:29,BOM-MAA,2026-08-13
559,SkyFareHub,Akasa Air,BOM,MAA,2026-08-27,2026-08-13 10:49:00,5292.14,2026-09-09 12:37:29,BOM-MAA,2026-08-13
560,TripEase,Akasa Air,BOM,MAA,2026-08-27,2026-08-13 19:23:00,5628.81,2026-09-09 12:37:29,BOM-MAA,2026-08-13
561,SkyFareHub,IndiGo,BOM,MAA,2026-09-12,2026-08-13 18:24:00,5651.81,2026-09-09 12:37:29,BOM-MAA,2026-08-13
562,TripEase,IndiGo,BOM,MAA,2026-09-12,2026-08-13 10:41:00,5443.18,2026-09-09 12:37:29,BOM-MAA,2026-08-13
563,SkyFareHub,Air India,BOM,MAA,2026-09-12,2026-08-13 18:33:00,5947.65,2026-09-09 12:37:29,BOM-MAA,2026-08-13
564,TripEase,Air India,BOM,MAA,2026-09-12,2026-08-13 06:48:00,5906.09,2026-09-09 12:37:29,BOM-MAA,2026-08-13
565,SkyFareHub,SpiceJet,BOM,MAA,2026-09-12,2026-08-13 19:34:00,4939.34,2026-09-09 12:37:29,BOM-MAA,2026-08-13
566,TripEase,SpiceJet,BOM,MAA,2026-09-12,2026-08-13 20:22:00,5066.24,2026-09-09 12:37:29,BOM-MAA,2026-08-13
567,SkyFareHub,Vistara,BOM,MAA,2026-09-12,2026-08-13 09:02:00,6004.37,2026-09-09 12:37:29,BOM-MAA,2026-08-13
568,TripEase,Vistara,BOM,MAA,2026-09-12,2026-08-13 06:15:00,6421.11,2026-09-09 12:37:29,BOM-MAA,2026-08-13
569,SkyFareHub,Akasa Air,BOM,MAA,2026-09-12,2026-08-13 07:28:00,5058.3,2026-09-09 12:37:29,BOM-MAA,2026-08-13
570,TripEase,Akasa Air,BOM,MAA,2026-09-12,2026-08-13 07:15:00,5416.64,2026-09-09 12:37:29,BOM-MAA,2026-08-13
571,SkyFareHub,IndiGo,DEL,CCU,2026-08-20,2026-08-13 13:34:00,6220.62,2026-09-09 12:37:29,DEL-CCU,2026-08-13
572,TripEase,IndiGo,DEL,CCU,2026-08-20,2026-08-13 07:08:00,6133.62,2026-09-09 12:37:29,DEL-CCU,2026-08-13
573,SkyFareHub,Air India,DEL,CCU,2026-08-20,2026-08-13 16:36:00,6547.82,2026-09-09 12:37:29,DEL-CCU,2026-08-13
574,TripEase,Air India,DEL,CCU,2026-08-20,2026-08-13 16:15:00,6750.14,2026-09-09 12:37:29,DEL-CCU,2026-08-13
575,SkyFareHub,SpiceJet,DEL,CCU,2026-08-20,2026-08-13 22:14:00,5614.27,2026-09-09 12:37:29,DEL-CCU,2026-08-13
576,TripEase,SpiceJet,DEL,CCU,2026-08-20,2026-08-13 11:40:00,5712.57,2026-09-09 12:37:29,DEL-CCU,2026-08-13
577,SkyFareHub,Vistara,DEL,CCU,2026-08-20,2026-08-13 07:22:00,7183.87,2026-09-09 12:37:29,DEL-CCU,2026-08-13
578,TripEase,Vistara,DEL,CCU,2026-08-20,2026-08-13 22:20:00,7381.23,2026-09-09 12:37:29,DEL-CCU,2026-08-13
579,SkyFareHub,Akasa Air,DEL,CCU,2026-08-20,2026-08-13 15:24:00,6015.08,2026-09-09 12:37:29,DEL-CCU,2026-08-13
580,TripEase,Akasa Air,DEL,CCU,2026-08-20,2026-08-13 13:54:00,5817.31,2026-09-09 12:37:29,DEL-CCU,2026-08-13
581,SkyFareHub,IndiGo,DEL,CCU,2026-08-27,2026-08-13 10:51:00,6048.19,2026-09-09 12:37:29,DEL-CCU,2026-08-13
582,TripEase,IndiGo,DEL,CCU,2026-08-27,2026-08-13 19:26:00,5872.82,2026-09-09 12:37:29,DEL-CCU,2026-08-13
583,SkyFareHub,Air India,DEL,CCU,2026-08-27,2026-08-13 13:16:00,6421.91,2026-09-09 12:37:29,DEL-CCU,2026-08-13
584,TripEase,Air India,DEL,CCU,2026-08-27,2026-08-13 20:54:00,6437.86,2026-09-09 12:37:29,DEL-CCU,2026-08-13
585,SkyFareHub,SpiceJet,DEL,CCU,2026-08-27,2026-08-13 12:03:00,5701.77,2026-09-09 12:37:29,DEL-CCU,2026-08-13
586,TripEase,SpiceJet,DEL,CCU,2026-08-27,2026-08-13 07:55:00,5702.19,2026-09-09 12:37:29,DEL-CCU,2026-08-13
587,SkyFareHub,Vistara,DEL,CCU,2026-08-27,2026-08-13 12:30:00,6848.4,2026-09-09 12:37:29,DEL-CCU,2026-08-13
588,TripEase,Vistara,DEL,CCU,2026-08-27,2026-08-13 15:58:00,6966.92,2026-09-09 12:37:29,DEL-CCU,2026-08-13
589,SkyFareHub,Akasa Air,DEL,CCU,2026-08-27,2026-08-13 09:47:00,5796.17,2026-09-09 12:37:29,DEL-CCU,2026-08-13
590,TripEase,Akasa Air,DEL,CCU,2026-08-27,2026-08-13 13:44:00,6096.96,2026-09-09 12:37:29,DEL-CCU,2026-08-13
591,SkyFareHub,IndiGo,DEL,CCU,2026-09-12,2026-08-13 13:35:00,5797.24,2026-09-09 12:37:29,DEL-CCU,2026-08-13
592,TripEase,IndiGo,DEL,CCU,2026-09-12,2026-08-13 20:34:00,5692.43,2026-09-09 12:37:29,DEL-CCU,2026-08-13
593,SkyFareHub,Air India,DEL,CCU,2026-09-12,2026-08-13 17:32:00,6322.83,2026-09-09 12:37:29,DEL-CCU,2026-08-13
594,TripEase,Air India,DEL,CCU,2026-09-12,2026-08-13 21:48:00,6500.95,2026-09-09 12:37:29,DEL-CCU,2026-08-13
595,SkyFareHub,SpiceJet,DEL,CCU,2026-09-12,2026-08-13 17:20:00,5848.82,2026-09-09 12:37:29,DEL-CCU,2026-08-13
596,TripEase,SpiceJet,DEL,CCU,2026-09-12,2026-08-13 13:47:00,5542.09,2026-09-09 12:37:29,DEL-CCU,2026-08-13
597,SkyFareHub,Vistara,DEL,CCU,2026-09-12,2026-08-13 19:18:00,6442.7,2026-09-09 12:37:29,DEL-CCU,2026-08-13
598,TripEase,Vistara,DEL,CCU,2026-09-12,2026-08-13 18:36:00,6474.09,2026-09-09 12:37:29,DEL-CCU,2026-08-13
599,SkyFareHub,Akasa Air,DEL,CCU,2026-09-12,2026-08-13 16:16:00,5827.7,2026-09-09 12:37:29,DEL-CCU,2026-08-13
600,TripEase,Akasa Air,DEL,CCU,2026-09-12,2026-08-13 21:29:00,5792.28,2026-09-09 12:37:29,DEL-CCU,2026-08-13
601,SkyFareHub,IndiGo,BLR,HYD,2026-08-20,2026-08-13 11:08:00,3729.03,2026-09-09 12:37:29,BLR-HYD,2026-08-13
602,TripEase,IndiGo,BLR,HYD,2026-08-20,2026-08-13 07:33:00,3825.98,2026-09-09 12:37:29,BLR-HYD,2026-08-13
603,SkyFareHub,Air India,BLR,HYD,2026-08-20,2026-08-13 07:48:00,3996.28,2026-09-09 12:37:29,BLR-HYD,2026-08-13
604,TripEase,Air India,BLR,HYD,2026-08-20,2026-08-13 13:04:00,3814.45,2026-09-09 12:37:29,BLR-HYD,2026-08-13
605,SkyFareHub,SpiceJet,BLR,HYD,2026-08-20,2026-08-13 22:29:00,3528.16,2026-09-09 12:37:29,BLR-HYD,2026-08-13
606,TripEase,SpiceJet,BLR,HYD,2026-08-20,2026-08-13 21:42:00,3563.2,2026-09-09 12:37:29,BLR-HYD,2026-08-13
607,SkyFareHub,Vistara,BLR,HYD,2026-08-20,2026-08-13 19:00:00,4194.36,2026-09-09 12:37:29,BLR-HYD,2026-08-13
608,TripEase,Vistara,BLR,HYD,2026-08-20,2026-08-13 15:01:00,4217.05,2026-09-09 12:37:29,BLR-HYD,2026-08-13
609,SkyFareHub,Akasa Air,BLR,HYD,2026-08-20,2026-08-13 19:51:00,3693.41,2026-09-09 12:37:29,BLR-HYD,2026-08-13
610,TripEase,Akasa Air,BLR,HYD,2026-08-20,2026-08-13 09:33:00,3707.58,2026-09-09 12:37:29,BLR-HYD,2026-08-13
611,SkyFareHub,IndiGo,BLR,HYD,2026-08-27,2026-08-13 22:16:00,3536.15,2026-09-09 12:37:29,BLR-HYD,2026-08-13
612,TripEase,IndiGo,BLR,HYD,2026-08-27,2026-08-13 18:05:00,3750.63,2026-09-09 12:37:29,BLR-HYD,2026-08-13
613,SkyFareHub,Air India,BLR,HYD,2026-08-27,2026-08-13 13:44:00,3942.33,2026-09-09 12:37:29,BLR-HYD,2026-08-13
614,TripEase,Air India,BLR,HYD,2026-08-27,2026-08-13 08:41:00,3961.98,2026-09-09 12:37:29,BLR-HYD,2026-08-13
615,SkyFareHub,SpiceJet,BLR,HYD,2026-08-27,2026-08-13 07:05:00,3693.72,2026-09-09 12:37:29,BLR-HYD,2026-08-13
616,TripEase,SpiceJet,BLR,HYD,2026-08-27,2026-08-13 21:03:00,3470.77,2026-09-09 12:37:29,BLR-HYD,2026-08-13
617,SkyFareHub,Vistara,BLR,HYD,2026-08-27,2026-08-13 08:31:00,4363.79,2026-09-09 12:37:29,BLR-HYD,2026-08-13
618,TripEase,Vistara,BLR,HYD,2026-08-27,2026-08-13 16:36:00,4420.13,2026-09-09 12:37:29,BLR-HYD,2026-08-13
619,SkyFareHub,Akasa Air,BLR,HYD,2026-08-27,2026-08-13 22:58:00,3837.28,2026-09-09 12:37:29,BLR-HYD,2026-08-13
620,TripEase,Akasa Air,BLR,HYD,2026-08-27,2026-08-13 21:17:00,3403.67,2026-09-09 12:37:29,BLR-HYD,2026-08-13
621,SkyFareHub,IndiGo,BLR,HYD,2026-09-12,2026-08-13 14:57:00,3365.07,2026-09-09 12:37:29,BLR-HYD,2026-08-13
622,TripEase,IndiGo,BLR,HYD,2026-09-12,2026-08-13 11:59:00,3633.15,2026-09-09 12:37:29,BLR-HYD,2026-08-13
623,SkyFareHub,Air India,BLR,HYD,2026-09-12,2026-08-13 12:37:00,3869.75,2026-09-09 12:37:29,BLR-HYD,2026-08-13
624,TripEase,Air India,BLR,HYD,2026-09-12,2026-08-13 18:59:00,3837.99,2026-09-09 12:37:29,BLR-HYD,2026-08-13
625,SkyFareHub,SpiceJet,BLR,HYD,2026-09-12,2026-08-13 13:36:00,3223.11,2026-09-09 12:37:29,BLR-HYD,2026-08-13
626,TripEase,SpiceJet,BLR,HYD,2026-09-12,2026-08-13 16:24:00,3476.0,2026-09-09 12:37:29,BLR-HYD,2026-08-13
627,SkyFareHub,Vistara,BLR,HYD,2026-09-12,2026-08-13 08:32:00,4120.04,2026-09-09 12:37:29,BLR-HYD,2026-08-13
628,TripEase,Vistara,BLR,HYD,2026-09-12,2026-08-13 09:27:00,4167.65,2026-09-09 12:37:29,BLR-HYD,2026-08-13
629,SkyFareHub,Akasa Air,BLR,HYD,2026-09-12,2026-08-13 18:49:00,3316.12,2026-09-09 12:37:29,BLR-HYD,2026-08-13
630,TripEase,Akasa Air,BLR,HYD,2026-09-12,2026-08-13 20:31:00,3458.85,2026-09-09 12:37:29,BLR-HYD,2026-08-13
631,SkyFareHub,IndiGo,DEL,BOM,2026-08-21,2026-08-14 18:27:00,5355.35,2026-09-09 12:37:29,DEL-BOM,2026-08-14
632,TripEase,IndiGo,DEL,BOM,2026-08-21,2026-08-14 18:05:00,5347.59,2026-09-09 12:37:29,DEL-BOM,2026-08-14
633,SkyFareHub,Air India,DEL,BOM,2026-08-21,2026-08-14 13:45:00,5949.16,2026-09-09 12:37:29,DEL-BOM,2026-08-14
634,TripEase,Air India,DEL,BOM,2026-08-21,2026-08-14 18:45:00,5610.08,2026-09-09 12:37:29,DEL-BOM,2026-08-14
635,SkyFareHub,SpiceJet,DEL,BOM,2026-08-21,2026-08-14 18:20:00,5194.03,2026-09-09 12:37:29,DEL-BOM,2026-08-14
636,TripEase,SpiceJet,DEL,BOM,2026-08-21,2026-08-14 15:28:00,4999.01,2026-09-09 12:37:29,DEL-BOM,2026-08-14
637,SkyFareHub,Vistara,DEL,BOM,2026-08-21,2026-08-14 10:05:00,6118.15,2026-09-09 12:37:29,DEL-BOM,2026-08-14
638,TripEase,Vistara,DEL,BOM,2026-08-21,2026-08-14 22:26:00,6098.96,2026-09-09 12:37:29,DEL-BOM,2026-08-14
639,SkyFareHub,Akasa Air,DEL,BOM,2026-08-21,2026-08-14 08:38:00,4994.65,2026-09-09 12:37:29,DEL-BOM,2026-08-14
640,TripEase,Akasa Air,DEL,BOM,2026-08-21,2026-08-14 18:00:00,5278.72,2026-09-09 12:37:29,DEL-BOM,2026-08-14
641,SkyFareHub,IndiGo,DEL,BOM,2026-08-28,2026-08-14 08:46:00,5253.39,2026-09-09 12:37:29,DEL-BOM,2026-08-14
642,TripEase,IndiGo,DEL,BOM,2026-08-28,2026-08-14 13:36:00,5682.59,2026-09-09 12:37:29,DEL-BOM,2026-08-14
643,SkyFareHub,Air India,DEL,BOM,2026-08-28,2026-08-14 11:08:00,5883.92,2026-09-09 12:37:29,DEL-BOM,2026-08-14
644,TripEase,Air India,DEL,BOM,2026-08-28,2026-08-14 10:04:00,5621.39,2026-09-09 12:37:29,DEL-BOM,2026-08-14
645,SkyFareHub,SpiceJet,DEL,BOM,2026-08-28,2026-08-14 15:30:00,4905.48,2026-09-09 12:37:29,DEL-BOM,2026-08-14
646,TripEase,SpiceJet,DEL,BOM,2026-08-28,2026-08-14 13:46:00,5183.2,2026-09-09 12:37:29,DEL-BOM,2026-08-14
647,SkyFareHub,Vistara,DEL,BOM,2026-08-28,2026-08-14 12:29:00,6282.75,2026-09-09 12:37:29,DEL-BOM,2026-08-14
648,TripEase,Vistara,DEL,BOM,2026-08-28,2026-08-14 18:21:00,5919.05,2026-09-09 12:37:29,DEL-BOM,2026-08-14
649,SkyFareHub,Akasa Air,DEL,BOM,2026-08-28,2026-08-14 16:28:00,5322.8,2026-09-09 12:37:29,DEL-BOM,2026-08-14
650,TripEase,Akasa Air,DEL,BOM,2026-08-28,2026-08-14 10:19:00,5247.59,2026-09-09 12:37:29,DEL-BOM,2026-08-14
651,SkyFareHub,IndiGo,DEL,BOM,2026-09-13,2026-08-14 12:30:00,5267.06,2026-09-09 12:37:29,DEL-BOM,2026-08-14
652,TripEase,IndiGo,DEL,BOM,2026-09-13,2026-08-14 16:18:00,5269.76,2026-09-09 12:37:29,DEL-BOM,2026-08-14
653,SkyFareHub,Air India,DEL,BOM,2026-09-13,2026-08-14 13:20:00,5768.62,2026-09-09 12:37:29,DEL-BOM,2026-08-14
654,TripEase,Air India,DEL,BOM,2026-09-13,2026-08-14 18:23:00,5669.24,2026-09-09 12:37:29,DEL-BOM,2026-08-14
655,SkyFareHub,SpiceJet,DEL,BOM,2026-09-13,2026-08-14 11:43:00,4808.27,2026-09-09 12:37:29,DEL-BOM,2026-08-14
656,TripEase,SpiceJet,DEL,BOM,2026-09-13,2026-08-14 20:45:00,4907.51,2026-09-09 12:37:29,DEL-BOM,2026-08-14
657,SkyFareHub,Vistara,DEL,BOM,2026-09-13,2026-08-14 08:52:00,5950.3,2026-09-09 12:37:29,DEL-BOM,2026-08-14
658,TripEase,Vistara,DEL,BOM,2026-09-13,2026-08-14 21:08:00,6254.76,2026-09-09 12:37:29,DEL-BOM,2026-08-14
659,SkyFareHub,Akasa Air,DEL,BOM,2026-09-13,2026-08-14 10:45:00,5021.75,2026-09-09 12:37:29,DEL-BOM,2026-08-14
660,TripEase,Akasa Air,DEL,BOM,2026-09-13,2026-08-14 20:38:00,4977.75,2026-09-09 12:37:29,DEL-BOM,2026-08-14
661,SkyFareHub,IndiGo,DEL,BLR,2026-08-21,2026-08-14 22:59:00,5907.4,2026-09-09 12:37:29,DEL-BLR,2026-08-14
662,TripEase,IndiGo,DEL,BLR,2026-08-21,2026-08-14 07:50:00,6221.39,2026-09-09 12:37:29,DEL-BLR,2026-08-14
663,SkyFareHub,Air India,DEL,BLR,2026-08-21,2026-08-14 08:06:00,6747.63,2026-09-09 12:37:29,DEL-BLR,2026-08-14
664,TripEase,Air India,DEL,BLR,2026-08-21,2026-08-14 17:10:00,6628.06,2026-09-09 12:37:29,DEL-BLR,2026-08-14
665,SkyFareHub,SpiceJet,DEL,BLR,2026-08-21,2026-08-14 18:48:00,5566.97,2026-09-09 12:37:29,DEL-BLR,2026-08-14
666,TripEase,SpiceJet,DEL,BLR,2026-08-21,2026-08-14 09:00:00,5679.41,2026-09-09 12:37:29,DEL-BLR,2026-08-14
667,SkyFareHub,Vistara,DEL,BLR,2026-08-21,2026-08-14 22:35:00,6511.62,2026-09-09 12:37:29,DEL-BLR,2026-08-14
668,TripEase,Vistara,DEL,BLR,2026-08-21,2026-08-14 20:23:00,6920.63,2026-09-09 12:37:29,DEL-BLR,2026-08-14
669,SkyFareHub,Akasa Air,DEL,BLR,2026-08-21,2026-08-14 22:09:00,5818.2,2026-09-09 12:37:29,DEL-BLR,2026-08-14
670,TripEase,Akasa Air,DEL,BLR,2026-08-21,2026-08-14 09:18:00,5537.81,2026-09-09 12:37:29,DEL-BLR,2026-08-14
671,SkyFareHub,IndiGo,DEL,BLR,2026-08-28,2026-08-14 09:53:00,5991.32,2026-09-09 12:37:29,DEL-BLR,2026-08-14
672,TripEase,IndiGo,DEL,BLR,2026-08-28,2026-08-14 15:21:00,5948.91,2026-09-09 12:37:29,DEL-BLR,2026-08-14
673,SkyFareHub,Air India,DEL,BLR,2026-08-28,2026-08-14 21:22:00,6203.54,2026-09-09 12:37:29,DEL-BLR,2026-08-14
674,TripEase,Air India,DEL,BLR,2026-08-28,2026-08-14 20:20:00,6302.06,2026-09-09 12:37:29,DEL-BLR,2026-08-14
675,SkyFareHub,SpiceJet,DEL,BLR,2026-08-28,2026-08-14 09:01:00,5229.46,2026-09-09 12:37:29,DEL-BLR,2026-08-14
676,TripEase,SpiceJet,DEL,BLR,2026-08-28,2026-08-14 11:59:00,5780.01,2026-09-09 12:37:29,DEL-BLR,2026-08-14
677,SkyFareHub,Vistara,DEL,BLR,2026-08-28,2026-08-14 11:35:00,6905.98,2026-09-09 12:37:29,DEL-BLR,2026-08-14
678,TripEase,Vistara,DEL,BLR,2026-08-28,2026-08-14 20:14:00,6589.18,2026-09-09 12:37:29,DEL-BLR,2026-08-14
679,SkyFareHub,Akasa Air,DEL,BLR,2026-08-28,2026-08-14 11:40:00,5872.06,2026-09-09 12:37:29,DEL-BLR,2026-08-14
680,TripEase,Akasa Air,DEL,BLR,2026-08-28,2026-08-14 12:28:00,5728.12,2026-09-09 12:37:29,DEL-BLR,2026-08-14
681,SkyFareHub,IndiGo,DEL,BLR,2026-09-13,2026-08-14 12:13:00,5679.02,2026-09-09 12:37:29,DEL-BLR,2026-08-14
682,TripEase,IndiGo,DEL,BLR,2026-09-13,2026-08-14 08:36:00,5643.76,2026-09-09 12:37:29,DEL-BLR,2026-08-14
683,SkyFareHub,Air India,DEL,BLR,2026-09-13,2026-08-14 11:23:00,6070.53,2026-09-09 12:37:29,DEL-BLR,2026-08-14
684,TripEase,Air India,DEL,BLR,2026-09-13,2026-08-14 14:42:00,6028.07,2026-09-09 12:37:29,DEL-BLR,2026-08-14
685,SkyFareHub,SpiceJet,DEL,BLR,2026-09-13,2026-08-14 16:38:00,5556.63,2026-09-09 12:37:29,DEL-BLR,2026-08-14
686,TripEase,SpiceJet,DEL,BLR,2026-09-13,2026-08-14 09:22:00,5308.47,2026-09-09 12:37:29,DEL-BLR,2026-08-14
687,SkyFareHub,Vistara,DEL,BLR,2026-09-13,2026-08-14 11:52:00,6432.48,2026-09-09 12:37:29,DEL-BLR,2026-08-14
688,TripEase,Vistara,DEL,BLR,2026-09-13,2026-08-14 08:43:00,6734.6,2026-09-09 12:37:29,DEL-BLR,2026-08-14
689,SkyFareHub,Akasa Air,DEL,BLR,2026-09-13,2026-08-14 15:07:00,5217.34,2026-09-09 12:37:29,DEL-BLR,2026-08-14
690,TripEase,Akasa Air,DEL,BLR,2026-09-13,2026-08-14 22:24:00,5429.06,2026-09-09 12:37:29,DEL-BLR,2026-08-14
691,SkyFareHub,IndiGo,BOM,BLR,2026-08-21,2026-08-14 18:27:00,4338.33,2026-09-09 12:37:29,BOM-BLR,2026-08-14
692,TripEase,IndiGo,BOM,BLR,2026-08-21,2026-08-14 11:35:00,4388.6,2026-09-09 12:37:29,BOM-BLR,2026-08-14
693,SkyFareHub,Air India,BOM,BLR,2026-08-21,2026-08-14 11:20:00,4632.11,2026-09-09 12:37:29,BOM-BLR,2026-08-14
694,TripEase,Air India,BOM,BLR,2026-08-21,2026-08-14 17:00:00,4988.16,2026-09-09 12:37:29,BOM-BLR,2026-08-14
695,SkyFareHub,SpiceJet,BOM,BLR,2026-08-21,2026-08-14 18:35:00,4158.51,2026-09-09 12:37:29,BOM-BLR,2026-08-14
696,TripEase,SpiceJet,BOM,BLR,2026-08-21,2026-08-14 21:26:00,4241.88,2026-09-09 12:37:29,BOM-BLR,2026-08-14
697,SkyFareHub,Vistara,BOM,BLR,2026-08-21,2026-08-14 11:05:00,5203.24,2026-09-09 12:37:29,BOM-BLR,2026-08-14
698,TripEase,Vistara,BOM,BLR,2026-08-21,2026-08-14 13:18:00,5252.23,2026-09-09 12:37:29,BOM-BLR,2026-08-14
699,SkyFareHub,Akasa Air,BOM,BLR,2026-08-21,2026-08-14 15:10:00,4097.21,2026-09-09 12:37:29,BOM-BLR,2026-08-14
700,TripEase,Akasa Air,BOM,BLR,2026-08-21,2026-08-14 21:35:00,4444.92,2026-09-09 12:37:29,BOM-BLR,2026-08-14
701,SkyFareHub,IndiGo,BOM,BLR,2026-08-28,2026-08-14 14:49:00,4424.16,2026-09-09 12:37:29,BOM-BLR,2026-08-14
702,TripEase,IndiGo,BOM,BLR,2026-08-28,2026-08-14 07:48:00,4545.96,2026-09-09 12:37:29,BOM-BLR,2026-08-14
703,SkyFareHub,Air India,BOM,BLR,2026-08-28,2026-08-14 19:06:00,4849.73,2026-09-09 12:37:29,BOM-BLR,2026-08-14
704,TripEase,Air India,BOM,BLR,2026-08-28,2026-08-14 13:19:00,4886.8,2026-09-09 12:37:29,BOM-BLR,2026-08-14
705,SkyFareHub,SpiceJet,BOM,BLR,2026-08-28,2026-08-14 14:22:00,4189.11,2026-09-09 12:37:29,BOM-BLR,2026-08-14
706,TripEase,SpiceJet,BOM,BLR,2026-08-28,2026-08-14 09:49:00,4198.63,2026-09-09 12:37:29,BOM-BLR,2026-08-14
707,SkyFareHub,Vistara,BOM,BLR,2026-08-28,2026-08-14 17:55:00,5099.5,2026-09-09 12:37:29,BOM-BLR,2026-08-14
708,TripEase,Vistara,BOM,BLR,2026-08-28,2026-08-14 11:39:00,5186.98,2026-09-09 12:37:29,BOM-BLR,2026-08-14
709,SkyFareHub,Akasa Air,BOM,BLR,2026-08-28,2026-08-14 12:51:00,4070.75,2026-09-09 12:37:29,BOM-BLR,2026-08-14
710,TripEase,Akasa Air,BOM,BLR,2026-08-28,2026-08-14 14:38:00,4080.41,2026-09-09 12:37:29,BOM-BLR,2026-08-14
711,SkyFareHub,IndiGo,BOM,BLR,2026-09-13,2026-08-14 15:18:00,4224.42,2026-09-09 12:37:29,BOM-BLR,2026-08-14
712,TripEase,IndiGo,BOM,BLR,2026-09-13,2026-08-14 22:57:00,4396.55,2026-09-09 12:37:29,BOM-BLR,2026-08-14
713,SkyFareHub,Air India,BOM,BLR,2026-09-13,2026-08-14 19:58:00,4551.05,2026-09-09 12:37:29,BOM-BLR,2026-08-14
714,TripEase,Air India,BOM,BLR,2026-09-13,2026-08-14 10:44:00,4373.27,2026-09-09 12:37:29,BOM-BLR,2026-08-14
715,SkyFareHub,SpiceJet,BOM,BLR,2026-09-13,2026-08-14 16:53:00,4101.13,2026-09-09 12:37:29,BOM-BLR,2026-08-14
716,TripEase,SpiceJet,BOM,BLR,2026-09-13,2026-08-14 18:31:00,4045.13,2026-09-09 12:37:29,BOM-BLR,2026-08-14
717,SkyFareHub,Vistara,BOM,BLR,2026-09-13,2026-08-14 19:24:00,4793.46,2026-09-09 12:37:29,BOM-BLR,2026-08-14
718,TripEase,Vistara,BOM,BLR,2026-09-13,2026-08-14 08:25:00,4915.14,2026-09-09 12:37:29,BOM-BLR,2026-08-14
719,SkyFareHub,Akasa Air,BOM,BLR,2026-09-13,2026-08-14 17:29:00,4078.79,2026-09-09 12:37:29,BOM-BLR,2026-08-14
720,TripEase,Akasa Air,BOM,BLR,2026-09-13,2026-08-14 06:55:00,4234.5,2026-09-09 12:37:29,BOM-BLR,2026-08-14
721,SkyFareHub,IndiGo,DEL,MAA,2026-08-21,2026-08-14 20:40:00,6680.25,2026-09-09 12:37:29,DEL-MAA,2026-08-14
722,TripEase,IndiGo,DEL,MAA,2026-08-21,2026-08-14 08:50:00,6478.6,2026-09-09 12:37:29,DEL-MAA,2026-08-14
723,SkyFareHub,Air India,DEL,MAA,2026-08-21,2026-08-14 19:52:00,6865.95,2026-09-09 12:37:29,DEL-MAA,2026-08-14
724,TripEase,Air India,DEL,MAA,2026-08-21,2026-08-14 15:21:00,6707.41,2026-09-09 12:37:29,DEL-MAA,2026-08-14
725,SkyFareHub,SpiceJet,DEL,MAA,2026-08-21,2026-08-14 21:50:00,6013.74,2026-09-09 12:37:29,DEL-MAA,2026-08-14
726,TripEase,SpiceJet,DEL,MAA,2026-08-21,2026-08-14 07:02:00,6116.86,2026-09-09 12:37:29,DEL-MAA,2026-08-14
727,SkyFareHub,Vistara,DEL,MAA,2026-08-21,2026-08-14 20:01:00,7304.85,2026-09-09 12:37:29,DEL-MAA,2026-08-14
728,TripEase,Vistara,DEL,MAA,2026-08-21,2026-08-14 20:29:00,7352.3,2026-09-09 12:37:29,DEL-MAA,2026-08-14
729,SkyFareHub,Akasa Air,DEL,MAA,2026-08-21,2026-08-14 12:44:00,6177.35,2026-09-09 12:37:29,DEL-MAA,2026-08-14
730,TripEase,Akasa Air,DEL,MAA,2026-08-21,2026-08-14 15:10:00,6603.62,2026-09-09 12:37:29,DEL-MAA,2026-08-14
731,SkyFareHub,IndiGo,DEL,MAA,2026-08-28,2026-08-14 08:41:00,6691.28,2026-09-09 12:37:29,DEL-MAA,2026-08-14
732,TripEase,IndiGo,DEL,MAA,2026-08-28,2026-08-14 11:03:00,6126.96,2026-09-09 12:37:29,DEL-MAA,2026-08-14
733,SkyFareHub,Air India,DEL,MAA,2026-08-28,2026-08-14 13:27:00,6728.74,2026-09-09 12:37:29,DEL-MAA,2026-08-14
734,TripEase,Air India,DEL,MAA,2026-08-28,2026-08-14 06:13:00,7035.11,2026-09-09 12:37:29,DEL-MAA,2026-08-14
735,SkyFareHub,SpiceJet,DEL,MAA,2026-08-28,2026-08-14 13:33:00,5895.05,2026-09-09 12:37:29,DEL-MAA,2026-08-14
736,TripEase,SpiceJet,DEL,MAA,2026-08-28,2026-08-14 16:52:00,5948.5,2026-09-09 12:37:29,DEL-MAA,2026-08-14
737,SkyFareHub,Vistara,DEL,MAA,2026-08-28,2026-08-14 10:30:00,7246.96,2026-09-09 12:37:29,DEL-MAA,2026-08-14
738,TripEase,Vistara,DEL,MAA,2026-08-28,2026-08-14 09:06:00,7008.5,2026-09-09 12:37:29,DEL-MAA,2026-08-14
739,SkyFareHub,Akasa Air,DEL,MAA,2026-08-28,2026-08-14 10:24:00,6215.38,2026-09-09 12:37:29,DEL-MAA,2026-08-14
740,TripEase,Akasa Air,DEL,MAA,2026-08-28,2026-08-14 10:41:00,6395.07,2026-09-09 12:37:29,DEL-MAA,2026-08-14
741,SkyFareHub,IndiGo,DEL,MAA,2026-09-13,2026-08-14 22:36:00,6258.63,2026-09-09 12:37:29,DEL-MAA,2026-08-14
742,TripEase,IndiGo,DEL,MAA,2026-09-13,2026-08-14 20:22:00,5961.51,2026-09-09 12:37:29,DEL-MAA,2026-08-14
743,SkyFareHub,Air India,DEL,MAA,2026-09-13,2026-08-14 10:58:00,6808.93,2026-09-09 12:37:29,DEL-MAA,2026-08-14
744,TripEase,Air India,DEL,MAA,2026-09-13,2026-08-14 12:05:00,6667.19,2026-09-09 12:37:29,DEL-MAA,2026-08-14
745,SkyFareHub,SpiceJet,DEL,MAA,2026-09-13,2026-08-14 09:37:00,5899.68,2026-09-09 12:37:29,DEL-MAA,2026-08-14
746,TripEase,SpiceJet,DEL,MAA,2026-09-13,2026-08-14 19:20:00,5895.97,2026-09-09 12:37:29,DEL-MAA,2026-08-14
747,SkyFareHub,Vistara,DEL,MAA,2026-09-13,2026-08-14 08:15:00,7127.76,2026-09-09 12:37:29,DEL-MAA,2026-08-14
748,TripEase,Vistara,DEL,MAA,2026-09-13,2026-08-14 15:49:00,7142.74,2026-09-09 12:37:29,DEL-MAA,2026-08-14
749,SkyFareHub,Akasa Air,DEL,MAA,2026-09-13,2026-08-14 15:13:00,6004.7,2026-09-09 12:37:29,DEL-MAA,2026-08-14
750,TripEase,Akasa Air,DEL,MAA,2026-09-13,2026-08-14 18:18:00,5975.36,2026-09-09 12:37:29,DEL-MAA,2026-08-14
751,SkyFareHub,IndiGo,BOM,MAA,2026-08-21,2026-08-14 13:31:00,5919.57,2026-09-09 12:37:29,BOM-MAA,2026-08-14
752,TripEase,IndiGo,BOM,MAA,2026-08-21,2026-08-14 08:33:00,5612.37,2026-09-09 12:37:29,BOM-MAA,2026-08-14
753,SkyFareHub,Air India,BOM,MAA,2026-08-21,2026-08-14 17:59:00,6225.96,2026-09-09 12:37:29,BOM-MAA,2026-08-14
754,TripEase,Air India,BOM,MAA,2026-08-21,2026-08-14 19:23:00,6081.2,2026-09-09 12:37:29,BOM-MAA,2026-08-14
755,SkyFareHub,SpiceJet,BOM,MAA,2026-08-21,2026-08-14 21:49:00,5379.52,2026-09-09 12:37:29,BOM-MAA,2026-08-14
756,TripEase,SpiceJet,BOM,MAA,2026-08-21,2026-08-14 06:16:00,5308.49,2026-09-09 12:37:29,BOM-MAA,2026-08-14
757,SkyFareHub,Vistara,BOM,MAA,2026-08-21,2026-08-14 18:32:00,6634.74,2026-09-09 12:37:29,BOM-MAA,2026-08-14
758,TripEase,Vistara,BOM,MAA,2026-08-21,2026-08-14 19:27:00,6588.83,2026-09-09 12:37:29,BOM-MAA,2026-08-14
759,SkyFareHub,Akasa Air,BOM,MAA,2026-08-21,2026-08-14 10:17:00,5531.94,2026-09-09 12:37:29,BOM-MAA,2026-08-14
760,TripEase,Akasa Air,BOM,MAA,2026-08-21,2026-08-14 12:51:00,5254.74,2026-09-09 12:37:29,BOM-MAA,2026-08-14
761,SkyFareHub,IndiGo,BOM,MAA,2026-08-28,2026-08-14 08:19:00,5457.23,2026-09-09 12:37:29,BOM-MAA,2026-08-14
762,TripEase,IndiGo,BOM,MAA,2026-08-28,2026-08-14 13:03:00,5841.02,2026-09-09 12:37:29,BOM-MAA,2026-08-14
763,SkyFareHub,Air India,BOM,MAA,2026-08-28,2026-08-14 09:29:00,6157.25,2026-09-09 12:37:29,BOM-MAA,2026-08-14
764,TripEase,Air India,BOM,MAA,2026-08-28,2026-08-14 11:07:00,6017.87,2026-09-09 12:37:29,BOM-MAA,2026-08-14
765,SkyFareHub,SpiceJet,BOM,MAA,2026-08-28,2026-08-14 06:10:00,5061.56,2026-09-09 12:37:29,BOM-MAA,2026-08-14
766,TripEase,SpiceJet,BOM,MAA,2026-08-28,2026-08-14 22:50:00,5337.85,2026-09-09 12:37:29,BOM-MAA,2026-08-14
767,SkyFareHub,Vistara,BOM,MAA,2026-08-28,2026-08-14 17:08:00,6597.56,2026-09-09 12:37:29,BOM-MAA,2026-08-14
768,TripEase,Vistara,BOM,MAA,2026-08-28,2026-08-14 09:49:00,6800.01,2026-09-09 12:37:29,BOM-MAA,2026-08-14
769,SkyFareHub,Akasa Air,BOM,MAA,2026-08-28,2026-08-14 19:17:00,5623.98,2026-09-09 12:37:29,BOM-MAA,2026-08-14
770,TripEase,Akasa Air,BOM,MAA,2026-08-28,2026-08-14 08:31:00,5434.65,2026-09-09 12:37:29,BOM-MAA,2026-08-14
771,SkyFareHub,IndiGo,BOM,MAA,2026-09-13,2026-08-14 21:54:00,5420.14,2026-09-09 12:37:29,BOM-MAA,2026-08-14
772,TripEase,IndiGo,BOM,MAA,2026-09-13,2026-08-14 14:49:00,5471.64,2026-09-09 12:37:29,BOM-MAA,2026-08-14
773,SkyFareHub,Air India,BOM,MAA,2026-09-13,2026-08-14 09:14:00,5762.77,2026-09-09 12:37:29,BOM-MAA,2026-08-14
774,TripEase,Air India,BOM,MAA,2026-09-13,2026-08-14 06:15:00,5862.0,2026-09-09 12:37:29,BOM-MAA,2026-08-14
775,SkyFareHub,SpiceJet,BOM,MAA,2026-09-13,2026-08-14 10:11:00,4979.72,2026-09-09 12:37:29,BOM-MAA,2026-08-14
776,TripEase,SpiceJet,BOM,MAA,2026-09-13,2026-08-14 19:14:00,5503.09,2026-09-09 12:37:29,BOM-MAA,2026-08-14
777,SkyFareHub,Vistara,BOM,MAA,2026-09-13,2026-08-14 16:17:00,6187.08,2026-09-09 12:37:29,BOM-MAA,2026-08-14
778,TripEase,Vistara,BOM,MAA,2026-09-13,2026-08-14 09:32:00,6500.32,2026-09-09 12:37:29,BOM-MAA,2026-08-14
779,SkyFareHub,Akasa Air,BOM,MAA,2026-09-13,2026-08-14 13:51:00,5252.23,2026-09-09 12:37:29,BOM-MAA,2026-08-14
780,TripEase,Akasa Air,BOM,MAA,2026-09-13,2026-08-14 18:04:00,5183.01,2026-09-09 12:37:29,BOM-MAA,2026-08-14
781,SkyFareHub,IndiGo,DEL,CCU,2026-08-21,2026-08-14 15:20:00,6471.75,2026-09-09 12:37:29,DEL-CCU,2026-08-14
782,TripEase,IndiGo,DEL,CCU,2026-08-21,2026-08-14 17:12:00,5931.64,2026-09-09 12:37:29,DEL-CCU,2026-08-14
783,SkyFareHub,Air India,DEL,CCU,2026-08-21,2026-08-14 13:29:00,6645.88,2026-09-09 12:37:29,DEL-CCU,2026-08-14
784,TripEase,Air India,DEL,CCU,2026-08-21,2026-08-14 12:46:00,6761.31,2026-09-09 12:37:29,DEL-CCU,2026-08-14
785,SkyFareHub,SpiceJet,DEL,CCU,2026-08-21,2026-08-14 13:09:00,6122.12,2026-09-09 12:37:29,DEL-CCU,2026-08-14
786,TripEase,SpiceJet,DEL,CCU,2026-08-21,2026-08-14 13:34:00,5581.28,2026-09-09 12:37:29,DEL-CCU,2026-08-14
787,SkyFareHub,Vistara,DEL,CCU,2026-08-21,2026-08-14 06:21:00,7131.03,2026-09-09 12:37:29,DEL-CCU,2026-08-14
788,TripEase,Vistara,DEL,CCU,2026-08-21,2026-08-14 15:06:00,6858.45,2026-09-09 12:37:29,DEL-CCU,2026-08-14
789,SkyFareHub,Akasa Air,DEL,CCU,2026-08-21,2026-08-14 19:31:00,5998.84,2026-09-09 12:37:29,DEL-CCU,2026-08-14
790,TripEase,Akasa Air,DEL,CCU,2026-08-21,2026-08-14 10:45:00,6355.92,2026-09-09 12:37:29,DEL-CCU,2026-08-14
791,SkyFareHub,IndiGo,DEL,CCU,2026-08-28,2026-08-14 13:57:00,5791.06,2026-09-09 12:37:29,DEL-CCU,2026-08-14
792,TripEase,IndiGo,DEL,CCU,2026-08-28,2026-08-14 17:29:00,6199.78,2026-09-09 12:37:29,DEL-CCU,2026-08-14
793,SkyFareHub,Air India,DEL,CCU,2026-08-28,2026-08-14 09:32:00,6634.43,2026-09-09 12:37:29,DEL-CCU,2026-08-14
794,TripEase,Air India,DEL,CCU,2026-08-28,2026-08-14 08:37:00,6482.63,2026-09-09 12:37:29,DEL-CCU,2026-08-14
795,SkyFareHub,SpiceJet,DEL,CCU,2026-08-28,2026-08-14 10:15:00,5769.4,2026-09-09 12:37:29,DEL-CCU,2026-08-14
796,TripEase,SpiceJet,DEL,CCU,2026-08-28,2026-08-14 18:44:00,5785.9,2026-09-09 12:37:29,DEL-CCU,2026-08-14
797,SkyFareHub,Vistara,DEL,CCU,2026-08-28,2026-08-14 20:17:00,7085.84,2026-09-09 12:37:29,DEL-CCU,2026-08-14
798,TripEase,Vistara,DEL,CCU,2026-08-28,2026-08-14 10:49:00,7010.35,2026-09-09 12:37:29,DEL-CCU,2026-08-14
799,SkyFareHub,Akasa Air,DEL,CCU,2026-08-28,2026-08-14 09:10:00,5871.01,2026-09-09 12:37:29,DEL-CCU,2026-08-14
800,TripEase,Akasa Air,DEL,CCU,2026-08-28,2026-08-14 09:34:00,5792.53,2026-09-09 12:37:29,DEL-CCU,2026-08-14
801,SkyFareHub,IndiGo,DEL,CCU,2026-09-13,2026-08-14 20:19:00,5892.81,2026-09-09 12:37:29,DEL-CCU,2026-08-14
802,TripEase,IndiGo,DEL,CCU,2026-09-13,2026-08-14 08:10:00,5971.0,2026-09-09 12:37:29,DEL-CCU,2026-08-14
803,SkyFareHub,Air India,DEL,CCU,2026-09-13,2026-08-14 07:13:00,6414.76,2026-09-09 12:37:29,DEL-CCU,2026-08-14
804,TripEase,Air India,DEL,CCU,2026-09-13,2026-08-14 08:45:00,6438.07,2026-09-09 12:37:29,DEL-CCU,2026-08-14
805,SkyFareHub,SpiceJet,DEL,CCU,2026-09-13,2026-08-14 22:03:00,5410.53,2026-09-09 12:37:29,DEL-CCU,2026-08-14
806,TripEase,SpiceJet,DEL,CCU,2026-09-13,2026-08-14 11:01:00,5569.77,2026-09-09 12:37:29,DEL-CCU,2026-08-14
807,SkyFareHub,Vistara,DEL,CCU,2026-09-13,2026-08-14 13:06:00,7131.19,2026-09-09 12:37:29,DEL-CCU,2026-08-14
808,TripEase,Vistara,DEL,CCU,2026-09-13,2026-08-14 10:07:00,6846.29,2026-09-09 12:37:29,DEL-CCU,2026-08-14
809,SkyFareHub,Akasa Air,DEL,CCU,2026-09-13,2026-08-14 13:08:00,5578.91,2026-09-09 12:37:29,DEL-CCU,2026-08-14
810,TripEase,Akasa Air,DEL,CCU,2026-09-13,2026-08-14 08:37:00,5516.95,2026-09-09 12:37:29,DEL-CCU,2026-08-14
811,SkyFareHub,IndiGo,BLR,HYD,2026-08-21,2026-08-14 08:01:00,3890.45,2026-09-09 12:37:29,BLR-HYD,2026-08-14
812,TripEase,IndiGo,BLR,HYD,2026-08-21,2026-08-14 20:51:00,3851.63,2026-09-09 12:37:29,BLR-HYD,2026-08-14
813,SkyFareHub,Air India,BLR,HYD,2026-08-21,2026-08-14 16:07:00,4049.71,2026-09-09 12:37:29,BLR-HYD,2026-08-14
814,TripEase,Air India,BLR,HYD,2026-08-21,2026-08-14 11:59:00,3913.17,2026-09-09 12:37:29,BLR-HYD,2026-08-14
815,SkyFareHub,SpiceJet,BLR,HYD,2026-08-21,2026-08-14 18:31:00,3671.85,2026-09-09 12:37:29,BLR-HYD,2026-08-14
816,TripEase,SpiceJet,BLR,HYD,2026-08-21,2026-08-14 11:22:00,3486.11,2026-09-09 12:37:29,BLR-HYD,2026-08-14
817,SkyFareHub,Vistara,BLR,HYD,2026-08-21,2026-08-14 14:28:00,4155.23,2026-09-09 12:37:29,BLR-HYD,2026-08-14
818,TripEase,Vistara,BLR,HYD,2026-08-21,2026-08-14 13:41:00,4347.5,2026-09-09 12:37:29,BLR-HYD,2026-08-14
819,SkyFareHub,Akasa Air,BLR,HYD,2026-08-21,2026-08-14 21:03:00,3577.7,2026-09-09 12:37:29,BLR-HYD,2026-08-14
820,TripEase,Akasa Air,BLR,HYD,2026-08-21,2026-08-14 19:12:00,3510.67,2026-09-09 12:37:29,BLR-HYD,2026-08-14
821,SkyFareHub,IndiGo,BLR,HYD,2026-08-28,2026-08-14 13:40:00,3825.21,2026-09-09 12:37:29,BLR-HYD,2026-08-14
822,TripEase,IndiGo,BLR,HYD,2026-08-28,2026-08-14 06:24:00,3873.16,2026-09-09 12:37:29,BLR-HYD,2026-08-14
823,SkyFareHub,Air India,BLR,HYD,2026-08-28,2026-08-14 21:22:00,4070.44,2026-09-09 12:37:29,BLR-HYD,2026-08-14
824,TripEase,Air India,BLR,HYD,2026-08-28,2026-08-14 18:17:00,4146.94,2026-09-09 12:37:29,BLR-HYD,2026-08-14
825,SkyFareHub,SpiceJet,BLR,HYD,2026-08-28,2026-08-14 13:01:00,3401.89,2026-09-09 12:37:29,BLR-HYD,2026-08-14
826,TripEase,SpiceJet,BLR,HYD,2026-08-28,2026-08-14 07:51:00,3701.49,2026-09-09 12:37:29,BLR-HYD,2026-08-14
827,SkyFareHub,Vistara,BLR,HYD,2026-08-28,2026-08-14 13:10:00,4449.62,2026-09-09 12:37:29,BLR-HYD,2026-08-14
828,TripEase,Vistara,BLR,HYD,2026-08-28,2026-08-14 14:34:00,4177.51,2026-09-09 12:37:29,BLR-HYD,2026-08-14
829,SkyFareHub,Akasa Air,BLR,HYD,2026-08-28,2026-08-14 07:48:00,3786.5,2026-09-09 12:37:29,BLR-HYD,2026-08-14
830,TripEase,Akasa Air,BLR,HYD,2026-08-28,2026-08-14 18:22:00,3687.5,2026-09-09 12:37:29,BLR-HYD,2026-08-14
831,SkyFareHub,IndiGo,BLR,HYD,2026-09-13,2026-08-14 11:11:00,3825.31,2026-09-09 12:37:29,BLR-HYD,2026-08-14
832,TripEase,IndiGo,BLR,HYD,2026-09-13,2026-08-14 17:58:00,3479.17,2026-09-09 12:37:29,BLR-HYD,2026-08-14
833,SkyFareHub,Air India,BLR,HYD,2026-09-13,2026-08-14 17:36:00,3957.52,2026-09-09 12:37:29,BLR-HYD,2026-08-14
834,TripEase,Air India,BLR,HYD,2026-09-13,2026-08-14 12:53:00,3916.16,2026-09-09 12:37:29,BLR-HYD,2026-08-14
835,SkyFareHub,SpiceJet,BLR,HYD,2026-09-13,2026-08-14 21:34:00,3625.95,2026-09-09 12:37:29,BLR-HYD,2026-08-14
836,TripEase,SpiceJet,BLR,HYD,2026-09-13,2026-08-14 08:03:00,3360.34,2026-09-09 12:37:29,BLR-HYD,2026-08-14
837,SkyFareHub,Vistara,BLR,HYD,2026-09-13,2026-08-14 22:30:00,3975.15,2026-09-09 12:37:29,BLR-HYD,2026-08-14
838,TripEase,Vistara,BLR,HYD,2026-09-13,2026-08-14 12:51:00,4071.83,2026-09-09 12:37:29,BLR-HYD,2026-08-14
839,SkyFareHub,Akasa Air,BLR,HYD,2026-09-13,2026-08-14 16:03:00,3428.67,2026-09-09 12:37:29,BLR-HYD,2026-08-14
840,TripEase,Akasa Air,BLR,HYD,2026-09-13,2026-08-14 10:49:00,3371.12,2026-09-09 12:37:29,BLR-HYD,2026-08-14
841,SkyFareHub,IndiGo,DEL,BOM,2026-08-22,2026-08-15 17:04:00,5306.31,2026-09-09 12:37:29,DEL-BOM,2026-08-15
842,TripEase,IndiGo,DEL,BOM,2026-08-22,2026-08-15 18:37:00,5557.57,2026-09-09 12:37:29,DEL-BOM,2026-08-15
843,SkyFareHub,Air India,DEL,BOM,2026-08-22,2026-08-15 10:10:00,5646.59,2026-09-09 12:37:29,DEL-BOM,2026-08-15
844,TripEase,Air India,DEL,BOM,2026-08-22,2026-08-15 21:41:00,5992.71,2026-09-09 12:37:29,DEL-BOM,2026-08-15
845,SkyFareHub,SpiceJet,DEL,BOM,2026-08-22,2026-08-15 17:14:00,5183.13,2026-09-09 12:37:29,DEL-BOM,2026-08-15
846,TripEase,SpiceJet,DEL,BOM,2026-08-22,2026-08-15 18:19:00,5361.28,2026-09-09 12:37:29,DEL-BOM,2026-08-15
847,SkyFareHub,Vistara,DEL,BOM,2026-08-22,2026-08-15 11:46:00,6328.25,2026-09-09 12:37:29,DEL-BOM,2026-08-15
848,TripEase,Vistara,DEL,BOM,2026-08-22,2026-08-15 18:54:00,6113.66,2026-09-09 12:37:29,DEL-BOM,2026-08-15
849,SkyFareHub,Akasa Air,DEL,BOM,2026-08-22,2026-08-15 07:11:00,5661.61,2026-09-09 12:37:29,DEL-BOM,2026-08-15
850,TripEase,Akasa Air,DEL,BOM,2026-08-22,2026-08-15 13:40:00,5481.28,2026-09-09 12:37:29,DEL-BOM,2026-08-15
851,SkyFareHub,IndiGo,DEL,BOM,2026-08-29,2026-08-15 10:21:00,5559.74,2026-09-09 12:37:29,DEL-BOM,2026-08-15
852,TripEase,IndiGo,DEL,BOM,2026-08-29,2026-08-15 16:10:00,5411.3,2026-09-09 12:37:29,DEL-BOM,2026-08-15
853,SkyFareHub,Air India,DEL,BOM,2026-08-29,2026-08-15 16:28:00,6046.63,2026-09-09 12:37:29,DEL-BOM,2026-08-15
854,TripEase,Air India,DEL,BOM,2026-08-29,2026-08-15 08:22:00,5492.51,2026-09-09 12:37:29,DEL-BOM,2026-08-15
855,SkyFareHub,SpiceJet,DEL,BOM,2026-08-29,2026-08-15 06:03:00,4900.61,2026-09-09 12:37:29,DEL-BOM,2026-08-15
856,TripEase,SpiceJet,DEL,BOM,2026-08-29,2026-08-15 11:56:00,5145.46,2026-09-09 12:37:29,DEL-BOM,2026-08-15
857,SkyFareHub,Vistara,DEL,BOM,2026-08-29,2026-08-15 17:34:00,6298.13,2026-09-09 12:37:29,DEL-BOM,2026-08-15
858,TripEase,Vistara,DEL,BOM,2026-08-29,2026-08-15 13:10:00,6259.26,2026-09-09 12:37:29,DEL-BOM,2026-08-15
859,SkyFareHub,Akasa Air,DEL,BOM,2026-08-29,2026-08-15 07:18:00,5302.02,2026-09-09 12:37:29,DEL-BOM,2026-08-15
860,TripEase,Akasa Air,DEL,BOM,2026-08-29,2026-08-15 09:04:00,4952.86,2026-09-09 12:37:29,DEL-BOM,2026-08-15
861,SkyFareHub,IndiGo,DEL,BOM,2026-09-14,2026-08-15 11:46:00,5268.15,2026-09-09 12:37:29,DEL-BOM,2026-08-15
862,TripEase,IndiGo,DEL,BOM,2026-09-14,2026-08-15 08:21:00,5173.74,2026-09-09 12:37:29,DEL-BOM,2026-08-15
863,SkyFareHub,Air India,DEL,BOM,2026-09-14,2026-08-15 21:45:00,5710.55,2026-09-09 12:37:29,DEL-BOM,2026-08-15
864,TripEase,Air India,DEL,BOM,2026-09-14,2026-08-15 11:38:00,5568.03,2026-09-09 12:37:29,DEL-BOM,2026-08-15
865,SkyFareHub,SpiceJet,DEL,BOM,2026-09-14,2026-08-15 09:21:00,5004.67,2026-09-09 12:37:29,DEL-BOM,2026-08-15
866,TripEase,SpiceJet,DEL,BOM,2026-09-14,2026-08-15 14:42:00,4743.38,2026-09-09 12:37:29,DEL-BOM,2026-08-15
867,SkyFareHub,Vistara,DEL,BOM,2026-09-14,2026-08-15 07:25:00,5795.53,2026-09-09 12:37:29,DEL-BOM,2026-08-15
868,TripEase,Vistara,DEL,BOM,2026-09-14,2026-08-15 10:03:00,6151.36,2026-09-09 12:37:29,DEL-BOM,2026-08-15
869,SkyFareHub,Akasa Air,DEL,BOM,2026-09-14,2026-08-15 15:52:00,4978.14,2026-09-09 12:37:29,DEL-BOM,2026-08-15
870,TripEase,Akasa Air,DEL,BOM,2026-09-14,2026-08-15 12:06:00,5152.35,2026-09-09 12:37:29,DEL-BOM,2026-08-15
871,SkyFareHub,IndiGo,DEL,BLR,2026-08-22,2026-08-15 15:05:00,5620.83,2026-09-09 12:37:29,DEL-BLR,2026-08-15
872,TripEase,IndiGo,DEL,BLR,2026-08-22,2026-08-15 18:30:00,5814.74,2026-09-09 12:37:29,DEL-BLR,2026-08-15
873,SkyFareHub,Air India,DEL,BLR,2026-08-22,2026-08-15 08:41:00,6498.78,2026-09-09 12:37:29,DEL-BLR,2026-08-15
874,TripEase,Air India,DEL,BLR,2026-08-22,2026-08-15 18:23:00,6343.1,2026-09-09 12:37:29,DEL-BLR,2026-08-15
875,SkyFareHub,SpiceJet,DEL,BLR,2026-08-22,2026-08-15 20:29:00,5369.8,2026-09-09 12:37:29,DEL-BLR,2026-08-15
876,TripEase,SpiceJet,DEL,BLR,2026-08-22,2026-08-15 07:09:00,5674.06,2026-09-09 12:37:29,DEL-BLR,2026-08-15
877,SkyFareHub,Vistara,DEL,BLR,2026-08-22,2026-08-15 08:42:00,7067.05,2026-09-09 12:37:29,DEL-BLR,2026-08-15
878,TripEase,Vistara,DEL,BLR,2026-08-22,2026-08-15 13:35:00,6791.04,2026-09-09 12:37:29,DEL-BLR,2026-08-15
879,SkyFareHub,Akasa Air,DEL,BLR,2026-08-22,2026-08-15 22:26:00,5543.61,2026-09-09 12:37:29,DEL-BLR,2026-08-15
880,TripEase,Akasa Air,DEL,BLR,2026-08-22,2026-08-15 21:36:00,6066.48,2026-09-09 12:37:29,DEL-BLR,2026-08-15
881,SkyFareHub,IndiGo,DEL,BLR,2026-08-29,2026-08-15 08:25:00,6051.43,2026-09-09 12:37:29,DEL-BLR,2026-08-15
882,TripEase,IndiGo,DEL,BLR,2026-08-29,2026-08-15 22:36:00,6145.35,2026-09-09 12:37:29,DEL-BLR,2026-08-15
883,SkyFareHub,Air India,DEL,BLR,2026-08-29,2026-08-15 10:07:00,6668.62,2026-09-09 12:37:29,DEL-BLR,2026-08-15
884,TripEase,Air India,DEL,BLR,2026-08-29,2026-08-15 11:13:00,6559.51,2026-09-09 12:37:29,DEL-BLR,2026-08-15
885,SkyFareHub,SpiceJet,DEL,BLR,2026-08-29,2026-08-15 19:05:00,5598.81,2026-09-09 12:37:29,DEL-BLR,2026-08-15
886,TripEase,SpiceJet,DEL,BLR,2026-08-29,2026-08-15 10:53:00,5782.81,2026-09-09 12:37:29,DEL-BLR,2026-08-15
887,SkyFareHub,Vistara,DEL,BLR,2026-08-29,2026-08-15 08:05:00,6740.59,2026-09-09 12:37:29,DEL-BLR,2026-08-15
888,TripEase,Vistara,DEL,BLR,2026-08-29,2026-08-15 16:54:00,6660.12,2026-09-09 12:37:29,DEL-BLR,2026-08-15
889,SkyFareHub,Akasa Air,DEL,BLR,2026-08-29,2026-08-15 06:50:00,5587.42,2026-09-09 12:37:29,DEL-BLR,2026-08-15
890,TripEase,Akasa Air,DEL,BLR,2026-08-29,2026-08-15 19:07:00,5825.28,2026-09-09 12:37:29,DEL-BLR,2026-08-15
891,SkyFareHub,IndiGo,DEL,BLR,2026-09-14,2026-08-15 09:59:00,5527.72,2026-09-09 12:37:29,DEL-BLR,2026-08-15
892,TripEase,IndiGo,DEL,BLR,2026-09-14,2026-08-15 15:55:00,5602.65,2026-09-09 12:37:29,DEL-BLR,2026-08-15
893,SkyFareHub,Air India,DEL,BLR,2026-09-14,2026-08-15 19:16:00,6101.58,2026-09-09 12:37:29,DEL-BLR,2026-08-15
894,TripEase,Air India,DEL,BLR,2026-09-14,2026-08-15 21:02:00,6078.83,2026-09-09 12:37:29,DEL-BLR,2026-08-15
895,SkyFareHub,SpiceJet,DEL,BLR,2026-09-14,2026-08-15 18:02:00,5229.22,2026-09-09 12:37:29,DEL-BLR,2026-08-15
896,TripEase,SpiceJet,DEL,BLR,2026-09-14,2026-08-15 13:03:00,5480.14,2026-09-09 12:37:29,DEL-BLR,2026-08-15
897,SkyFareHub,Vistara,DEL,BLR,2026-09-14,2026-08-15 17:01:00,6833.37,2026-09-09 12:37:29,DEL-BLR,2026-08-15
898,TripEase,Vistara,DEL,BLR,2026-09-14,2026-08-15 15:17:00,6570.08,2026-09-09 12:37:29,DEL-BLR,2026-08-15
899,SkyFareHub,Akasa Air,DEL,BLR,2026-09-14,2026-08-15 09:55:00,5785.93,2026-09-09 12:37:29,DEL-BLR,2026-08-15
900,TripEase,Akasa Air,DEL,BLR,2026-09-14,2026-08-15 20:49:00,5329.99,2026-09-09 12:37:29,DEL-BLR,2026-08-15
901,SkyFareHub,IndiGo,BOM,BLR,2026-08-22,2026-08-15 19:38:00,4528.44,2026-09-09 12:37:29,BOM-BLR,2026-08-15
902,TripEase,IndiGo,BOM,BLR,2026-08-22,2026-08-15 12:58:00,4442.05,2026-09-09 12:37:29,BOM-BLR,2026-08-15
903,SkyFareHub,Air India,BOM,BLR,2026-08-22,2026-08-15 22:55:00,5026.69,2026-09-09 12:37:29,BOM-BLR,2026-08-15
904,TripEase,Air India,BOM,BLR,2026-08-22,2026-08-15 11:04:00,4654.23,2026-09-09 12:37:29,BOM-BLR,2026-08-15
905,SkyFareHub,SpiceJet,BOM,BLR,2026-08-22,2026-08-15 10:49:00,4187.55,2026-09-09 12:37:29,BOM-BLR,2026-08-15
906,TripEase,SpiceJet,BOM,BLR,2026-08-22,2026-08-15 06:11:00,4466.21,2026-09-09 12:37:29,BOM-BLR,2026-08-15
907,SkyFareHub,Vistara,BOM,BLR,2026-08-22,2026-08-15 07:15:00,5121.1,2026-09-09 12:37:29,BOM-BLR,2026-08-15
908,TripEase,Vistara,BOM,BLR,2026-08-22,2026-08-15 17:45:00,4813.86,2026-09-09 12:37:29,BOM-BLR,2026-08-15
909,SkyFareHub,Akasa Air,BOM,BLR,2026-08-22,2026-08-15 20:32:00,4200.77,2026-09-09 12:37:29,BOM-BLR,2026-08-15
910,TripEase,Akasa Air,BOM,BLR,2026-08-22,2026-08-15 06:15:00,4413.89,2026-09-09 12:37:29,BOM-BLR,2026-08-15
911,SkyFareHub,IndiGo,BOM,BLR,2026-08-29,2026-08-15 11:55:00,4390.09,2026-09-09 12:37:29,BOM-BLR,2026-08-15
912,TripEase,IndiGo,BOM,BLR,2026-08-29,2026-08-15 17:10:00,4414.81,2026-09-09 12:37:29,BOM-BLR,2026-08-15
913,SkyFareHub,Air India,BOM,BLR,2026-08-29,2026-08-15 08:18:00,4822.7,2026-09-09 12:37:29,BOM-BLR,2026-08-15
914,TripEase,Air India,BOM,BLR,2026-08-29,2026-08-15 12:54:00,4454.25,2026-09-09 12:37:29,BOM-BLR,2026-08-15
915,SkyFareHub,SpiceJet,BOM,BLR,2026-08-29,2026-08-15 12:17:00,4027.19,2026-09-09 12:37:29,BOM-BLR,2026-08-15
916,TripEase,SpiceJet,BOM,BLR,2026-08-29,2026-08-15 06:30:00,4243.84,2026-09-09 12:37:29,BOM-BLR,2026-08-15
917,SkyFareHub,Vistara,BOM,BLR,2026-08-29,2026-08-15 06:14:00,5283.54,2026-09-09 12:37:29,BOM-BLR,2026-08-15
918,TripEase,Vistara,BOM,BLR,2026-08-29,2026-08-15 15:45:00,5064.1,2026-09-09 12:37:29,BOM-BLR,2026-08-15
919,SkyFareHub,Akasa Air,BOM,BLR,2026-08-29,2026-08-15 19:57:00,4474.36,2026-09-09 12:37:29,BOM-BLR,2026-08-15
920,TripEase,Akasa Air,BOM,BLR,2026-08-29,2026-08-15 14:13:00,4196.79,2026-09-09 12:37:29,BOM-BLR,2026-08-15
921,SkyFareHub,IndiGo,BOM,BLR,2026-09-14,2026-08-15 18:37:00,4298.99,2026-09-09 12:37:29,BOM-BLR,2026-08-15
922,TripEase,IndiGo,BOM,BLR,2026-09-14,2026-08-15 17:35:00,4132.26,2026-09-09 12:37:29,BOM-BLR,2026-08-15
923,SkyFareHub,Air India,BOM,BLR,2026-09-14,2026-08-15 15:43:00,4690.64,2026-09-09 12:37:29,BOM-BLR,2026-08-15
924,TripEase,Air India,BOM,BLR,2026-09-14,2026-08-15 14:40:00,4341.25,2026-09-09 12:37:29,BOM-BLR,2026-08-15
925,SkyFareHub,SpiceJet,BOM,BLR,2026-09-14,2026-08-15 15:12:00,3940.84,2026-09-09 12:37:29,BOM-BLR,2026-08-15
926,TripEase,SpiceJet,BOM,BLR,2026-09-14,2026-08-15 07:51:00,4002.82,2026-09-09 12:37:29,BOM-BLR,2026-08-15
927,SkyFareHub,Vistara,BOM,BLR,2026-09-14,2026-08-15 18:42:00,5136.2,2026-09-09 12:37:29,BOM-BLR,2026-08-15
928,TripEase,Vistara,BOM,BLR,2026-09-14,2026-08-15 06:41:00,4728.0,2026-09-09 12:37:29,BOM-BLR,2026-08-15
929,SkyFareHub,Akasa Air,BOM,BLR,2026-09-14,2026-08-15 19:25:00,4085.45,2026-09-09 12:37:29,BOM-BLR,2026-08-15
930,TripEase,Akasa Air,BOM,BLR,2026-09-14,2026-08-15 12:21:00,3984.73,2026-09-09 12:37:29,BOM-BLR,2026-08-15
931,SkyFareHub,IndiGo,DEL,MAA,2026-08-22,2026-08-15 21:58:00,6471.51,2026-09-09 12:37:29,DEL-MAA,2026-08-15
932,TripEase,IndiGo,DEL,MAA,2026-08-22,2026-08-15 15:54:00,6634.99,2026-09-09 12:37:29,DEL-MAA,2026-08-15
933,SkyFareHub,Air India,DEL,MAA,2026-08-22,2026-08-15 11:18:00,6860.75,2026-09-09 12:37:29,DEL-MAA,2026-08-15
934,TripEase,Air India,DEL,MAA,2026-08-22,2026-08-15 14:46:00,6598.54,2026-09-09 12:37:29,DEL-MAA,2026-08-15
935,SkyFareHub,SpiceJet,DEL,MAA,2026-08-22,2026-08-15 11:43:00,6387.21,2026-09-09 12:37:29,DEL-MAA,2026-08-15
936,TripEase,SpiceJet,DEL,MAA,2026-08-22,2026-08-15 13:22:00,6392.07,2026-09-09 12:37:29,DEL-MAA,2026-08-15
937,SkyFareHub,Vistara,DEL,MAA,2026-08-22,2026-08-15 19:50:00,7432.48,2026-09-09 12:37:29,DEL-MAA,2026-08-15
938,TripEase,Vistara,DEL,MAA,2026-08-22,2026-08-15 15:29:00,7604.11,2026-09-09 12:37:29,DEL-MAA,2026-08-15
939,SkyFareHub,Akasa Air,DEL,MAA,2026-08-22,2026-08-15 08:30:00,6433.22,2026-09-09 12:37:29,DEL-MAA,2026-08-15
940,TripEase,Akasa Air,DEL,MAA,2026-08-22,2026-08-15 18:33:00,6463.64,2026-09-09 12:37:29,DEL-MAA,2026-08-15
941,SkyFareHub,IndiGo,DEL,MAA,2026-08-29,2026-08-15 10:08:00,6097.08,2026-09-09 12:37:29,DEL-MAA,2026-08-15
942,TripEase,IndiGo,DEL,MAA,2026-08-29,2026-08-15 20:09:00,6561.06,2026-09-09 12:37:29,DEL-MAA,2026-08-15
943,SkyFareHub,Air India,DEL,MAA,2026-08-29,2026-08-15 08:31:00,6867.88,2026-09-09 12:37:29,DEL-MAA,2026-08-15
944,TripEase,Air India,DEL,MAA,2026-08-29,2026-08-15 16:40:00,6988.67,2026-09-09 12:37:29,DEL-MAA,2026-08-15
945,SkyFareHub,SpiceJet,DEL,MAA,2026-08-29,2026-08-15 12:48:00,5820.38,2026-09-09 12:37:29,DEL-MAA,2026-08-15
946,TripEase,SpiceJet,DEL,MAA,2026-08-29,2026-08-15 11:31:00,6211.9,2026-09-09 12:37:29,DEL-MAA,2026-08-15
947,SkyFareHub,Vistara,DEL,MAA,2026-08-29,2026-08-15 10:39:00,7615.95,2026-09-09 12:37:29,DEL-MAA,2026-08-15
948,TripEase,Vistara,DEL,MAA,2026-08-29,2026-08-15 19:30:00,7255.95,2026-09-09 12:37:29,DEL-MAA,2026-08-15
949,SkyFareHub,Akasa Air,DEL,MAA,2026-08-29,2026-08-15 12:46:00,5950.11,2026-09-09 12:37:29,DEL-MAA,2026-08-15
950,TripEase,Akasa Air,DEL,MAA,2026-08-29,2026-08-15 16:48:00,5936.29,2026-09-09 12:37:29,DEL-MAA,2026-08-15
951,SkyFareHub,IndiGo,DEL,MAA,2026-09-14,2026-08-15 06:40:00,6210.42,2026-09-09 12:37:29,DEL-MAA,2026-08-15
952,TripEase,IndiGo,DEL,MAA,2026-09-14,2026-08-15 17:19:00,6174.51,2026-09-09 12:37:29,DEL-MAA,2026-08-15
953,SkyFareHub,Air India,DEL,MAA,2026-09-14,2026-08-15 15:10:00,6409.41,2026-09-09 12:37:29,DEL-MAA,2026-08-15
954,TripEase,Air India,DEL,MAA,2026-09-14,2026-08-15 15:29:00,6240.67,2026-09-09 12:37:29,DEL-MAA,2026-08-15
955,SkyFareHub,SpiceJet,DEL,MAA,2026-09-14,2026-08-15 16:27:00,5993.05,2026-09-09 12:37:29,DEL-MAA,2026-08-15
956,TripEase,SpiceJet,DEL,MAA,2026-09-14,2026-08-15 16:57:00,6208.17,2026-09-09 12:37:29,DEL-MAA,2026-08-15
957,SkyFareHub,Vistara,DEL,MAA,2026-09-14,2026-08-15 11:58:00,7185.4,2026-09-09 12:37:29,DEL-MAA,2026-08-15
958,TripEase,Vistara,DEL,MAA,2026-09-14,2026-08-15 13:14:00,7280.61,2026-09-09 12:37:29,DEL-MAA,2026-08-15
959,SkyFareHub,Akasa Air,DEL,MAA,2026-09-14,2026-08-15 06:37:00,5952.12,2026-09-09 12:37:29,DEL-MAA,2026-08-15
960,TripEase,Akasa Air,DEL,MAA,2026-09-14,2026-08-15 07:24:00,5842.85,2026-09-09 12:37:29,DEL-MAA,2026-08-15
961,SkyFareHub,IndiGo,BOM,MAA,2026-08-22,2026-08-15 07:38:00,5855.34,2026-09-09 12:37:29,BOM-MAA,2026-08-15
962,TripEase,IndiGo,BOM,MAA,2026-08-22,2026-08-15 06:03:00,6050.36,2026-09-09 12:37:29,BOM-MAA,2026-08-15
963,SkyFareHub,Air India,BOM,MAA,2026-08-22,2026-08-15 18:07:00,6290.85,2026-09-09 12:37:29,BOM-MAA,2026-08-15
964,TripEase,Air India,BOM,MAA,2026-08-22,2026-08-15 10:13:00,6241.41,2026-09-09 12:37:29,BOM-MAA,2026-08-15
965,SkyFareHub,SpiceJet,BOM,MAA,2026-08-22,2026-08-15 15:26:00,5606.19,2026-09-09 12:37:29,BOM-MAA,2026-08-15
966,TripEase,SpiceJet,BOM,MAA,2026-08-22,2026-08-15 14:39:00,5602.07,2026-09-09 12:37:29,BOM-MAA,2026-08-15
967,SkyFareHub,Vistara,BOM,MAA,2026-08-22,2026-08-15 09:32:00,6542.73,2026-09-09 12:37:29,BOM-MAA,2026-08-15
968,TripEase,Vistara,BOM,MAA,2026-08-22,2026-08-15 09:50:00,6595.01,2026-09-09 12:37:29,BOM-MAA,2026-08-15
969,SkyFareHub,Akasa Air,BOM,MAA,2026-08-22,2026-08-15 12:49:00,5315.84,2026-09-09 12:37:29,BOM-MAA,2026-08-15
970,TripEase,Akasa Air,BOM,MAA,2026-08-22,2026-08-15 12:22:00,5494.86,2026-09-09 12:37:29,BOM-MAA,2026-08-15
971,SkyFareHub,IndiGo,BOM,MAA,2026-08-29,2026-08-15 07:35:00,5706.97,2026-09-09 12:37:29,BOM-MAA,2026-08-15
972,TripEase,IndiGo,BOM,MAA,2026-08-29,2026-08-15 21:21:00,5582.91,2026-09-09 12:37:29,BOM-MAA,2026-08-15
973,SkyFareHub,Air India,BOM,MAA,2026-08-29,2026-08-15 08:58:00,5829.13,2026-09-09 12:37:29,BOM-MAA,2026-08-15
974,TripEase,Air India,BOM,MAA,2026-08-29,2026-08-15 21:09:00,5974.98,2026-09-09 12:37:29,BOM-MAA,2026-08-15
975,SkyFareHub,SpiceJet,BOM,MAA,2026-08-29,2026-08-15 08:46:00,5684.77,2026-09-09 12:37:29,BOM-MAA,2026-08-15
976,TripEase,SpiceJet,BOM,MAA,2026-08-29,2026-08-15 13:29:00,5627.78,2026-09-09 12:37:29,BOM-MAA,2026-08-15
977,SkyFareHub,Vistara,BOM,MAA,2026-08-29,2026-08-15 20:03:00,6712.44,2026-09-09 12:37:29,BOM-MAA,2026-08-15
978,TripEase,Vistara,BOM,MAA,2026-08-29,2026-08-15 07:54:00,6200.03,2026-09-09 12:37:29,BOM-MAA,2026-08-15
979,SkyFareHub,Akasa Air,BOM,MAA,2026-08-29,2026-08-15 16:27:00,5521.12,2026-09-09 12:37:29,BOM-MAA,2026-08-15
980,TripEase,Akasa Air,BOM,MAA,2026-08-29,2026-08-15 07:00:00,5484.96,2026-09-09 12:37:29,BOM-MAA,2026-08-15
981,SkyFareHub,IndiGo,BOM,MAA,2026-09-14,2026-08-15 11:21:00,5705.8,2026-09-09 12:37:29,BOM-MAA,2026-08-15
982,TripEase,IndiGo,BOM,MAA,2026-09-14,2026-08-15 14:56:00,5413.92,2026-09-09 12:37:29,BOM-MAA,2026-08-15
983,SkyFareHub,Air India,BOM,MAA,2026-09-14,2026-08-15 16:11:00,6002.21,2026-09-09 12:37:29,BOM-MAA,2026-08-15
984,TripEase,Air India,BOM,MAA,2026-09-14,2026-08-15 20:17:00,5717.95,2026-09-09 12:37:29,BOM-MAA,2026-08-15
985,SkyFareHub,SpiceJet,BOM,MAA,2026-09-14,2026-08-15 21:51:00,5422.02,2026-09-09 12:37:29,BOM-MAA,2026-08-15
986,TripEase,SpiceJet,BOM,MAA,2026-09-14,2026-08-15 11:07:00,5310.55,2026-09-09 12:37:29,BOM-MAA,2026-08-15
987,SkyFareHub,Vistara,BOM,MAA,2026-09-14,2026-08-15 11:06:00,6221.71,2026-09-09 12:37:29,BOM-MAA,2026-08-15
988,TripEase,Vistara,BOM,MAA,2026-09-14,2026-08-15 20:11:00,6313.64,2026-09-09 12:37:29,BOM-MAA,2026-08-15
989,SkyFareHub,Akasa Air,BOM,MAA,2026-09-14,2026-08-15 06:55:00,5469.01,2026-09-09 12:37:29,BOM-MAA,2026-08-15
990,TripEase,Akasa Air,BOM,MAA,2026-09-14,2026-08-15 10:30:00,5519.2,2026-09-09 12:37:29,BOM-MAA,2026-08-15
991,SkyFareHub,IndiGo,DEL,CCU,2026-08-22,2026-08-15 19:28:00,6227.95,2026-09-09 12:37:29,DEL-CCU,2026-08-15
992,TripEase,IndiGo,DEL,CCU,2026-08-22,2026-08-15 16:00:00,5851.75,2026-09-09 12:37:29,DEL-CCU,2026-08-15
993,SkyFareHub,Air India,DEL,CCU,2026-08-22,2026-08-15 13:42:00,6836.91,2026-09-09 12:37:29,DEL-CCU,2026-08-15
994,TripEase,Air India,DEL,CCU,2026-08-22,2026-08-15 09:27:00,6863.24,2026-09-09 12:37:29,DEL-CCU,2026-08-15
995,SkyFareHub,SpiceJet,DEL,CCU,2026-08-22,2026-08-15 17:42:00,5843.02,2026-09-09 12:37:29,DEL-CCU,2026-08-15
996,TripEase,SpiceJet,DEL,CCU,2026-08-22,2026-08-15 07:00:00,5897.74,2026-09-09 12:37:29,DEL-CCU,2026-08-15
997,SkyFareHub,Vistara,DEL,CCU,2026-08-22,2026-08-15 21:54:00,7023.77,2026-09-09 12:37:29,DEL-CCU,2026-08-15
998,TripEase,Vistara,DEL,CCU,2026-08-22,2026-08-15 21:20:00,6943.69,2026-09-09 12:37:29,DEL-CCU,2026-08-15
999,SkyFareHub,Akasa Air,DEL,CCU,2026-08-22,2026-08-15 07:32:00,6023.6,2026-09-09 12:37:29,DEL-CCU,2026-08-15
1000,TripEase,Akasa Air,DEL,CCU,2026-08-22,2026-08-15 18:52:00,5897.66,2026-09-09 12:37:29,DEL-CCU,2026-08-15
1001,SkyFareHub,IndiGo,DEL,CCU,2026-08-29,2026-08-15 20:05:00,5932.54,2026-09-09 12:37:29,DEL-CCU,2026-08-15
1002,TripEase,IndiGo,DEL,CCU,2026-08-29,2026-08-15 09:31:00,6230.31,2026-09-09 12:37:29,DEL-CCU,2026-08-15
1003,SkyFareHub,Air India,DEL,CCU,2026-08-29,2026-08-15 18:26:00,6501.25,2026-09-09 12:37:29,DEL-CCU,2026-08-15
1004,TripEase,Air India,DEL,CCU,2026-08-29,2026-08-15 08:50:00,6338.02,2026-09-09 12:37:29,DEL-CCU,2026-08-15
1005,SkyFareHub,SpiceJet,DEL,CCU,2026-08-29,2026-08-15 15:56:00,5861.82,2026-09-09 12:37:29,DEL-CCU,2026-08-15
1006,TripEase,SpiceJet,DEL,CCU,2026-08-29,2026-08-15 20:21:00,5674.78,2026-09-09 12:37:29,DEL-CCU,2026-08-15
1007,SkyFareHub,Vistara,DEL,CCU,2026-08-29,2026-08-15 13:54:00,6724.44,2026-09-09 12:37:29,DEL-CCU,2026-08-15
1008,TripEase,Vistara,DEL,CCU,2026-08-29,2026-08-15 21:45:00,6987.48,2026-09-09 12:37:29,DEL-CCU,2026-08-15
1009,SkyFareHub,Akasa Air,DEL,CCU,2026-08-29,2026-08-15 09:06:00,6044.45,2026-09-09 12:37:29,DEL-CCU,2026-08-15
1010,TripEase,Akasa Air,DEL,CCU,2026-08-29,2026-08-15 16:22:00,5917.86,2026-09-09 12:37:29,DEL-CCU,2026-08-15
1011,SkyFareHub,IndiGo,DEL,CCU,2026-09-14,2026-08-15 15:35:00,6195.06,2026-09-09 12:37:29,DEL-CCU,2026-08-15
1012,TripEase,IndiGo,DEL,CCU,2026-09-14,2026-08-15 07:57:00,5957.82,2026-09-09 12:37:29,DEL-CCU,2026-08-15
1013,SkyFareHub,Air India,DEL,CCU,2026-09-14,2026-08-15 19:06:00,6038.91,2026-09-09 12:37:29,DEL-CCU,2026-08-15
1014,TripEase,Air India,DEL,CCU,2026-09-14,2026-08-15 09:59:00,6105.79,2026-09-09 12:37:29,DEL-CCU,2026-08-15
1015,SkyFareHub,SpiceJet,DEL,CCU,2026-09-14,2026-08-15 12:45:00,5644.45,2026-09-09 12:37:29,DEL-CCU,2026-08-15
1016,TripEase,SpiceJet,DEL,CCU,2026-09-14,2026-08-15 07:59:00,5596.17,2026-09-09 12:37:29,DEL-CCU,2026-08-15
1017,SkyFareHub,Vistara,DEL,CCU,2026-09-14,2026-08-15 09:49:00,6899.49,2026-09-09 12:37:29,DEL-CCU,2026-08-15
1018,TripEase,Vistara,DEL,CCU,2026-09-14,2026-08-15 22:08:00,6952.18,2026-09-09 12:37:29,DEL-CCU,2026-08-15
1019,SkyFareHub,Akasa Air,DEL,CCU,2026-09-14,2026-08-15 07:35:00,5741.95,2026-09-09 12:37:29,DEL-CCU,2026-08-15
1020,TripEase,Akasa Air,DEL,CCU,2026-09-14,2026-08-15 21:59:00,6014.32,2026-09-09 12:37:29,DEL-CCU,2026-08-15
1021,SkyFareHub,IndiGo,BLR,HYD,2026-08-22,2026-08-15 11:44:00,3875.79,2026-09-09 12:37:29,BLR-HYD,2026-08-15
1022,TripEase,IndiGo,BLR,HYD,2026-08-22,2026-08-15 10:06:00,3853.79,2026-09-09 12:37:29,BLR-HYD,2026-08-15
1023,SkyFareHub,Air India,BLR,HYD,2026-08-22,2026-08-15 16:32:00,4067.9,2026-09-09 12:37:29,BLR-HYD,2026-08-15
1024,TripEase,Air India,BLR,HYD,2026-08-22,2026-08-15 13:17:00,4184.61,2026-09-09 12:37:29,BLR-HYD,2026-08-15
1025,SkyFareHub,SpiceJet,BLR,HYD,2026-08-22,2026-08-15 15:28:00,3525.76,2026-09-09 12:37:29,BLR-HYD,2026-08-15
1026,TripEase,SpiceJet,BLR,HYD,2026-08-22,2026-08-15 22:19:00,3598.52,2026-09-09 12:37:29,BLR-HYD,2026-08-15
1027,SkyFareHub,Vistara,BLR,HYD,2026-08-22,2026-08-15 16:45:00,4476.18,2026-09-09 12:37:29,BLR-HYD,2026-08-15
1028,TripEase,Vistara,BLR,HYD,2026-08-22,2026-08-15 12:12:00,4440.75,2026-09-09 12:37:29,BLR-HYD,2026-08-15
1029,SkyFareHub,Akasa Air,BLR,HYD,2026-08-22,2026-08-15 17:58:00,3626.51,2026-09-09 12:37:29,BLR-HYD,2026-08-15
1030,TripEase,Akasa Air,BLR,HYD,2026-08-22,2026-08-15 11:32:00,3820.84,2026-09-09 12:37:29,BLR-HYD,2026-08-15
1031,SkyFareHub,IndiGo,BLR,HYD,2026-08-29,2026-08-15 09:48:00,3767.41,2026-09-09 12:37:29,BLR-HYD,2026-08-15
1032,TripEase,IndiGo,BLR,HYD,2026-08-29,2026-08-15 19:43:00,3675.76,2026-09-09 12:37:29,BLR-HYD,2026-08-15
1033,SkyFareHub,Air India,BLR,HYD,2026-08-29,2026-08-15 15:56:00,4184.24,2026-09-09 12:37:29,BLR-HYD,2026-08-15
1034,TripEase,Air India,BLR,HYD,2026-08-29,2026-08-15 22:06:00,4208.25,2026-09-09 12:37:29,BLR-HYD,2026-08-15
1035,SkyFareHub,SpiceJet,BLR,HYD,2026-08-29,2026-08-15 07:12:00,3328.3,2026-09-09 12:37:29,BLR-HYD,2026-08-15
1036,TripEase,SpiceJet,BLR,HYD,2026-08-29,2026-08-15 15:43:00,3532.62,2026-09-09 12:37:29,BLR-HYD,2026-08-15
1037,SkyFareHub,Vistara,BLR,HYD,2026-08-29,2026-08-15 15:13:00,4284.54,2026-09-09 12:37:29,BLR-HYD,2026-08-15
1038,TripEase,Vistara,BLR,HYD,2026-08-29,2026-08-15 20:06:00,4249.5,2026-09-09 12:37:29,BLR-HYD,2026-08-15
1039,SkyFareHub,Akasa Air,BLR,HYD,2026-08-29,2026-08-15 13:47:00,3684.04,2026-09-09 12:37:29,BLR-HYD,2026-08-15
1040,TripEase,Akasa Air,BLR,HYD,2026-08-29,2026-08-15 22:50:00,3630.88,2026-09-09 12:37:29,BLR-HYD,2026-08-15
1041,SkyFareHub,IndiGo,BLR,HYD,2026-09-14,2026-08-15 07:59:00,3729.47,2026-09-09 12:37:29,BLR-HYD,2026-08-15
1042,TripEase,IndiGo,BLR,HYD,2026-09-14,2026-08-15 16:35:00,3549.41,2026-09-09 12:37:29,BLR-HYD,2026-08-15
1043,SkyFareHub,Air India,BLR,HYD,2026-09-14,2026-08-15 12:39:00,3807.71,2026-09-09 12:37:29,BLR-HYD,2026-08-15
1044,TripEase,Air India,BLR,HYD,2026-09-14,2026-08-15 20:53:00,4088.58,2026-09-09 12:37:29,BLR-HYD,2026-08-15
1045,SkyFareHub,SpiceJet,BLR,HYD,2026-09-14,2026-08-15 17:48:00,3373.83,2026-09-09 12:37:29,BLR-HYD,2026-08-15
1046,TripEase,SpiceJet,BLR,HYD,2026-09-14,2026-08-15 12:49:00,3494.63,2026-09-09 12:37:29,BLR-HYD,2026-08-15
1047,SkyFareHub,Vistara,BLR,HYD,2026-09-14,2026-08-15 20:11:00,4140.15,2026-09-09 12:37:29,BLR-HYD,2026-08-15
1048,TripEase,Vistara,BLR,HYD,2026-09-14,2026-08-15 11:47:00,4196.24,2026-09-09 12:37:29,BLR-HYD,2026-08-15
1049,SkyFareHub,Akasa Air,BLR,HYD,2026-09-14,2026-08-15 19:17:00,3471.64,2026-09-09 12:37:29,BLR-HYD,2026-08-15
1050,TripEase,Akasa Air,BLR,HYD,2026-09-14,2026-08-15 14:00:00,3431.79,2026-09-09 12:37:29,BLR-HYD,2026-08-15
1051,SkyFareHub,IndiGo,DEL,BOM,2026-08-23,2026-08-16 10:02:00,5473.77,2026-09-09 12:37:29,DEL-BOM,2026-08-16
1052,TripEase,IndiGo,DEL,BOM,2026-08-23,2026-08-16 07:49:00,5269.0,2026-09-09 12:37:29,DEL-BOM,2026-08-16
1053,SkyFareHub,Air India,DEL,BOM,2026-08-23,2026-08-16 15:31:00,6163.16,2026-09-09 12:37:29,DEL-BOM,2026-08-16
1054,TripEase,Air India,DEL,BOM,2026-08-23,2026-08-16 08:50:00,6072.48,2026-09-09 12:37:29,DEL-BOM,2026-08-16
1055,SkyFareHub,SpiceJet,DEL,BOM,2026-08-23,2026-08-16 11:33:00,5299.56,2026-09-09 12:37:29,DEL-BOM,2026-08-16
1056,TripEase,SpiceJet,DEL,BOM,2026-08-23,2026-08-16 19:34:00,5026.93,2026-09-09 12:37:29,DEL-BOM,2026-08-16
1057,SkyFareHub,Vistara,DEL,BOM,2026-08-23,2026-08-16 13:56:00,6165.37,2026-09-09 12:37:29,DEL-BOM,2026-08-16
1058,TripEase,Vistara,DEL,BOM,2026-08-23,2026-08-16 17:18:00,6092.92,2026-09-09 12:37:29,DEL-BOM,2026-08-16
1059,SkyFareHub,Akasa Air,DEL,BOM,2026-08-23,2026-08-16 22:30:00,5275.58,2026-09-09 12:37:29,DEL-BOM,2026-08-16
1060,TripEase,Akasa Air,DEL,BOM,2026-08-23,2026-08-16 06:07:00,5629.1,2026-09-09 12:37:29,DEL-BOM,2026-08-16
1061,SkyFareHub,IndiGo,DEL,BOM,2026-08-30,2026-08-16 13:02:00,5456.69,2026-09-09 12:37:29,DEL-BOM,2026-08-16
1062,TripEase,IndiGo,DEL,BOM,2026-08-30,2026-08-16 09:24:00,5422.15,2026-09-09 12:37:29,DEL-BOM,2026-08-16
1063,SkyFareHub,Air India,DEL,BOM,2026-08-30,2026-08-16 06:58:00,5798.21,2026-09-09 12:37:29,DEL-BOM,2026-08-16
1064,TripEase,Air India,DEL,BOM,2026-08-30,2026-08-16 22:51:00,5935.95,2026-09-09 12:37:29,DEL-BOM,2026-08-16
1065,SkyFareHub,SpiceJet,DEL,BOM,2026-08-30,2026-08-16 15:57:00,5130.76,2026-09-09 12:37:29,DEL-BOM,2026-08-16
1066,TripEase,SpiceJet,DEL,BOM,2026-08-30,2026-08-16 08:06:00,5138.12,2026-09-09 12:37:29,DEL-BOM,2026-08-16
1067,SkyFareHub,Vistara,DEL,BOM,2026-08-30,2026-08-16 06:40:00,6216.27,2026-09-09 12:37:29,DEL-BOM,2026-08-16
1068,TripEase,Vistara,DEL,BOM,2026-08-30,2026-08-16 12:55:00,6059.06,2026-09-09 12:37:29,DEL-BOM,2026-08-16
1069,SkyFareHub,Akasa Air,DEL,BOM,2026-08-30,2026-08-16 12:34:00,5422.49,2026-09-09 12:37:29,DEL-BOM,2026-08-16
1070,TripEase,Akasa Air,DEL,BOM,2026-08-30,2026-08-16 19:41:00,5496.08,2026-09-09 12:37:29,DEL-BOM,2026-08-16
1071,SkyFareHub,IndiGo,DEL,BOM,2026-09-15,2026-08-16 10:01:00,5221.75,2026-09-09 12:37:29,DEL-BOM,2026-08-16
1072,TripEase,IndiGo,DEL,BOM,2026-09-15,2026-08-16 08:04:00,5153.7,2026-09-09 12:37:29,DEL-BOM,2026-08-16
1073,SkyFareHub,Air India,DEL,BOM,2026-09-15,2026-08-16 08:36:00,5539.78,2026-09-09 12:37:29,DEL-BOM,2026-08-16
1074,TripEase,Air India,DEL,BOM,2026-09-15,2026-08-16 19:24:00,5925.62,2026-09-09 12:37:29,DEL-BOM,2026-08-16
1075,SkyFareHub,SpiceJet,DEL,BOM,2026-09-15,2026-08-16 16:01:00,4914.46,2026-09-09 12:37:29,DEL-BOM,2026-08-16
1076,TripEase,SpiceJet,DEL,BOM,2026-09-15,2026-08-16 06:41:00,4804.8,2026-09-09 12:37:29,DEL-BOM,2026-08-16
1077,SkyFareHub,Vistara,DEL,BOM,2026-09-15,2026-08-16 07:44:00,5955.45,2026-09-09 12:37:29,DEL-BOM,2026-08-16
1078,TripEase,Vistara,DEL,BOM,2026-09-15,2026-08-16 22:06:00,6123.07,2026-09-09 12:37:29,DEL-BOM,2026-08-16
1079,SkyFareHub,Akasa Air,DEL,BOM,2026-09-15,2026-08-16 08:18:00,5038.1,2026-09-09 12:37:29,DEL-BOM,2026-08-16
1080,TripEase,Akasa Air,DEL,BOM,2026-09-15,2026-08-16 18:52:00,5155.36,2026-09-09 12:37:29,DEL-BOM,2026-08-16
1081,SkyFareHub,IndiGo,DEL,BLR,2026-08-23,2026-08-16 13:08:00,6044.73,2026-09-09 12:37:29,DEL-BLR,2026-08-16
1082,TripEase,IndiGo,DEL,BLR,2026-08-23,2026-08-16 15:40:00,6201.62,2026-09-09 12:37:29,DEL-BLR,2026-08-16
1083,SkyFareHub,Air India,DEL,BLR,2026-08-23,2026-08-16 17:00:00,6340.23,2026-09-09 12:37:29,DEL-BLR,2026-08-16
1084,TripEase,Air India,DEL,BLR,2026-08-23,2026-08-16 09:02:00,6504.35,2026-09-09 12:37:29,DEL-BLR,2026-08-16
1085,SkyFareHub,SpiceJet,DEL,BLR,2026-08-23,2026-08-16 08:19:00,5486.42,2026-09-09 12:37:29,DEL-BLR,2026-08-16
1086,TripEase,SpiceJet,DEL,BLR,2026-08-23,2026-08-16 17:13:00,5628.88,2026-09-09 12:37:29,DEL-BLR,2026-08-16
1087,SkyFareHub,Vistara,DEL,BLR,2026-08-23,2026-08-16 22:09:00,6885.93,2026-09-09 12:37:29,DEL-BLR,2026-08-16
1088,TripEase,Vistara,DEL,BLR,2026-08-23,2026-08-16 14:12:00,6572.18,2026-09-09 12:37:29,DEL-BLR,2026-08-16
1089,SkyFareHub,Akasa Air,DEL,BLR,2026-08-23,2026-08-16 07:54:00,5678.61,2026-09-09 12:37:29,DEL-BLR,2026-08-16
1090,TripEase,Akasa Air,DEL,BLR,2026-08-23,2026-08-16 20:41:00,6084.81,2026-09-09 12:37:29,DEL-BLR,2026-08-16
1091,SkyFareHub,IndiGo,DEL,BLR,2026-08-30,2026-08-16 08:16:00,5841.73,2026-09-09 12:37:29,DEL-BLR,2026-08-16
1092,TripEase,IndiGo,DEL,BLR,2026-08-30,2026-08-16 21:21:00,5782.68,2026-09-09 12:37:29,DEL-BLR,2026-08-16
1093,SkyFareHub,Air India,DEL,BLR,2026-08-30,2026-08-16 13:06:00,6356.39,2026-09-09 12:37:29,DEL-BLR,2026-08-16
1094,TripEase,Air India,DEL,BLR,2026-08-30,2026-08-16 12:20:00,6090.07,2026-09-09 12:37:29,DEL-BLR,2026-08-16
1095,SkyFareHub,SpiceJet,DEL,BLR,2026-08-30,2026-08-16 15:44:00,5533.73,2026-09-09 12:37:29,DEL-BLR,2026-08-16
1096,TripEase,SpiceJet,DEL,BLR,2026-08-30,2026-08-16 17:51:00,5657.42,2026-09-09 12:37:29,DEL-BLR,2026-08-16
1097,SkyFareHub,Vistara,DEL,BLR,2026-08-30,2026-08-16 06:20:00,6647.47,2026-09-09 12:37:29,DEL-BLR,2026-08-16
1098,TripEase,Vistara,DEL,BLR,2026-08-30,2026-08-16 19:17:00,6525.36,2026-09-09 12:37:29,DEL-BLR,2026-08-16
1099,SkyFareHub,Akasa Air,DEL,BLR,2026-08-30,2026-08-16 16:56:00,5745.67,2026-09-09 12:37:29,DEL-BLR,2026-08-16
1100,TripEase,Akasa Air,DEL,BLR,2026-08-30,2026-08-16 15:31:00,5687.66,2026-09-09 12:37:29,DEL-BLR,2026-08-16
1101,SkyFareHub,IndiGo,DEL,BLR,2026-09-15,2026-08-16 08:53:00,5611.05,2026-09-09 12:37:29,DEL-BLR,2026-08-16
1102,TripEase,IndiGo,DEL,BLR,2026-09-15,2026-08-16 12:16:00,5709.95,2026-09-09 12:37:29,DEL-BLR,2026-08-16
1103,SkyFareHub,Air India,DEL,BLR,2026-09-15,2026-08-16 08:57:00,6315.95,2026-09-09 12:37:29,DEL-BLR,2026-08-16
1104,TripEase,Air India,DEL,BLR,2026-09-15,2026-08-16 06:52:00,5919.87,2026-09-09 12:37:29,DEL-BLR,2026-08-16
1105,SkyFareHub,SpiceJet,DEL,BLR,2026-09-15,2026-08-16 12:58:00,5418.08,2026-09-09 12:37:29,DEL-BLR,2026-08-16
1106,TripEase,SpiceJet,DEL,BLR,2026-09-15,2026-08-16 21:41:00,5135.01,2026-09-09 12:37:29,DEL-BLR,2026-08-16
1107,SkyFareHub,Vistara,DEL,BLR,2026-09-15,2026-08-16 13:57:00,6644.61,2026-09-09 12:37:29,DEL-BLR,2026-08-16
1108,TripEase,Vistara,DEL,BLR,2026-09-15,2026-08-16 15:08:00,6787.47,2026-09-09 12:37:29,DEL-BLR,2026-08-16
1109,SkyFareHub,Akasa Air,DEL,BLR,2026-09-15,2026-08-16 18:23:00,5515.24,2026-09-09 12:37:29,DEL-BLR,2026-08-16
1110,TripEase,Akasa Air,DEL,BLR,2026-09-15,2026-08-16 11:48:00,5582.3,2026-09-09 12:37:29,DEL-BLR,2026-08-16
1111,SkyFareHub,IndiGo,BOM,BLR,2026-08-23,2026-08-16 11:36:00,4473.5,2026-09-09 12:37:29,BOM-BLR,2026-08-16
1112,TripEase,IndiGo,BOM,BLR,2026-08-23,2026-08-16 10:47:00,4686.7,2026-09-09 12:37:29,BOM-BLR,2026-08-16
1113,SkyFareHub,Air India,BOM,BLR,2026-08-23,2026-08-16 07:14:00,5058.97,2026-09-09 12:37:29,BOM-BLR,2026-08-16
1114,TripEase,Air India,BOM,BLR,2026-08-23,2026-08-16 14:23:00,4864.88,2026-09-09 12:37:29,BOM-BLR,2026-08-16
1115,SkyFareHub,SpiceJet,BOM,BLR,2026-08-23,2026-08-16 22:58:00,4211.21,2026-09-09 12:37:29,BOM-BLR,2026-08-16
1116,TripEase,SpiceJet,BOM,BLR,2026-08-23,2026-08-16 20:56:00,4329.46,2026-09-09 12:37:29,BOM-BLR,2026-08-16
1117,SkyFareHub,Vistara,BOM,BLR,2026-08-23,2026-08-16 16:06:00,5116.93,2026-09-09 12:37:29,BOM-BLR,2026-08-16
1118,TripEase,Vistara,BOM,BLR,2026-08-23,2026-08-16 14:53:00,5245.97,2026-09-09 12:37:29,BOM-BLR,2026-08-16
1119,SkyFareHub,Akasa Air,BOM,BLR,2026-08-23,2026-08-16 11:24:00,4453.08,2026-09-09 12:37:29,BOM-BLR,2026-08-16
1120,TripEase,Akasa Air,BOM,BLR,2026-08-23,2026-08-16 08:33:00,4366.73,2026-09-09 12:37:29,BOM-BLR,2026-08-16
1121,SkyFareHub,IndiGo,BOM,BLR,2026-08-30,2026-08-16 13:33:00,4456.76,2026-09-09 12:37:29,BOM-BLR,2026-08-16
1122,TripEase,IndiGo,BOM,BLR,2026-08-30,2026-08-16 17:31:00,4470.08,2026-09-09 12:37:29,BOM-BLR,2026-08-16
1123,SkyFareHub,Air India,BOM,BLR,2026-08-30,2026-08-16 06:32:00,4995.4,2026-09-09 12:37:29,BOM-BLR,2026-08-16
1124,TripEase,Air India,BOM,BLR,2026-08-30,2026-08-16 13:04:00,4901.45,2026-09-09 12:37:29,BOM-BLR,2026-08-16
1125,SkyFareHub,SpiceJet,BOM,BLR,2026-08-30,2026-08-16 10:11:00,4147.96,2026-09-09 12:37:29,BOM-BLR,2026-08-16
1126,TripEase,SpiceJet,BOM,BLR,2026-08-30,2026-08-16 09:42:00,4108.9,2026-09-09 12:37:29,BOM-BLR,2026-08-16
1127,SkyFareHub,Vistara,BOM,BLR,2026-08-30,2026-08-16 09:30:00,5067.39,2026-09-09 12:37:29,BOM-BLR,2026-08-16
1128,TripEase,Vistara,BOM,BLR,2026-08-30,2026-08-16 11:41:00,5146.98,2026-09-09 12:37:29,BOM-BLR,2026-08-16
1129,SkyFareHub,Akasa Air,BOM,BLR,2026-08-30,2026-08-16 07:08:00,4278.17,2026-09-09 12:37:29,BOM-BLR,2026-08-16
1130,TripEase,Akasa Air,BOM,BLR,2026-08-30,2026-08-16 22:02:00,4224.71,2026-09-09 12:37:29,BOM-BLR,2026-08-16
1131,SkyFareHub,IndiGo,BOM,BLR,2026-09-15,2026-08-16 11:16:00,4316.82,2026-09-09 12:37:29,BOM-BLR,2026-08-16
1132,TripEase,IndiGo,BOM,BLR,2026-09-15,2026-08-16 18:38:00,4422.46,2026-09-09 12:37:29,BOM-BLR,2026-08-16
1133,SkyFareHub,Air India,BOM,BLR,2026-09-15,2026-08-16 15:05:00,4827.04,2026-09-09 12:37:29,BOM-BLR,2026-08-16
1134,TripEase,Air India,BOM,BLR,2026-09-15,2026-08-16 21:55:00,4540.51,2026-09-09 12:37:29,BOM-BLR,2026-08-16
1135,SkyFareHub,SpiceJet,BOM,BLR,2026-09-15,2026-08-16 19:38:00,3985.75,2026-09-09 12:37:29,BOM-BLR,2026-08-16
1136,TripEase,SpiceJet,BOM,BLR,2026-09-15,2026-08-16 11:39:00,3964.15,2026-09-09 12:37:29,BOM-BLR,2026-08-16
1137,SkyFareHub,Vistara,BOM,BLR,2026-09-15,2026-08-16 16:59:00,4908.15,2026-09-09 12:37:29,BOM-BLR,2026-08-16
1138,TripEase,Vistara,BOM,BLR,2026-09-15,2026-08-16 13:24:00,4923.24,2026-09-09 12:37:29,BOM-BLR,2026-08-16
1139,SkyFareHub,Akasa Air,BOM,BLR,2026-09-15,2026-08-16 12:33:00,4010.2,2026-09-09 12:37:29,BOM-BLR,2026-08-16
1140,TripEase,Akasa Air,BOM,BLR,2026-09-15,2026-08-16 19:52:00,4265.89,2026-09-09 12:37:29,BOM-BLR,2026-08-16
1141,SkyFareHub,IndiGo,DEL,MAA,2026-08-23,2026-08-16 21:57:00,6136.92,2026-09-09 12:37:29,DEL-MAA,2026-08-16
1142,TripEase,IndiGo,DEL,MAA,2026-08-23,2026-08-16 22:48:00,6355.65,2026-09-09 12:37:29,DEL-MAA,2026-08-16
1143,SkyFareHub,Air India,DEL,MAA,2026-08-23,2026-08-16 10:57:00,6771.89,2026-09-09 12:37:29,DEL-MAA,2026-08-16
1144,TripEase,Air India,DEL,MAA,2026-08-23,2026-08-16 19:33:00,7188.64,2026-09-09 12:37:29,DEL-MAA,2026-08-16
1145,SkyFareHub,SpiceJet,DEL,MAA,2026-08-23,2026-08-16 22:27:00,6250.85,2026-09-09 12:37:29,DEL-MAA,2026-08-16
1146,TripEase,SpiceJet,DEL,MAA,2026-08-23,2026-08-16 18:22:00,6129.99,2026-09-09 12:37:29,DEL-MAA,2026-08-16
1147,SkyFareHub,Vistara,DEL,MAA,2026-08-23,2026-08-16 09:27:00,7607.5,2026-09-09 12:37:29,DEL-MAA,2026-08-16
1148,TripEase,Vistara,DEL,MAA,2026-08-23,2026-08-16 13:58:00,7218.28,2026-09-09 12:37:29,DEL-MAA,2026-08-16
1149,SkyFareHub,Akasa Air,DEL,MAA,2026-08-23,2026-08-16 19:16:00,6379.78,2026-09-09 12:37:29,DEL-MAA,2026-08-16
1150,TripEase,Akasa Air,DEL,MAA,2026-08-23,2026-08-16 06:36:00,6203.6,2026-09-09 12:37:29,DEL-MAA,2026-08-16
1151,SkyFareHub,IndiGo,DEL,MAA,2026-08-30,2026-08-16 18:41:00,6402.44,2026-09-09 12:37:29,DEL-MAA,2026-08-16
1152,TripEase,IndiGo,DEL,MAA,2026-08-30,2026-08-16 19:23:00,6349.47,2026-09-09 12:37:29,DEL-MAA,2026-08-16
1153,SkyFareHub,Air India,DEL,MAA,2026-08-30,2026-08-16 14:16:00,6646.47,2026-09-09 12:37:29,DEL-MAA,2026-08-16
1154,TripEase,Air India,DEL,MAA,2026-08-30,2026-08-16 17:39:00,7058.19,2026-09-09 12:37:29,DEL-MAA,2026-08-16
1155,SkyFareHub,SpiceJet,DEL,MAA,2026-08-30,2026-08-16 12:26:00,6021.02,2026-09-09 12:37:29,DEL-MAA,2026-08-16
1156,TripEase,SpiceJet,DEL,MAA,2026-08-30,2026-08-16 11:23:00,6110.41,2026-09-09 12:37:29,DEL-MAA,2026-08-16
1157,SkyFareHub,Vistara,DEL,MAA,2026-08-30,2026-08-16 15:36:00,7368.41,2026-09-09 12:37:29,DEL-MAA,2026-08-16
1158,TripEase,Vistara,DEL,MAA,2026-08-30,2026-08-16 10:54:00,7339.97,2026-09-09 12:37:29,DEL-MAA,2026-08-16
1159,SkyFareHub,Akasa Air,DEL,MAA,2026-08-30,2026-08-16 13:28:00,6230.57,2026-09-09 12:37:29,DEL-MAA,2026-08-16
1160,TripEase,Akasa Air,DEL,MAA,2026-08-30,2026-08-16 09:13:00,6499.0,2026-09-09 12:37:29,DEL-MAA,2026-08-16
1161,SkyFareHub,IndiGo,DEL,MAA,2026-09-15,2026-08-16 07:10:00,6283.29,2026-09-09 12:37:29,DEL-MAA,2026-08-16
1162,TripEase,IndiGo,DEL,MAA,2026-09-15,2026-08-16 08:52:00,6168.77,2026-09-09 12:37:29,DEL-MAA,2026-08-16
1163,SkyFareHub,Air India,DEL,MAA,2026-09-15,2026-08-16 19:05:00,6648.25,2026-09-09 12:37:29,DEL-MAA,2026-08-16
1164,TripEase,Air India,DEL,MAA,2026-09-15,2026-08-16 08:38:00,6323.26,2026-09-09 12:37:29,DEL-MAA,2026-08-16
1165,SkyFareHub,SpiceJet,DEL,MAA,2026-09-15,2026-08-16 18:39:00,5606.98,2026-09-09 12:37:29,DEL-MAA,2026-08-16
1166,TripEase,SpiceJet,DEL,MAA,2026-09-15,2026-08-16 07:49:00,5862.68,2026-09-09 12:37:29,DEL-MAA,2026-08-16
1167,SkyFareHub,Vistara,DEL,MAA,2026-09-15,2026-08-16 20:00:00,7340.81,2026-09-09 12:37:29,DEL-MAA,2026-08-16
1168,TripEase,Vistara,DEL,MAA,2026-09-15,2026-08-16 22:18:00,6996.6,2026-09-09 12:37:29,DEL-MAA,2026-08-16
1169,SkyFareHub,Akasa Air,DEL,MAA,2026-09-15,2026-08-16 22:33:00,5943.8,2026-09-09 12:37:29,DEL-MAA,2026-08-16
1170,TripEase,Akasa Air,DEL,MAA,2026-09-15,2026-08-16 07:23:00,6124.46,2026-09-09 12:37:29,DEL-MAA,2026-08-16
1171,SkyFareHub,IndiGo,BOM,MAA,2026-08-23,2026-08-16 11:05:00,5484.2,2026-09-09 12:37:29,BOM-MAA,2026-08-16
1172,TripEase,IndiGo,BOM,MAA,2026-08-23,2026-08-16 17:42:00,6104.56,2026-09-09 12:37:29,BOM-MAA,2026-08-16
1173,SkyFareHub,Air India,BOM,MAA,2026-08-23,2026-08-16 22:00:00,6220.08,2026-09-09 12:37:29,BOM-MAA,2026-08-16
1174,TripEase,Air India,BOM,MAA,2026-08-23,2026-08-16 08:35:00,6196.96,2026-09-09 12:37:29,BOM-MAA,2026-08-16
1175,SkyFareHub,SpiceJet,BOM,MAA,2026-08-23,2026-08-16 17:22:00,5503.03,2026-09-09 12:37:29,BOM-MAA,2026-08-16
1176,TripEase,SpiceJet,BOM,MAA,2026-08-23,2026-08-16 12:29:00,5618.9,2026-09-09 12:37:29,BOM-MAA,2026-08-16
1177,SkyFareHub,Vistara,BOM,MAA,2026-08-23,2026-08-16 14:11:00,6902.94,2026-09-09 12:37:29,BOM-MAA,2026-08-16
1178,TripEase,Vistara,BOM,MAA,2026-08-23,2026-08-16 08:32:00,6438.4,2026-09-09 12:37:29,BOM-MAA,2026-08-16
1179,SkyFareHub,Akasa Air,BOM,MAA,2026-08-23,2026-08-16 22:16:00,5662.69,2026-09-09 12:37:29,BOM-MAA,2026-08-16
1180,TripEase,Akasa Air,BOM,MAA,2026-08-23,2026-08-16 14:44:00,5878.56,2026-09-09 12:37:29,BOM-MAA,2026-08-16
1181,SkyFareHub,IndiGo,BOM,MAA,2026-08-30,2026-08-16 21:49:00,5627.83,2026-09-09 12:37:29,BOM-MAA,2026-08-16
1182,TripEase,IndiGo,BOM,MAA,2026-08-30,2026-08-16 20:43:00,5524.14,2026-09-09 12:37:29,BOM-MAA,2026-08-16
1183,SkyFareHub,Air India,BOM,MAA,2026-08-30,2026-08-16 06:30:00,6164.31,2026-09-09 12:37:29,BOM-MAA,2026-08-16
1184,TripEase,Air India,BOM,MAA,2026-08-30,2026-08-16 13:43:00,5803.13,2026-09-09 12:37:29,BOM-MAA,2026-08-16
1185,SkyFareHub,SpiceJet,BOM,MAA,2026-08-30,2026-08-16 19:22:00,5595.66,2026-09-09 12:37:29,BOM-MAA,2026-08-16
1186,TripEase,SpiceJet,BOM,MAA,2026-08-30,2026-08-16 14:15:00,5259.09,2026-09-09 12:37:29,BOM-MAA,2026-08-16
1187,SkyFareHub,Vistara,BOM,MAA,2026-08-30,2026-08-16 16:04:00,6399.12,2026-09-09 12:37:29,BOM-MAA,2026-08-16
1188,TripEase,Vistara,BOM,MAA,2026-08-30,2026-08-16 16:22:00,6452.53,2026-09-09 12:37:29,BOM-MAA,2026-08-16
1189,SkyFareHub,Akasa Air,BOM,MAA,2026-08-30,2026-08-16 11:47:00,5425.08,2026-09-09 12:37:29,BOM-MAA,2026-08-16
1190,TripEase,Akasa Air,BOM,MAA,2026-08-30,2026-08-16 21:47:00,5741.87,2026-09-09 12:37:29,BOM-MAA,2026-08-16
1191,SkyFareHub,IndiGo,BOM,MAA,2026-09-15,2026-08-16 14:13:00,5453.86,2026-09-09 12:37:29,BOM-MAA,2026-08-16
1192,TripEase,IndiGo,BOM,MAA,2026-09-15,2026-08-16 17:09:00,5499.77,2026-09-09 12:37:29,BOM-MAA,2026-08-16
1193,SkyFareHub,Air India,BOM,MAA,2026-09-15,2026-08-16 08:43:00,5946.14,2026-09-09 12:37:29,BOM-MAA,2026-08-16
1194,TripEase,Air India,BOM,MAA,2026-09-15,2026-08-16 06:48:00,6163.37,2026-09-09 12:37:29,BOM-MAA,2026-08-16
1195,SkyFareHub,SpiceJet,BOM,MAA,2026-09-15,2026-08-16 21:23:00,5526.27,2026-09-09 12:37:29,BOM-MAA,2026-08-16
1196,TripEase,SpiceJet,BOM,MAA,2026-09-15,2026-08-16 14:31:00,5281.09,2026-09-09 12:37:29,BOM-MAA,2026-08-16
1197,SkyFareHub,Vistara,BOM,MAA,2026-09-15,2026-08-16 22:17:00,6274.39,2026-09-09 12:37:29,BOM-MAA,2026-08-16
1198,TripEase,Vistara,BOM,MAA,2026-09-15,2026-08-16 10:03:00,6377.99,2026-09-09 12:37:29,BOM-MAA,2026-08-16
1199,SkyFareHub,Akasa Air,BOM,MAA,2026-09-15,2026-08-16 07:32:00,5329.52,2026-09-09 12:37:29,BOM-MAA,2026-08-16
1200,TripEase,Akasa Air,BOM,MAA,2026-09-15,2026-08-16 11:29:00,5393.41,2026-09-09 12:37:29,BOM-MAA,2026-08-16
1201,SkyFareHub,IndiGo,DEL,CCU,2026-08-23,2026-08-16 20:20:00,6485.36,2026-09-09 12:37:29,DEL-CCU,2026-08-16
1202,TripEase,IndiGo,DEL,CCU,2026-08-23,2026-08-16 12:24:00,6089.02,2026-09-09 12:37:29,DEL-CCU,2026-08-16
1203,SkyFareHub,Air India,DEL,CCU,2026-08-23,2026-08-16 14:11:00,6643.92,2026-09-09 12:37:29,DEL-CCU,2026-08-16
1204,TripEase,Air India,DEL,CCU,2026-08-23,2026-08-16 21:39:00,6591.27,2026-09-09 12:37:29,DEL-CCU,2026-08-16
1205,SkyFareHub,SpiceJet,DEL,CCU,2026-08-23,2026-08-16 19:13:00,5682.69,2026-09-09 12:37:29,DEL-CCU,2026-08-16
1206,TripEase,SpiceJet,DEL,CCU,2026-08-23,2026-08-16 17:54:00,5918.43,2026-09-09 12:37:29,DEL-CCU,2026-08-16
1207,SkyFareHub,Vistara,DEL,CCU,2026-08-23,2026-08-16 10:36:00,7025.42,2026-09-09 12:37:29,DEL-CCU,2026-08-16
1208,TripEase,Vistara,DEL,CCU,2026-08-23,2026-08-16 14:51:00,7342.5,2026-09-09 12:37:29,DEL-CCU,2026-08-16
1209,SkyFareHub,Akasa Air,DEL,CCU,2026-08-23,2026-08-16 18:12:00,5840.16,2026-09-09 12:37:29,DEL-CCU,2026-08-16
1210,TripEase,Akasa Air,DEL,CCU,2026-08-23,2026-08-16 10:30:00,5986.45,2026-09-09 12:37:29,DEL-CCU,2026-08-16
1211,SkyFareHub,IndiGo,DEL,CCU,2026-08-30,2026-08-16 21:08:00,6119.49,2026-09-09 12:37:29,DEL-CCU,2026-08-16
1212,TripEase,IndiGo,DEL,CCU,2026-08-30,2026-08-16 22:34:00,6457.77,2026-09-09 12:37:29,DEL-CCU,2026-08-16
1213,SkyFareHub,Air India,DEL,CCU,2026-08-30,2026-08-16 15:16:00,6804.45,2026-09-09 12:37:29,DEL-CCU,2026-08-16
1214,TripEase,Air India,DEL,CCU,2026-08-30,2026-08-16 18:06:00,6635.29,2026-09-09 12:37:29,DEL-CCU,2026-08-16
1215,SkyFareHub,SpiceJet,DEL,CCU,2026-08-30,2026-08-16 14:30:00,5719.78,2026-09-09 12:37:29,DEL-CCU,2026-08-16
1216,TripEase,SpiceJet,DEL,CCU,2026-08-30,2026-08-16 16:16:00,5801.06,2026-09-09 12:37:29,DEL-CCU,2026-08-16
1217,SkyFareHub,Vistara,DEL,CCU,2026-08-30,2026-08-16 14:22:00,6949.52,2026-09-09 12:37:29,DEL-CCU,2026-08-16
1218,TripEase,Vistara,DEL,CCU,2026-08-30,2026-08-16 12:36:00,6573.96,2026-09-09 12:37:29,DEL-CCU,2026-08-16
1219,SkyFareHub,Akasa Air,DEL,CCU,2026-08-30,2026-08-16 11:49:00,5994.79,2026-09-09 12:37:29,DEL-CCU,2026-08-16
1220,TripEase,Akasa Air,DEL,CCU,2026-08-30,2026-08-16 22:31:00,5742.33,2026-09-09 12:37:29,DEL-CCU,2026-08-16
1221,SkyFareHub,IndiGo,DEL,CCU,2026-09-15,2026-08-16 08:24:00,5998.96,2026-09-09 12:37:29,DEL-CCU,2026-08-16
1222,TripEase,IndiGo,DEL,CCU,2026-09-15,2026-08-16 10:55:00,5929.03,2026-09-09 12:37:29,DEL-CCU,2026-08-16
1223,SkyFareHub,Air India,DEL,CCU,2026-09-15,2026-08-16 16:26:00,6307.65,2026-09-09 12:37:29,DEL-CCU,2026-08-16
1224,TripEase,Air India,DEL,CCU,2026-09-15,2026-08-16 08:05:00,6453.47,2026-09-09 12:37:29,DEL-CCU,2026-08-16
1225,SkyFareHub,SpiceJet,DEL,CCU,2026-09-15,2026-08-16 16:41:00,5351.4,2026-09-09 12:37:29,DEL-CCU,2026-08-16
1226,TripEase,SpiceJet,DEL,CCU,2026-09-15,2026-08-16 18:17:00,5422.46,2026-09-09 12:37:29,DEL-CCU,2026-08-16
1227,SkyFareHub,Vistara,DEL,CCU,2026-09-15,2026-08-16 17:47:00,7095.71,2026-09-09 12:37:29,DEL-CCU,2026-08-16
1228,TripEase,Vistara,DEL,CCU,2026-09-15,2026-08-16 19:10:00,7007.76,2026-09-09 12:37:29,DEL-CCU,2026-08-16
1229,SkyFareHub,Akasa Air,DEL,CCU,2026-09-15,2026-08-16 13:42:00,5403.77,2026-09-09 12:37:29,DEL-CCU,2026-08-16
1230,TripEase,Akasa Air,DEL,CCU,2026-09-15,2026-08-16 08:13:00,5681.74,2026-09-09 12:37:29,DEL-CCU,2026-08-16
1231,SkyFareHub,IndiGo,BLR,HYD,2026-08-23,2026-08-16 08:59:00,3594.52,2026-09-09 12:37:29,BLR-HYD,2026-08-16
1232,TripEase,IndiGo,BLR,HYD,2026-08-23,2026-08-16 06:49:00,3911.25,2026-09-09 12:37:29,BLR-HYD,2026-08-16
1233,SkyFareHub,Air India,BLR,HYD,2026-08-23,2026-08-16 08:06:00,4119.73,2026-09-09 12:37:29,BLR-HYD,2026-08-16
1234,TripEase,Air India,BLR,HYD,2026-08-23,2026-08-16 18:19:00,3926.15,2026-09-09 12:37:29,BLR-HYD,2026-08-16
1235,SkyFareHub,SpiceJet,BLR,HYD,2026-08-23,2026-08-16 20:40:00,3569.68,2026-09-09 12:37:29,BLR-HYD,2026-08-16
1236,TripEase,SpiceJet,BLR,HYD,2026-08-23,2026-08-16 11:01:00,3494.57,2026-09-09 12:37:29,BLR-HYD,2026-08-16
1237,SkyFareHub,Vistara,BLR,HYD,2026-08-23,2026-08-16 16:55:00,4154.11,2026-09-09 12:37:29,BLR-HYD,2026-08-16
1238,TripEase,Vistara,BLR,HYD,2026-08-23,2026-08-16 14:35:00,4469.16,2026-09-09 12:37:29,BLR-HYD,2026-08-16
1239,SkyFareHub,Akasa Air,BLR,HYD,2026-08-23,2026-08-16 11:37:00,3759.24,2026-09-09 12:37:29,BLR-HYD,2026-08-16
1240,TripEase,Akasa Air,BLR,HYD,2026-08-23,2026-08-16 19:33:00,3729.53,2026-09-09 12:37:29,BLR-HYD,2026-08-16
1241,SkyFareHub,IndiGo,BLR,HYD,2026-08-30,2026-08-16 17:30:00,3781.11,2026-09-09 12:37:29,BLR-HYD,2026-08-16
1242,TripEase,IndiGo,BLR,HYD,2026-08-30,2026-08-16 20:19:00,3811.88,2026-09-09 12:37:29,BLR-HYD,2026-08-16
1243,SkyFareHub,Air India,BLR,HYD,2026-08-30,2026-08-16 15:00:00,3929.0,2026-09-09 12:37:29,BLR-HYD,2026-08-16
1244,TripEase,Air India,BLR,HYD,2026-08-30,2026-08-16 10:22:00,3945.44,2026-09-09 12:37:29,BLR-HYD,2026-08-16
1245,SkyFareHub,SpiceJet,BLR,HYD,2026-08-30,2026-08-16 21:48:00,3492.21,2026-09-09 12:37:29,BLR-HYD,2026-08-16
1246,TripEase,SpiceJet,BLR,HYD,2026-08-30,2026-08-16 19:51:00,3434.3,2026-09-09 12:37:29,BLR-HYD,2026-08-16
1247,SkyFareHub,Vistara,BLR,HYD,2026-08-30,2026-08-16 06:35:00,4151.28,2026-09-09 12:37:29,BLR-HYD,2026-08-16
1248,TripEase,Vistara,BLR,HYD,2026-08-30,2026-08-16 19:25:00,4225.47,2026-09-09 12:37:29,BLR-HYD,2026-08-16
1249,SkyFareHub,Akasa Air,BLR,HYD,2026-08-30,2026-08-16 18:53:00,3594.11,2026-09-09 12:37:29,BLR-HYD,2026-08-16
1250,TripEase,Akasa Air,BLR,HYD,2026-08-30,2026-08-16 19:40:00,3533.15,2026-09-09 12:37:29,BLR-HYD,2026-08-16
1251,SkyFareHub,IndiGo,BLR,HYD,2026-09-15,2026-08-16 14:18:00,3591.04,2026-09-09 12:37:29,BLR-HYD,2026-08-16
1252,TripEase,IndiGo,BLR,HYD,2026-09-15,2026-08-16 14:26:00,3658.73,2026-09-09 12:37:29,BLR-HYD,2026-08-16
1253,SkyFareHub,Air India,BLR,HYD,2026-09-15,2026-08-16 10:18:00,3699.46,2026-09-09 12:37:29,BLR-HYD,2026-08-16
1254,TripEase,Air India,BLR,HYD,2026-09-15,2026-08-16 20:17:00,3765.73,2026-09-09 12:37:29,BLR-HYD,2026-08-16
1255,SkyFareHub,SpiceJet,BLR,HYD,2026-09-15,2026-08-16 16:01:00,3481.84,2026-09-09 12:37:29,BLR-HYD,2026-08-16
1256,TripEase,SpiceJet,BLR,HYD,2026-09-15,2026-08-16 06:11:00,3429.72,2026-09-09 12:37:29,BLR-HYD,2026-08-16
1257,SkyFareHub,Vistara,BLR,HYD,2026-09-15,2026-08-16 10:45:00,4252.86,2026-09-09 12:37:29,BLR-HYD,2026-08-16
1258,TripEase,Vistara,BLR,HYD,2026-09-15,2026-08-16 08:09:00,4007.38,2026-09-09 12:37:29,BLR-HYD,2026-08-16
1259,SkyFareHub,Akasa Air,BLR,HYD,2026-09-15,2026-08-16 19:19:00,3305.38,2026-09-09 12:37:29,BLR-HYD,2026-08-16
1260,TripEase,Akasa Air,BLR,HYD,2026-09-15,2026-08-16 17:29:00,3580.36,2026-09-09 12:37:29,BLR-HYD,2026-08-16
1261,SkyFareHub,IndiGo,DEL,BOM,2026-08-24,2026-08-17 08:53:00,5422.56,2026-09-09 12:37:29,DEL-BOM,2026-08-17
1262,TripEase,IndiGo,DEL,BOM,2026-08-24,2026-08-17 14:49:00,5483.79,2026-09-09 12:37:29,DEL-BOM,2026-08-17
1263,SkyFareHub,Air India,DEL,BOM,2026-08-24,2026-08-17 11:12:00,5893.88,2026-09-09 12:37:29,DEL-BOM,2026-08-17
1264,TripEase,Air India,DEL,BOM,2026-08-24,2026-08-17 18:53:00,6028.34,2026-09-09 12:37:29,DEL-BOM,2026-08-17
1265,SkyFareHub,SpiceJet,DEL,BOM,2026-08-24,2026-08-17 13:24:00,5160.96,2026-09-09 12:37:29,DEL-BOM,2026-08-17
1266,TripEase,SpiceJet,DEL,BOM,2026-08-24,2026-08-17 07:12:00,5311.13,2026-09-09 12:37:29,DEL-BOM,2026-08-17
1267,SkyFareHub,Vistara,DEL,BOM,2026-08-24,2026-08-17 22:42:00,6396.75,2026-09-09 12:37:29,DEL-BOM,2026-08-17
1268,TripEase,Vistara,DEL,BOM,2026-08-24,2026-08-17 15:59:00,6547.09,2026-09-09 12:37:29,DEL-BOM,2026-08-17
1269,SkyFareHub,Akasa Air,DEL,BOM,2026-08-24,2026-08-17 07:47:00,5291.5,2026-09-09 12:37:29,DEL-BOM,2026-08-17
1270,TripEase,Akasa Air,DEL,BOM,2026-08-24,2026-08-17 14:30:00,5518.66,2026-09-09 12:37:29,DEL-BOM,2026-08-17
1271,SkyFareHub,IndiGo,DEL,BOM,2026-08-31,2026-08-17 07:55:00,5374.5,2026-09-09 12:37:29,DEL-BOM,2026-08-17
1272,TripEase,IndiGo,DEL,BOM,2026-08-31,2026-08-17 13:40:00,5638.23,2026-09-09 12:37:29,DEL-BOM,2026-08-17
1273,SkyFareHub,Air India,DEL,BOM,2026-08-31,2026-08-17 14:37:00,5644.49,2026-09-09 12:37:29,DEL-BOM,2026-08-17
1274,TripEase,Air India,DEL,BOM,2026-08-31,2026-08-17 06:02:00,5768.9,2026-09-09 12:37:29,DEL-BOM,2026-08-17
1275,SkyFareHub,SpiceJet,DEL,BOM,2026-08-31,2026-08-17 10:23:00,5233.94,2026-09-09 12:37:29,DEL-BOM,2026-08-17
1276,TripEase,SpiceJet,DEL,BOM,2026-08-31,2026-08-17 21:05:00,5175.62,2026-09-09 12:37:29,DEL-BOM,2026-08-17
1277,SkyFareHub,Vistara,DEL,BOM,2026-08-31,2026-08-17 07:03:00,6256.47,2026-09-09 12:37:29,DEL-BOM,2026-08-17
1278,TripEase,Vistara,DEL,BOM,2026-08-31,2026-08-17 09:08:00,6023.03,2026-09-09 12:37:29,DEL-BOM,2026-08-17
1279,SkyFareHub,Akasa Air,DEL,BOM,2026-08-31,2026-08-17 17:51:00,5187.16,2026-09-09 12:37:29,DEL-BOM,2026-08-17
1280,TripEase,Akasa Air,DEL,BOM,2026-08-31,2026-08-17 06:44:00,5488.0,2026-09-09 12:37:29,DEL-BOM,2026-08-17
1281,SkyFareHub,IndiGo,DEL,BOM,2026-09-16,2026-08-17 14:57:00,5253.47,2026-09-09 12:37:29,DEL-BOM,2026-08-17
1282,TripEase,IndiGo,DEL,BOM,2026-09-16,2026-08-17 15:34:00,5106.24,2026-09-09 12:37:29,DEL-BOM,2026-08-17
1283,SkyFareHub,Air India,DEL,BOM,2026-09-16,2026-08-17 11:34:00,5636.8,2026-09-09 12:37:29,DEL-BOM,2026-08-17
1284,TripEase,Air India,DEL,BOM,2026-09-16,2026-08-17 14:55:00,5662.85,2026-09-09 12:37:29,DEL-BOM,2026-08-17
1285,SkyFareHub,SpiceJet,DEL,BOM,2026-09-16,2026-08-17 11:04:00,5227.94,2026-09-09 12:37:29,DEL-BOM,2026-08-17
1286,TripEase,SpiceJet,DEL,BOM,2026-09-16,2026-08-17 14:34:00,4969.76,2026-09-09 12:37:29,DEL-BOM,2026-08-17
1287,SkyFareHub,Vistara,DEL,BOM,2026-09-16,2026-08-17 22:24:00,5775.0,2026-09-09 12:37:29,DEL-BOM,2026-08-17
1288,TripEase,Vistara,DEL,BOM,2026-09-16,2026-08-17 17:49:00,6270.12,2026-09-09 12:37:29,DEL-BOM,2026-08-17
1289,SkyFareHub,Akasa Air,DEL,BOM,2026-09-16,2026-08-17 08:42:00,5071.35,2026-09-09 12:37:29,DEL-BOM,2026-08-17
1290,TripEase,Akasa Air,DEL,BOM,2026-09-16,2026-08-17 12:33:00,5364.09,2026-09-09 12:37:29,DEL-BOM,2026-08-17
1291,SkyFareHub,IndiGo,DEL,BLR,2026-08-24,2026-08-17 10:39:00,6172.73,2026-09-09 12:37:29,DEL-BLR,2026-08-17
1292,TripEase,IndiGo,DEL,BLR,2026-08-24,2026-08-17 16:07:00,5853.11,2026-09-09 12:37:29,DEL-BLR,2026-08-17
1293,SkyFareHub,Air India,DEL,BLR,2026-08-24,2026-08-17 07:53:00,6321.33,2026-09-09 12:37:29,DEL-BLR,2026-08-17
1294,TripEase,Air India,DEL,BLR,2026-08-24,2026-08-17 07:12:00,6570.43,2026-09-09 12:37:29,DEL-BLR,2026-08-17
1295,SkyFareHub,SpiceJet,DEL,BLR,2026-08-24,2026-08-17 07:36:00,5405.82,2026-09-09 12:37:29,DEL-BLR,2026-08-17
1296,TripEase,SpiceJet,DEL,BLR,2026-08-24,2026-08-17 21:33:00,5716.46,2026-09-09 12:37:29,DEL-BLR,2026-08-17
1297,SkyFareHub,Vistara,DEL,BLR,2026-08-24,2026-08-17 07:23:00,6993.49,2026-09-09 12:37:29,DEL-BLR,2026-08-17
1298,TripEase,Vistara,DEL,BLR,2026-08-24,2026-08-17 06:59:00,6824.0,2026-09-09 12:37:29,DEL-BLR,2026-08-17
1299,SkyFareHub,Akasa Air,DEL,BLR,2026-08-24,2026-08-17 08:29:00,6059.74,2026-09-09 12:37:29,DEL-BLR,2026-08-17
1300,TripEase,Akasa Air,DEL,BLR,2026-08-24,2026-08-17 19:52:00,5796.53,2026-09-09 12:37:29,DEL-BLR,2026-08-17
1301,SkyFareHub,IndiGo,DEL,BLR,2026-08-31,2026-08-17 14:33:00,5916.39,2026-09-09 12:37:29,DEL-BLR,2026-08-17
1302,TripEase,IndiGo,DEL,BLR,2026-08-31,2026-08-17 15:04:00,5535.23,2026-09-09 12:37:29,DEL-BLR,2026-08-17
1303,SkyFareHub,Air India,DEL,BLR,2026-08-31,2026-08-17 09:06:00,6779.78,2026-09-09 12:37:29,DEL-BLR,2026-08-17
1304,TripEase,Air India,DEL,BLR,2026-08-31,2026-08-17 12:12:00,6503.73,2026-09-09 12:37:29,DEL-BLR,2026-08-17
1305,SkyFareHub,SpiceJet,DEL,BLR,2026-08-31,2026-08-17 11:35:00,5536.38,2026-09-09 12:37:29,DEL-BLR,2026-08-17
1306,TripEase,SpiceJet,DEL,BLR,2026-08-31,2026-08-17 09:49:00,5692.45,2026-09-09 12:37:29,DEL-BLR,2026-08-17
1307,SkyFareHub,Vistara,DEL,BLR,2026-08-31,2026-08-17 20:44:00,6807.49,2026-09-09 12:37:29,DEL-BLR,2026-08-17
1308,TripEase,Vistara,DEL,BLR,2026-08-31,2026-08-17 11:50:00,7035.78,2026-09-09 12:37:29,DEL-BLR,2026-08-17
1309,SkyFareHub,Akasa Air,DEL,BLR,2026-08-31,2026-08-17 16:42:00,5547.0,2026-09-09 12:37:29,DEL-BLR,2026-08-17
1310,TripEase,Akasa Air,DEL,BLR,2026-08-31,2026-08-17 20:59:00,5741.93,2026-09-09 12:37:29,DEL-BLR,2026-08-17
1311,SkyFareHub,IndiGo,DEL,BLR,2026-09-16,2026-08-17 16:54:00,5579.23,2026-09-09 12:37:29,DEL-BLR,2026-08-17
1312,TripEase,IndiGo,DEL,BLR,2026-09-16,2026-08-17 19:52:00,5741.92,2026-09-09 12:37:29,DEL-BLR,2026-08-17
1313,SkyFareHub,Air India,DEL,BLR,2026-09-16,2026-08-17 12:24:00,6318.36,2026-09-09 12:37:29,DEL-BLR,2026-08-17
1314,TripEase,Air India,DEL,BLR,2026-09-16,2026-08-17 14:23:00,6455.58,2026-09-09 12:37:29,DEL-BLR,2026-08-17
1315,SkyFareHub,SpiceJet,DEL,BLR,2026-09-16,2026-08-17 18:00:00,5607.76,2026-09-09 12:37:29,DEL-BLR,2026-08-17
1316,TripEase,SpiceJet,DEL,BLR,2026-09-16,2026-08-17 06:33:00,5679.91,2026-09-09 12:37:29,DEL-BLR,2026-08-17
1317,SkyFareHub,Vistara,DEL,BLR,2026-09-16,2026-08-17 06:19:00,6528.6,2026-09-09 12:37:29,DEL-BLR,2026-08-17
1318,TripEase,Vistara,DEL,BLR,2026-09-16,2026-08-17 16:01:00,6708.62,2026-09-09 12:37:29,DEL-BLR,2026-08-17
1319,SkyFareHub,Akasa Air,DEL,BLR,2026-09-16,2026-08-17 14:58:00,5806.36,2026-09-09 12:37:29,DEL-BLR,2026-08-17
1320,TripEase,Akasa Air,DEL,BLR,2026-09-16,2026-08-17 10:06:00,5581.21,2026-09-09 12:37:29,DEL-BLR,2026-08-17
1321,SkyFareHub,IndiGo,BOM,BLR,2026-08-24,2026-08-17 10:16:00,4287.05,2026-09-09 12:37:29,BOM-BLR,2026-08-17
1322,TripEase,IndiGo,BOM,BLR,2026-08-24,2026-08-17 13:16:00,4466.46,2026-09-09 12:37:29,BOM-BLR,2026-08-17
1323,SkyFareHub,Air India,BOM,BLR,2026-08-24,2026-08-17 18:36:00,4853.39,2026-09-09 12:37:29,BOM-BLR,2026-08-17
1324,TripEase,Air India,BOM,BLR,2026-08-24,2026-08-17 16:50:00,5081.82,2026-09-09 12:37:29,BOM-BLR,2026-08-17
1325,SkyFareHub,SpiceJet,BOM,BLR,2026-08-24,2026-08-17 09:38:00,4258.51,2026-09-09 12:37:29,BOM-BLR,2026-08-17
1326,TripEase,SpiceJet,BOM,BLR,2026-08-24,2026-08-17 18:05:00,4197.59,2026-09-09 12:37:29,BOM-BLR,2026-08-17
1327,SkyFareHub,Vistara,BOM,BLR,2026-08-24,2026-08-17 16:22:00,5412.42,2026-09-09 12:37:29,BOM-BLR,2026-08-17
1328,TripEase,Vistara,BOM,BLR,2026-08-24,2026-08-17 09:55:00,5302.49,2026-09-09 12:37:29,BOM-BLR,2026-08-17
1329,SkyFareHub,Akasa Air,BOM,BLR,2026-08-24,2026-08-17 06:40:00,4516.32,2026-09-09 12:37:29,BOM-BLR,2026-08-17
1330,TripEase,Akasa Air,BOM,BLR,2026-08-24,2026-08-17 15:33:00,4423.3,2026-09-09 12:37:29,BOM-BLR,2026-08-17
1331,SkyFareHub,IndiGo,BOM,BLR,2026-08-31,2026-08-17 10:20:00,4276.36,2026-09-09 12:37:29,BOM-BLR,2026-08-17
1332,TripEase,IndiGo,BOM,BLR,2026-08-31,2026-08-17 07:43:00,4354.97,2026-09-09 12:37:29,BOM-BLR,2026-08-17
1333,SkyFareHub,Air India,BOM,BLR,2026-08-31,2026-08-17 20:48:00,4840.43,2026-09-09 12:37:29,BOM-BLR,2026-08-17
1334,TripEase,Air India,BOM,BLR,2026-08-31,2026-08-17 13:27:00,4820.32,2026-09-09 12:37:29,BOM-BLR,2026-08-17
1335,SkyFareHub,SpiceJet,BOM,BLR,2026-08-31,2026-08-17 10:21:00,4109.46,2026-09-09 12:37:29,BOM-BLR,2026-08-17
1336,TripEase,SpiceJet,BOM,BLR,2026-08-31,2026-08-17 07:35:00,4084.42,2026-09-09 12:37:29,BOM-BLR,2026-08-17
1337,SkyFareHub,Vistara,BOM,BLR,2026-08-31,2026-08-17 22:27:00,4924.69,2026-09-09 12:37:29,BOM-BLR,2026-08-17
1338,TripEase,Vistara,BOM,BLR,2026-08-31,2026-08-17 10:30:00,5091.16,2026-09-09 12:37:29,BOM-BLR,2026-08-17
1339,SkyFareHub,Akasa Air,BOM,BLR,2026-08-31,2026-08-17 12:35:00,4312.7,2026-09-09 12:37:29,BOM-BLR,2026-08-17
1340,TripEase,Akasa Air,BOM,BLR,2026-08-31,2026-08-17 13:15:00,4396.05,2026-09-09 12:37:29,BOM-BLR,2026-08-17
1341,SkyFareHub,IndiGo,BOM,BLR,2026-09-16,2026-08-17 16:43:00,4206.87,2026-09-09 12:37:29,BOM-BLR,2026-08-17
1342,TripEase,IndiGo,BOM,BLR,2026-09-16,2026-08-17 19:27:00,4322.37,2026-09-09 12:37:29,BOM-BLR,2026-08-17
1343,SkyFareHub,Air India,BOM,BLR,2026-09-16,2026-08-17 17:38:00,4489.37,2026-09-09 12:37:29,BOM-BLR,2026-08-17
1344,TripEase,Air India,BOM,BLR,2026-09-16,2026-08-17 11:22:00,4757.45,2026-09-09 12:37:29,BOM-BLR,2026-08-17
1345,SkyFareHub,SpiceJet,BOM,BLR,2026-09-16,2026-08-17 20:39:00,4225.86,2026-09-09 12:37:29,BOM-BLR,2026-08-17
1346,TripEase,SpiceJet,BOM,BLR,2026-09-16,2026-08-17 13:12:00,3842.01,2026-09-09 12:37:29,BOM-BLR,2026-08-17
1347,SkyFareHub,Vistara,BOM,BLR,2026-09-16,2026-08-17 08:07:00,4896.26,2026-09-09 12:37:29,BOM-BLR,2026-08-17
1348,TripEase,Vistara,BOM,BLR,2026-09-16,2026-08-17 10:55:00,4943.35,2026-09-09 12:37:29,BOM-BLR,2026-08-17
1349,SkyFareHub,Akasa Air,BOM,BLR,2026-09-16,2026-08-17 16:44:00,4211.6,2026-09-09 12:37:29,BOM-BLR,2026-08-17
1350,TripEase,Akasa Air,BOM,BLR,2026-09-16,2026-08-17 21:01:00,4206.58,2026-09-09 12:37:29,BOM-BLR,2026-08-17
1351,SkyFareHub,IndiGo,DEL,MAA,2026-08-24,2026-08-17 12:13:00,6494.73,2026-09-09 12:37:29,DEL-MAA,2026-08-17
1352,TripEase,IndiGo,DEL,MAA,2026-08-24,2026-08-17 21:39:00,6610.12,2026-09-09 12:37:29,DEL-MAA,2026-08-17
1353,SkyFareHub,Air India,DEL,MAA,2026-08-24,2026-08-17 06:24:00,6985.74,2026-09-09 12:37:29,DEL-MAA,2026-08-17
1354,TripEase,Air India,DEL,MAA,2026-08-24,2026-08-17 07:16:00,7122.94,2026-09-09 12:37:29,DEL-MAA,2026-08-17
1355,SkyFareHub,SpiceJet,DEL,MAA,2026-08-24,2026-08-17 14:03:00,5921.67,2026-09-09 12:37:29,DEL-MAA,2026-08-17
1356,TripEase,SpiceJet,DEL,MAA,2026-08-24,2026-08-17 08:24:00,6311.5,2026-09-09 12:37:29,DEL-MAA,2026-08-17
1357,SkyFareHub,Vistara,DEL,MAA,2026-08-24,2026-08-17 17:55:00,7630.55,2026-09-09 12:37:29,DEL-MAA,2026-08-17
1358,TripEase,Vistara,DEL,MAA,2026-08-24,2026-08-17 18:14:00,7134.87,2026-09-09 12:37:29,DEL-MAA,2026-08-17
1359,SkyFareHub,Akasa Air,DEL,MAA,2026-08-24,2026-08-17 09:57:00,6538.71,2026-09-09 12:37:29,DEL-MAA,2026-08-17
1360,TripEase,Akasa Air,DEL,MAA,2026-08-24,2026-08-17 08:11:00,6339.49,2026-09-09 12:37:29,DEL-MAA,2026-08-17
1361,SkyFareHub,IndiGo,DEL,MAA,2026-08-31,2026-08-17 06:02:00,6421.49,2026-09-09 12:37:29,DEL-MAA,2026-08-17
1362,TripEase,IndiGo,DEL,MAA,2026-08-31,2026-08-17 16:31:00,6278.46,2026-09-09 12:37:29,DEL-MAA,2026-08-17
1363,SkyFareHub,Air India,DEL,MAA,2026-08-31,2026-08-17 17:43:00,6707.06,2026-09-09 12:37:29,DEL-MAA,2026-08-17
1364,TripEase,Air India,DEL,MAA,2026-08-31,2026-08-17 13:32:00,6878.21,2026-09-09 12:37:29,DEL-MAA,2026-08-17
1365,SkyFareHub,SpiceJet,DEL,MAA,2026-08-31,2026-08-17 14:56:00,5807.97,2026-09-09 12:37:29,DEL-MAA,2026-08-17
1366,TripEase,SpiceJet,DEL,MAA,2026-08-31,2026-08-17 06:35:00,6204.04,2026-09-09 12:37:29,DEL-MAA,2026-08-17
1367,SkyFareHub,Vistara,DEL,MAA,2026-08-31,2026-08-17 16:57:00,7499.07,2026-09-09 12:37:29,DEL-MAA,2026-08-17
1368,TripEase,Vistara,DEL,MAA,2026-08-31,2026-08-17 18:33:00,7132.74,2026-09-09 12:37:29,DEL-MAA,2026-08-17
1369,SkyFareHub,Akasa Air,DEL,MAA,2026-08-31,2026-08-17 13:26:00,6475.03,2026-09-09 12:37:29,DEL-MAA,2026-08-17
1370,TripEase,Akasa Air,DEL,MAA,2026-08-31,2026-08-17 15:58:00,5946.39,2026-09-09 12:37:29,DEL-MAA,2026-08-17
1371,SkyFareHub,IndiGo,DEL,MAA,2026-09-16,2026-08-17 10:13:00,6219.13,2026-09-09 12:37:29,DEL-MAA,2026-08-17
1372,TripEase,IndiGo,DEL,MAA,2026-09-16,2026-08-17 12:55:00,6291.38,2026-09-09 12:37:29,DEL-MAA,2026-08-17
1373,SkyFareHub,Air India,DEL,MAA,2026-09-16,2026-08-17 22:58:00,6562.87,2026-09-09 12:37:29,DEL-MAA,2026-08-17
1374,TripEase,Air India,DEL,MAA,2026-09-16,2026-08-17 10:41:00,6684.47,2026-09-09 12:37:29,DEL-MAA,2026-08-17
1375,SkyFareHub,SpiceJet,DEL,MAA,2026-09-16,2026-08-17 16:04:00,6227.2,2026-09-09 12:37:29,DEL-MAA,2026-08-17
1376,TripEase,SpiceJet,DEL,MAA,2026-09-16,2026-08-17 09:11:00,6061.69,2026-09-09 12:37:29,DEL-MAA,2026-08-17
1377,SkyFareHub,Vistara,DEL,MAA,2026-09-16,2026-08-17 06:48:00,7171.96,2026-09-09 12:37:29,DEL-MAA,2026-08-17
1378,TripEase,Vistara,DEL,MAA,2026-09-16,2026-08-17 19:19:00,7212.38,2026-09-09 12:37:29,DEL-MAA,2026-08-17
1379,SkyFareHub,Akasa Air,DEL,MAA,2026-09-16,2026-08-17 14:09:00,6129.08,2026-09-09 12:37:29,DEL-MAA,2026-08-17
1380,TripEase,Akasa Air,DEL,MAA,2026-09-16,2026-08-17 11:01:00,5992.68,2026-09-09 12:37:29,DEL-MAA,2026-08-17
1381,SkyFareHub,IndiGo,BOM,MAA,2026-08-24,2026-08-17 14:38:00,5950.25,2026-09-09 12:37:29,BOM-MAA,2026-08-17
1382,TripEase,IndiGo,BOM,MAA,2026-08-24,2026-08-17 13:14:00,5727.37,2026-09-09 12:37:29,BOM-MAA,2026-08-17
1383,SkyFareHub,Air India,BOM,MAA,2026-08-24,2026-08-17 21:08:00,6293.91,2026-09-09 12:37:29,BOM-MAA,2026-08-17
1384,TripEase,Air India,BOM,MAA,2026-08-24,2026-08-17 17:11:00,6293.42,2026-09-09 12:37:29,BOM-MAA,2026-08-17
1385,SkyFareHub,SpiceJet,BOM,MAA,2026-08-24,2026-08-17 10:10:00,5652.42,2026-09-09 12:37:29,BOM-MAA,2026-08-17
1386,TripEase,SpiceJet,BOM,MAA,2026-08-24,2026-08-17 06:59:00,5210.96,2026-09-09 12:37:29,BOM-MAA,2026-08-17
1387,SkyFareHub,Vistara,BOM,MAA,2026-08-24,2026-08-17 12:48:00,6500.94,2026-09-09 12:37:29,BOM-MAA,2026-08-17
1388,TripEase,Vistara,BOM,MAA,2026-08-24,2026-08-17 20:55:00,6371.89,2026-09-09 12:37:29,BOM-MAA,2026-08-17
1389,SkyFareHub,Akasa Air,BOM,MAA,2026-08-24,2026-08-17 20:56:00,5731.99,2026-09-09 12:37:29,BOM-MAA,2026-08-17
1390,TripEase,Akasa Air,BOM,MAA,2026-08-24,2026-08-17 07:38:00,5470.27,2026-09-09 12:37:29,BOM-MAA,2026-08-17
1391,SkyFareHub,IndiGo,BOM,MAA,2026-08-31,2026-08-17 16:25:00,5774.07,2026-09-09 12:37:29,BOM-MAA,2026-08-17
1392,TripEase,IndiGo,BOM,MAA,2026-08-31,2026-08-17 22:41:00,5841.53,2026-09-09 12:37:29,BOM-MAA,2026-08-17
1393,SkyFareHub,Air India,BOM,MAA,2026-08-31,2026-08-17 22:06:00,6455.62,2026-09-09 12:37:29,BOM-MAA,2026-08-17
1394,TripEase,Air India,BOM,MAA,2026-08-31,2026-08-17 07:56:00,6261.27,2026-09-09 12:37:29,BOM-MAA,2026-08-17
1395,SkyFareHub,SpiceJet,BOM,MAA,2026-08-31,2026-08-17 18:47:00,5643.37,2026-09-09 12:37:29,BOM-MAA,2026-08-17
1396,TripEase,SpiceJet,BOM,MAA,2026-08-31,2026-08-17 07:12:00,5185.71,2026-09-09 12:37:29,BOM-MAA,2026-08-17
1397,SkyFareHub,Vistara,BOM,MAA,2026-08-31,2026-08-17 15:49:00,6413.92,2026-09-09 12:37:29,BOM-MAA,2026-08-17
1398,TripEase,Vistara,BOM,MAA,2026-08-31,2026-08-17 19:18:00,6720.53,2026-09-09 12:37:29,BOM-MAA,2026-08-17
1399,SkyFareHub,Akasa Air,BOM,MAA,2026-08-31,2026-08-17 22:57:00,5438.49,2026-09-09 12:37:29,BOM-MAA,2026-08-17
1400,TripEase,Akasa Air,BOM,MAA,2026-08-31,2026-08-17 20:05:00,5487.49,2026-09-09 12:37:29,BOM-MAA,2026-08-17
1401,SkyFareHub,IndiGo,BOM,MAA,2026-09-16,2026-08-17 10:25:00,5489.88,2026-09-09 12:37:29,BOM-MAA,2026-08-17
1402,TripEase,IndiGo,BOM,MAA,2026-09-16,2026-08-17 11:29:00,5465.24,2026-09-09 12:37:29,BOM-MAA,2026-08-17
1403,SkyFareHub,Air India,BOM,MAA,2026-09-16,2026-08-17 12:56:00,6080.38,2026-09-09 12:37:29,BOM-MAA,2026-08-17
1404,TripEase,Air India,BOM,MAA,2026-09-16,2026-08-17 11:45:00,5850.25,2026-09-09 12:37:29,BOM-MAA,2026-08-17
1405,SkyFareHub,SpiceJet,BOM,MAA,2026-09-16,2026-08-17 20:40:00,5212.93,2026-09-09 12:37:29,BOM-MAA,2026-08-17
1406,TripEase,SpiceJet,BOM,MAA,2026-09-16,2026-08-17 18:46:00,5193.69,2026-09-09 12:37:29,BOM-MAA,2026-08-17
1407,SkyFareHub,Vistara,BOM,MAA,2026-09-16,2026-08-17 11:24:00,6499.88,2026-09-09 12:37:29,BOM-MAA,2026-08-17
1408,TripEase,Vistara,BOM,MAA,2026-09-16,2026-08-17 11:58:00,6199.49,2026-09-09 12:37:29,BOM-MAA,2026-08-17
1409,SkyFareHub,Akasa Air,BOM,MAA,2026-09-16,2026-08-17 10:10:00,5402.78,2026-09-09 12:37:29,BOM-MAA,2026-08-17
1410,TripEase,Akasa Air,BOM,MAA,2026-09-16,2026-08-17 07:26:00,5408.9,2026-09-09 12:37:29,BOM-MAA,2026-08-17
1411,SkyFareHub,IndiGo,DEL,CCU,2026-08-24,2026-08-17 20:18:00,6179.52,2026-09-09 12:37:29,DEL-CCU,2026-08-17
1412,TripEase,IndiGo,DEL,CCU,2026-08-24,2026-08-17 10:12:00,6109.68,2026-09-09 12:37:29,DEL-CCU,2026-08-17
1413,SkyFareHub,Air India,DEL,CCU,2026-08-24,2026-08-17 06:29:00,6525.17,2026-09-09 12:37:29,DEL-CCU,2026-08-17
1414,TripEase,Air India,DEL,CCU,2026-08-24,2026-08-17 06:38:00,6682.4,2026-09-09 12:37:29,DEL-CCU,2026-08-17
1415,SkyFareHub,SpiceJet,DEL,CCU,2026-08-24,2026-08-17 21:29:00,5967.18,2026-09-09 12:37:29,DEL-CCU,2026-08-17
1416,TripEase,SpiceJet,DEL,CCU,2026-08-24,2026-08-17 06:15:00,5688.99,2026-09-09 12:37:29,DEL-CCU,2026-08-17
1417,SkyFareHub,Vistara,DEL,CCU,2026-08-24,2026-08-17 12:03:00,7240.3,2026-09-09 12:37:29,DEL-CCU,2026-08-17
1418,TripEase,Vistara,DEL,CCU,2026-08-24,2026-08-17 17:02:00,6747.99,2026-09-09 12:37:29,DEL-CCU,2026-08-17
1419,SkyFareHub,Akasa Air,DEL,CCU,2026-08-24,2026-08-17 15:21:00,5664.68,2026-09-09 12:37:29,DEL-CCU,2026-08-17
1420,TripEase,Akasa Air,DEL,CCU,2026-08-24,2026-08-17 19:11:00,6042.87,2026-09-09 12:37:29,DEL-CCU,2026-08-17
1421,SkyFareHub,IndiGo,DEL,CCU,2026-08-31,2026-08-17 11:29:00,5856.98,2026-09-09 12:37:29,DEL-CCU,2026-08-17
1422,TripEase,IndiGo,DEL,CCU,2026-08-31,2026-08-17 07:05:00,6171.73,2026-09-09 12:37:29,DEL-CCU,2026-08-17
1423,SkyFareHub,Air India,DEL,CCU,2026-08-31,2026-08-17 18:52:00,6660.8,2026-09-09 12:37:29,DEL-CCU,2026-08-17
1424,TripEase,Air India,DEL,CCU,2026-08-31,2026-08-17 08:18:00,6332.67,2026-09-09 12:37:29,DEL-CCU,2026-08-17
1425,SkyFareHub,SpiceJet,DEL,CCU,2026-08-31,2026-08-17 14:21:00,5651.17,2026-09-09 12:37:29,DEL-CCU,2026-08-17
1426,TripEase,SpiceJet,DEL,CCU,2026-08-31,2026-08-17 12:39:00,5817.27,2026-09-09 12:37:29,DEL-CCU,2026-08-17
1427,SkyFareHub,Vistara,DEL,CCU,2026-08-31,2026-08-17 22:05:00,6798.44,2026-09-09 12:37:29,DEL-CCU,2026-08-17
1428,TripEase,Vistara,DEL,CCU,2026-08-31,2026-08-17 15:27:00,7086.64,2026-09-09 12:37:29,DEL-CCU,2026-08-17
1429,SkyFareHub,Akasa Air,DEL,CCU,2026-08-31,2026-08-17 22:36:00,5904.54,2026-09-09 12:37:29,DEL-CCU,2026-08-17
1430,TripEase,Akasa Air,DEL,CCU,2026-08-31,2026-08-17 10:39:00,6100.65,2026-09-09 12:37:29,DEL-CCU,2026-08-17
1431,SkyFareHub,IndiGo,DEL,CCU,2026-09-16,2026-08-17 21:31:00,5936.89,2026-09-09 12:37:29,DEL-CCU,2026-08-17
1432,TripEase,IndiGo,DEL,CCU,2026-09-16,2026-08-17 13:45:00,6181.55,2026-09-09 12:37:29,DEL-CCU,2026-08-17
1433,SkyFareHub,Air India,DEL,CCU,2026-09-16,2026-08-17 09:01:00,6148.4,2026-09-09 12:37:29,DEL-CCU,2026-08-17
1434,TripEase,Air India,DEL,CCU,2026-09-16,2026-08-17 12:51:00,6467.93,2026-09-09 12:37:29,DEL-CCU,2026-08-17
1435,SkyFareHub,SpiceJet,DEL,CCU,2026-09-16,2026-08-17 07:21:00,5628.33,2026-09-09 12:37:29,DEL-CCU,2026-08-17
1436,TripEase,SpiceJet,DEL,CCU,2026-09-16,2026-08-17 12:00:00,5640.84,2026-09-09 12:37:29,DEL-CCU,2026-08-17
1437,SkyFareHub,Vistara,DEL,CCU,2026-09-16,2026-08-17 14:50:00,6939.09,2026-09-09 12:37:29,DEL-CCU,2026-08-17
1438,TripEase,Vistara,DEL,CCU,2026-09-16,2026-08-17 16:49:00,6469.5,2026-09-09 12:37:29,DEL-CCU,2026-08-17
1439,SkyFareHub,Akasa Air,DEL,CCU,2026-09-16,2026-08-17 16:25:00,5561.03,2026-09-09 12:37:29,DEL-CCU,2026-08-17
1440,TripEase,Akasa Air,DEL,CCU,2026-09-16,2026-08-17 06:53:00,5865.91,2026-09-09 12:37:29,DEL-CCU,2026-08-17
1441,SkyFareHub,IndiGo,BLR,HYD,2026-08-24,2026-08-17 16:59:00,3656.3,2026-09-09 12:37:29,BLR-HYD,2026-08-17
1442,TripEase,IndiGo,BLR,HYD,2026-08-24,2026-08-17 07:41:00,3940.37,2026-09-09 12:37:29,BLR-HYD,2026-08-17
1443,SkyFareHub,Air India,BLR,HYD,2026-08-24,2026-08-17 20:57:00,3892.69,2026-09-09 12:37:29,BLR-HYD,2026-08-17
1444,TripEase,Air India,BLR,HYD,2026-08-24,2026-08-17 20:50:00,4313.8,2026-09-09 12:37:29,BLR-HYD,2026-08-17
1445,SkyFareHub,SpiceJet,BLR,HYD,2026-08-24,2026-08-17 07:53:00,3786.71,2026-09-09 12:37:29,BLR-HYD,2026-08-17
1446,TripEase,SpiceJet,BLR,HYD,2026-08-24,2026-08-17 16:35:00,3623.76,2026-09-09 12:37:29,BLR-HYD,2026-08-17
1447,SkyFareHub,Vistara,BLR,HYD,2026-08-24,2026-08-17 16:51:00,4298.47,2026-09-09 12:37:29,BLR-HYD,2026-08-17
1448,TripEase,Vistara,BLR,HYD,2026-08-24,2026-08-17 08:09:00,4584.97,2026-09-09 12:37:29,BLR-HYD,2026-08-17
1449,SkyFareHub,Akasa Air,BLR,HYD,2026-08-24,2026-08-17 18:40:00,3511.39,2026-09-09 12:37:29,BLR-HYD,2026-08-17
1450,TripEase,Akasa Air,BLR,HYD,2026-08-24,2026-08-17 18:11:00,3615.86,2026-09-09 12:37:29,BLR-HYD,2026-08-17
1451,SkyFareHub,IndiGo,BLR,HYD,2026-08-31,2026-08-17 15:45:00,3849.73,2026-09-09 12:37:29,BLR-HYD,2026-08-17
1452,TripEase,IndiGo,BLR,HYD,2026-08-31,2026-08-17 14:26:00,3893.58,2026-09-09 12:37:29,BLR-HYD,2026-08-17
1453,SkyFareHub,Air India,BLR,HYD,2026-08-31,2026-08-17 17:28:00,3996.47,2026-09-09 12:37:29,BLR-HYD,2026-08-17
1454,TripEase,Air India,BLR,HYD,2026-08-31,2026-08-17 22:19:00,4097.23,2026-09-09 12:37:29,BLR-HYD,2026-08-17
1455,SkyFareHub,SpiceJet,BLR,HYD,2026-08-31,2026-08-17 07:49:00,3433.31,2026-09-09 12:37:29,BLR-HYD,2026-08-17
1456,TripEase,SpiceJet,BLR,HYD,2026-08-31,2026-08-17 22:01:00,3380.98,2026-09-09 12:37:29,BLR-HYD,2026-08-17
1457,SkyFareHub,Vistara,BLR,HYD,2026-08-31,2026-08-17 10:12:00,4507.73,2026-09-09 12:37:29,BLR-HYD,2026-08-17
1458,TripEase,Vistara,BLR,HYD,2026-08-31,2026-08-17 22:19:00,4241.1,2026-09-09 12:37:29,BLR-HYD,2026-08-17
1459,SkyFareHub,Akasa Air,BLR,HYD,2026-08-31,2026-08-17 09:52:00,3629.59,2026-09-09 12:37:29,BLR-HYD,2026-08-17
1460,TripEase,Akasa Air,BLR,HYD,2026-08-31,2026-08-17 10:13:00,3770.73,2026-09-09 12:37:29,BLR-HYD,2026-08-17
1461,SkyFareHub,IndiGo,BLR,HYD,2026-09-16,2026-08-17 22:07:00,3672.5,2026-09-09 12:37:29,BLR-HYD,2026-08-17
1462,TripEase,IndiGo,BLR,HYD,2026-09-16,2026-08-17 08:21:00,3566.69,2026-09-09 12:37:29,BLR-HYD,2026-08-17
1463,SkyFareHub,Air India,BLR,HYD,2026-09-16,2026-08-17 22:49:00,3788.94,2026-09-09 12:37:29,BLR-HYD,2026-08-17
1464,TripEase,Air India,BLR,HYD,2026-09-16,2026-08-17 15:40:00,3911.38,2026-09-09 12:37:29,BLR-HYD,2026-08-17
1465,SkyFareHub,SpiceJet,BLR,HYD,2026-09-16,2026-08-17 12:18:00,3506.38,2026-09-09 12:37:29,BLR-HYD,2026-08-17
1466,TripEase,SpiceJet,BLR,HYD,2026-09-16,2026-08-17 20:42:00,3336.86,2026-09-09 12:37:29,BLR-HYD,2026-08-17
1467,SkyFareHub,Vistara,BLR,HYD,2026-09-16,2026-08-17 14:07:00,3944.08,2026-09-09 12:37:29,BLR-HYD,2026-08-17
1468,TripEase,Vistara,BLR,HYD,2026-09-16,2026-08-17 22:06:00,4028.2,2026-09-09 12:37:29,BLR-HYD,2026-08-17
1469,SkyFareHub,Akasa Air,BLR,HYD,2026-09-16,2026-08-17 16:17:00,3394.01,2026-09-09 12:37:29,BLR-HYD,2026-08-17
1470,TripEase,Akasa Air,BLR,HYD,2026-09-16,2026-08-17 15:36:00,3450.27,2026-09-09 12:37:29,BLR-HYD,2026-08-17
1471,SkyFareHub,IndiGo,DEL,BOM,2026-08-25,2026-08-18 16:34:00,5247.7,2026-09-09 12:37:29,DEL-BOM,2026-08-18
1472,TripEase,IndiGo,DEL,BOM,2026-08-25,2026-08-18 21:57:00,5354.63,2026-09-09 12:37:29,DEL-BOM,2026-08-18
1473,SkyFareHub,Air India,DEL,BOM,2026-08-25,2026-08-18 07:05:00,5884.6,2026-09-09 12:37:29,DEL-BOM,2026-08-18
1474,TripEase,Air India,DEL,BOM,2026-08-25,2026-08-18 20:39:00,5792.27,2026-09-09 12:37:29,DEL-BOM,2026-08-18
1475,SkyFareHub,SpiceJet,DEL,BOM,2026-08-25,2026-08-18 12:45:00,5113.52,2026-09-09 12:37:29,DEL-BOM,2026-08-18
1476,TripEase,SpiceJet,DEL,BOM,2026-08-25,2026-08-18 08:59:00,5431.5,2026-09-09 12:37:29,DEL-BOM,2026-08-18
1477,SkyFareHub,Vistara,DEL,BOM,2026-08-25,2026-08-18 10:05:00,6443.19,2026-09-09 12:37:29,DEL-BOM,2026-08-18
1478,TripEase,Vistara,DEL,BOM,2026-08-25,2026-08-18 20:06:00,6644.43,2026-09-09 12:37:29,DEL-BOM,2026-08-18
1479,SkyFareHub,Akasa Air,DEL,BOM,2026-08-25,2026-08-18 20:30:00,5376.6,2026-09-09 12:37:29,DEL-BOM,2026-08-18
1480,TripEase,Akasa Air,DEL,BOM,2026-08-25,2026-08-18 14:58:00,5133.51,2026-09-09 12:37:29,DEL-BOM,2026-08-18
1481,SkyFareHub,IndiGo,DEL,BOM,2026-09-01,2026-08-18 16:50:00,5261.14,2026-09-09 12:37:29,DEL-BOM,2026-08-18
1482,TripEase,IndiGo,DEL,BOM,2026-09-01,2026-08-18 21:01:00,5522.94,2026-09-09 12:37:29,DEL-BOM,2026-08-18
1483,SkyFareHub,Air India,DEL,BOM,2026-09-01,2026-08-18 21:29:00,5517.59,2026-09-09 12:37:29,DEL-BOM,2026-08-18
1484,TripEase,Air India,DEL,BOM,2026-09-01,2026-08-18 17:38:00,5942.8,2026-09-09 12:37:29,DEL-BOM,2026-08-18
1485,SkyFareHub,SpiceJet,DEL,BOM,2026-09-01,2026-08-18 18:52:00,5185.49,2026-09-09 12:37:29,DEL-BOM,2026-08-18
1486,TripEase,SpiceJet,DEL,BOM,2026-09-01,2026-08-18 08:50:00,5119.08,2026-09-09 12:37:29,DEL-BOM,2026-08-18
1487,SkyFareHub,Vistara,DEL,BOM,2026-09-01,2026-08-18 19:15:00,6123.6,2026-09-09 12:37:29,DEL-BOM,2026-08-18
1488,TripEase,Vistara,DEL,BOM,2026-09-01,2026-08-18 21:24:00,6315.19,2026-09-09 12:37:29,DEL-BOM,2026-08-18
1489,SkyFareHub,Akasa Air,DEL,BOM,2026-09-01,2026-08-18 19:50:00,4986.0,2026-09-09 12:37:29,DEL-BOM,2026-08-18
1490,TripEase,Akasa Air,DEL,BOM,2026-09-01,2026-08-18 16:34:00,5484.03,2026-09-09 12:37:29,DEL-BOM,2026-08-18
1491,SkyFareHub,IndiGo,DEL,BOM,2026-09-17,2026-08-18 08:47:00,5223.45,2026-09-09 12:37:29,DEL-BOM,2026-08-18
1492,TripEase,IndiGo,DEL,BOM,2026-09-17,2026-08-18 21:07:00,5449.01,2026-09-09 12:37:29,DEL-BOM,2026-08-18
1493,SkyFareHub,Air India,DEL,BOM,2026-09-17,2026-08-18 09:52:00,5693.62,2026-09-09 12:37:29,DEL-BOM,2026-08-18
1494,TripEase,Air India,DEL,BOM,2026-09-17,2026-08-18 18:04:00,5574.4,2026-09-09 12:37:29,DEL-BOM,2026-08-18
1495,SkyFareHub,SpiceJet,DEL,BOM,2026-09-17,2026-08-18 18:20:00,5077.26,2026-09-09 12:37:29,DEL-BOM,2026-08-18
1496,TripEase,SpiceJet,DEL,BOM,2026-09-17,2026-08-18 08:13:00,5028.24,2026-09-09 12:37:29,DEL-BOM,2026-08-18
1497,SkyFareHub,Vistara,DEL,BOM,2026-09-17,2026-08-18 06:48:00,6324.73,2026-09-09 12:37:29,DEL-BOM,2026-08-18
1498,TripEase,Vistara,DEL,BOM,2026-09-17,2026-08-18 15:24:00,5734.19,2026-09-09 12:37:29,DEL-BOM,2026-08-18
1499,SkyFareHub,Akasa Air,DEL,BOM,2026-09-17,2026-08-18 12:43:00,5118.44,2026-09-09 12:37:29,DEL-BOM,2026-08-18
1500,TripEase,Akasa Air,DEL,BOM,2026-09-17,2026-08-18 15:58:00,5180.01,2026-09-09 12:37:29,DEL-BOM,2026-08-18
1501,SkyFareHub,IndiGo,DEL,BLR,2026-08-25,2026-08-18 17:05:00,6191.03,2026-09-09 12:37:29,DEL-BLR,2026-08-18
1502,TripEase,IndiGo,DEL,BLR,2026-08-25,2026-08-18 22:25:00,6081.55,2026-09-09 12:37:29,DEL-BLR,2026-08-18
1503,SkyFareHub,Air India,DEL,BLR,2026-08-25,2026-08-18 07:23:00,6799.17,2026-09-09 12:37:29,DEL-BLR,2026-08-18
1504,TripEase,Air India,DEL,BLR,2026-08-25,2026-08-18 06:45:00,6871.76,2026-09-09 12:37:29,DEL-BLR,2026-08-18
1505,SkyFareHub,SpiceJet,DEL,BLR,2026-08-25,2026-08-18 09:55:00,5892.74,2026-09-09 12:37:29,DEL-BLR,2026-08-18
1506,TripEase,SpiceJet,DEL,BLR,2026-08-25,2026-08-18 19:44:00,5441.88,2026-09-09 12:37:29,DEL-BLR,2026-08-18
1507,SkyFareHub,Vistara,DEL,BLR,2026-08-25,2026-08-18 18:25:00,7003.57,2026-09-09 12:37:29,DEL-BLR,2026-08-18
1508,TripEase,Vistara,DEL,BLR,2026-08-25,2026-08-18 11:30:00,6855.22,2026-09-09 12:37:29,DEL-BLR,2026-08-18
1509,SkyFareHub,Akasa Air,DEL,BLR,2026-08-25,2026-08-18 17:53:00,5672.89,2026-09-09 12:37:29,DEL-BLR,2026-08-18
1510,TripEase,Akasa Air,DEL,BLR,2026-08-25,2026-08-18 10:08:00,5709.2,2026-09-09 12:37:29,DEL-BLR,2026-08-18
1511,SkyFareHub,IndiGo,DEL,BLR,2026-09-01,2026-08-18 10:46:00,5737.97,2026-09-09 12:37:29,DEL-BLR,2026-08-18
1512,TripEase,IndiGo,DEL,BLR,2026-09-01,2026-08-18 10:05:00,6154.7,2026-09-09 12:37:29,DEL-BLR,2026-08-18
1513,SkyFareHub,Air India,DEL,BLR,2026-09-01,2026-08-18 20:57:00,6321.63,2026-09-09 12:37:29,DEL-BLR,2026-08-18
1514,TripEase,Air India,DEL,BLR,2026-09-01,2026-08-18 19:39:00,6577.51,2026-09-09 12:37:29,DEL-BLR,2026-08-18
1515,SkyFareHub,SpiceJet,DEL,BLR,2026-09-01,2026-08-18 20:24:00,5479.84,2026-09-09 12:37:29,DEL-BLR,2026-08-18
1516,TripEase,SpiceJet,DEL,BLR,2026-09-01,2026-08-18 06:36:00,5449.62,2026-09-09 12:37:29,DEL-BLR,2026-08-18
1517,SkyFareHub,Vistara,DEL,BLR,2026-09-01,2026-08-18 22:17:00,6897.2,2026-09-09 12:37:29,DEL-BLR,2026-08-18
1518,TripEase,Vistara,DEL,BLR,2026-09-01,2026-08-18 17:02:00,6774.25,2026-09-09 12:37:29,DEL-BLR,2026-08-18
1519,SkyFareHub,Akasa Air,DEL,BLR,2026-09-01,2026-08-18 17:07:00,5982.0,2026-09-09 12:37:29,DEL-BLR,2026-08-18
1520,TripEase,Akasa Air,DEL,BLR,2026-09-01,2026-08-18 08:09:00,5934.82,2026-09-09 12:37:29,DEL-BLR,2026-08-18
1521,SkyFareHub,IndiGo,DEL,BLR,2026-09-17,2026-08-18 14:29:00,5836.11,2026-09-09 12:37:29,DEL-BLR,2026-08-18
1522,TripEase,IndiGo,DEL,BLR,2026-09-17,2026-08-18 08:15:00,5737.46,2026-09-09 12:37:29,DEL-BLR,2026-08-18
1523,SkyFareHub,Air India,DEL,BLR,2026-09-17,2026-08-18 08:43:00,6255.41,2026-09-09 12:37:29,DEL-BLR,2026-08-18
1524,TripEase,Air India,DEL,BLR,2026-09-17,2026-08-18 15:39:00,6356.03,2026-09-09 12:37:29,DEL-BLR,2026-08-18
1525,SkyFareHub,SpiceJet,DEL,BLR,2026-09-17,2026-08-18 06:30:00,5190.1,2026-09-09 12:37:29,DEL-BLR,2026-08-18
1526,TripEase,SpiceJet,DEL,BLR,2026-09-17,2026-08-18 16:26:00,5548.04,2026-09-09 12:37:29,DEL-BLR,2026-08-18
1527,SkyFareHub,Vistara,DEL,BLR,2026-09-17,2026-08-18 15:18:00,6691.13,2026-09-09 12:37:29,DEL-BLR,2026-08-18
1528,TripEase,Vistara,DEL,BLR,2026-09-17,2026-08-18 15:46:00,6481.92,2026-09-09 12:37:29,DEL-BLR,2026-08-18
1529,SkyFareHub,Akasa Air,DEL,BLR,2026-09-17,2026-08-18 21:37:00,5596.81,2026-09-09 12:37:29,DEL-BLR,2026-08-18
1530,TripEase,Akasa Air,DEL,BLR,2026-09-17,2026-08-18 15:51:00,5253.79,2026-09-09 12:37:29,DEL-BLR,2026-08-18
1531,SkyFareHub,IndiGo,BOM,BLR,2026-08-25,2026-08-18 21:05:00,4459.08,2026-09-09 12:37:29,BOM-BLR,2026-08-18
1532,TripEase,IndiGo,BOM,BLR,2026-08-25,2026-08-18 14:16:00,4252.6,2026-09-09 12:37:29,BOM-BLR,2026-08-18
1533,SkyFareHub,Air India,BOM,BLR,2026-08-25,2026-08-18 14:00:00,4654.57,2026-09-09 12:37:29,BOM-BLR,2026-08-18
1534,TripEase,Air India,BOM,BLR,2026-08-25,2026-08-18 10:42:00,4985.54,2026-09-09 12:37:29,BOM-BLR,2026-08-18
1535,SkyFareHub,SpiceJet,BOM,BLR,2026-08-25,2026-08-18 14:50:00,4336.93,2026-09-09 12:37:29,BOM-BLR,2026-08-18
1536,TripEase,SpiceJet,BOM,BLR,2026-08-25,2026-08-18 22:55:00,4341.01,2026-09-09 12:37:29,BOM-BLR,2026-08-18
1537,SkyFareHub,Vistara,BOM,BLR,2026-08-25,2026-08-18 10:38:00,5133.44,2026-09-09 12:37:29,BOM-BLR,2026-08-18
1538,TripEase,Vistara,BOM,BLR,2026-08-25,2026-08-18 21:48:00,5248.73,2026-09-09 12:37:29,BOM-BLR,2026-08-18
1539,SkyFareHub,Akasa Air,BOM,BLR,2026-08-25,2026-08-18 13:42:00,4609.46,2026-09-09 12:37:29,BOM-BLR,2026-08-18
1540,TripEase,Akasa Air,BOM,BLR,2026-08-25,2026-08-18 12:36:00,4381.37,2026-09-09 12:37:29,BOM-BLR,2026-08-18
1541,SkyFareHub,IndiGo,BOM,BLR,2026-09-01,2026-08-18 14:48:00,4479.3,2026-09-09 12:37:29,BOM-BLR,2026-08-18
1542,TripEase,IndiGo,BOM,BLR,2026-09-01,2026-08-18 20:25:00,4431.64,2026-09-09 12:37:29,BOM-BLR,2026-08-18
1543,SkyFareHub,Air India,BOM,BLR,2026-09-01,2026-08-18 13:24:00,4776.4,2026-09-09 12:37:29,BOM-BLR,2026-08-18
1544,TripEase,Air India,BOM,BLR,2026-09-01,2026-08-18 14:09:00,4831.08,2026-09-09 12:37:29,BOM-BLR,2026-08-18
1545,SkyFareHub,SpiceJet,BOM,BLR,2026-09-01,2026-08-18 15:59:00,4209.24,2026-09-09 12:37:29,BOM-BLR,2026-08-18
1546,TripEase,SpiceJet,BOM,BLR,2026-09-01,2026-08-18 16:33:00,4285.9,2026-09-09 12:37:29,BOM-BLR,2026-08-18
1547,SkyFareHub,Vistara,BOM,BLR,2026-09-01,2026-08-18 17:54:00,5037.08,2026-09-09 12:37:29,BOM-BLR,2026-08-18
1548,TripEase,Vistara,BOM,BLR,2026-09-01,2026-08-18 14:21:00,5203.1,2026-09-09 12:37:29,BOM-BLR,2026-08-18
1549,SkyFareHub,Akasa Air,BOM,BLR,2026-09-01,2026-08-18 14:41:00,4303.22,2026-09-09 12:37:29,BOM-BLR,2026-08-18
1550,TripEase,Akasa Air,BOM,BLR,2026-09-01,2026-08-18 13:46:00,4323.17,2026-09-09 12:37:29,BOM-BLR,2026-08-18
1551,SkyFareHub,IndiGo,BOM,BLR,2026-09-17,2026-08-18 22:21:00,4419.92,2026-09-09 12:37:29,BOM-BLR,2026-08-18
1552,TripEase,IndiGo,BOM,BLR,2026-09-17,2026-08-18 16:35:00,4479.26,2026-09-09 12:37:29,BOM-BLR,2026-08-18
1553,SkyFareHub,Air India,BOM,BLR,2026-09-17,2026-08-18 08:00:00,4316.42,2026-09-09 12:37:29,BOM-BLR,2026-08-18
1554,TripEase,Air India,BOM,BLR,2026-09-17,2026-08-18 20:22:00,4608.68,2026-09-09 12:37:29,BOM-BLR,2026-08-18
1555,SkyFareHub,SpiceJet,BOM,BLR,2026-09-17,2026-08-18 12:02:00,3932.18,2026-09-09 12:37:29,BOM-BLR,2026-08-18
1556,TripEase,SpiceJet,BOM,BLR,2026-09-17,2026-08-18 12:38:00,3821.55,2026-09-09 12:37:29,BOM-BLR,2026-08-18
1557,SkyFareHub,Vistara,BOM,BLR,2026-09-17,2026-08-18 09:05:00,5051.08,2026-09-09 12:37:29,BOM-BLR,2026-08-18
1558,TripEase,Vistara,BOM,BLR,2026-09-17,2026-08-18 11:57:00,4966.09,2026-09-09 12:37:29,BOM-BLR,2026-08-18
1559,SkyFareHub,Akasa Air,BOM,BLR,2026-09-17,2026-08-18 15:29:00,3954.08,2026-09-09 12:37:29,BOM-BLR,2026-08-18
1560,TripEase,Akasa Air,BOM,BLR,2026-09-17,2026-08-18 20:59:00,4110.0,2026-09-09 12:37:29,BOM-BLR,2026-08-18
1561,SkyFareHub,IndiGo,DEL,MAA,2026-08-25,2026-08-18 16:16:00,6864.5,2026-09-09 12:37:29,DEL-MAA,2026-08-18
1562,TripEase,IndiGo,DEL,MAA,2026-08-25,2026-08-18 07:24:00,6159.81,2026-09-09 12:37:29,DEL-MAA,2026-08-18
1563,SkyFareHub,Air India,DEL,MAA,2026-08-25,2026-08-18 14:52:00,7168.34,2026-09-09 12:37:29,DEL-MAA,2026-08-18
1564,TripEase,Air India,DEL,MAA,2026-08-25,2026-08-18 21:59:00,6864.73,2026-09-09 12:37:29,DEL-MAA,2026-08-18
1565,SkyFareHub,SpiceJet,DEL,MAA,2026-08-25,2026-08-18 21:06:00,5989.03,2026-09-09 12:37:29,DEL-MAA,2026-08-18
1566,TripEase,SpiceJet,DEL,MAA,2026-08-25,2026-08-18 12:39:00,6100.34,2026-09-09 12:37:29,DEL-MAA,2026-08-18
1567,SkyFareHub,Vistara,DEL,MAA,2026-08-25,2026-08-18 14:06:00,7747.94,2026-09-09 12:37:29,DEL-MAA,2026-08-18
1568,TripEase,Vistara,DEL,MAA,2026-08-25,2026-08-18 14:49:00,7006.14,2026-09-09 12:37:29,DEL-MAA,2026-08-18
1569,SkyFareHub,Akasa Air,DEL,MAA,2026-08-25,2026-08-18 10:41:00,6429.5,2026-09-09 12:37:29,DEL-MAA,2026-08-18
1570,TripEase,Akasa Air,DEL,MAA,2026-08-25,2026-08-18 18:17:00,6541.38,2026-09-09 12:37:29,DEL-MAA,2026-08-18
1571,SkyFareHub,IndiGo,DEL,MAA,2026-09-01,2026-08-18 18:36:00,6165.42,2026-09-09 12:37:29,DEL-MAA,2026-08-18
1572,TripEase,IndiGo,DEL,MAA,2026-09-01,2026-08-18 21:30:00,6234.86,2026-09-09 12:37:29,DEL-MAA,2026-08-18
1573,SkyFareHub,Air India,DEL,MAA,2026-09-01,2026-08-18 08:34:00,7029.75,2026-09-09 12:37:29,DEL-MAA,2026-08-18
1574,TripEase,Air India,DEL,MAA,2026-09-01,2026-08-18 21:07:00,6722.44,2026-09-09 12:37:29,DEL-MAA,2026-08-18
1575,SkyFareHub,SpiceJet,DEL,MAA,2026-09-01,2026-08-18 17:21:00,6280.72,2026-09-09 12:37:29,DEL-MAA,2026-08-18
1576,TripEase,SpiceJet,DEL,MAA,2026-09-01,2026-08-18 08:23:00,6141.29,2026-09-09 12:37:29,DEL-MAA,2026-08-18
1577,SkyFareHub,Vistara,DEL,MAA,2026-09-01,2026-08-18 08:53:00,7595.19,2026-09-09 12:37:29,DEL-MAA,2026-08-18
1578,TripEase,Vistara,DEL,MAA,2026-09-01,2026-08-18 12:11:00,7464.99,2026-09-09 12:37:29,DEL-MAA,2026-08-18
1579,SkyFareHub,Akasa Air,DEL,MAA,2026-09-01,2026-08-18 12:19:00,6418.71,2026-09-09 12:37:29,DEL-MAA,2026-08-18
1580,TripEase,Akasa Air,DEL,MAA,2026-09-01,2026-08-18 17:31:00,6462.54,2026-09-09 12:37:29,DEL-MAA,2026-08-18
1581,SkyFareHub,IndiGo,DEL,MAA,2026-09-17,2026-08-18 12:08:00,6042.02,2026-09-09 12:37:29,DEL-MAA,2026-08-18
1582,TripEase,IndiGo,DEL,MAA,2026-09-17,2026-08-18 13:31:00,5791.73,2026-09-09 12:37:29,DEL-MAA,2026-08-18
1583,SkyFareHub,Air India,DEL,MAA,2026-09-17,2026-08-18 15:31:00,6752.38,2026-09-09 12:37:29,DEL-MAA,2026-08-18
1584,TripEase,Air India,DEL,MAA,2026-09-17,2026-08-18 20:01:00,6846.8,2026-09-09 12:37:29,DEL-MAA,2026-08-18
1585,SkyFareHub,SpiceJet,DEL,MAA,2026-09-17,2026-08-18 07:25:00,5513.62,2026-09-09 12:37:29,DEL-MAA,2026-08-18
1586,TripEase,SpiceJet,DEL,MAA,2026-09-17,2026-08-18 22:29:00,5817.2,2026-09-09 12:37:29,DEL-MAA,2026-08-18
1587,SkyFareHub,Vistara,DEL,MAA,2026-09-17,2026-08-18 10:47:00,7537.56,2026-09-09 12:37:29,DEL-MAA,2026-08-18
1588,TripEase,Vistara,DEL,MAA,2026-09-17,2026-08-18 07:47:00,7355.2,2026-09-09 12:37:29,DEL-MAA,2026-08-18
1589,SkyFareHub,Akasa Air,DEL,MAA,2026-09-17,2026-08-18 21:58:00,5895.63,2026-09-09 12:37:29,DEL-MAA,2026-08-18
1590,TripEase,Akasa Air,DEL,MAA,2026-09-17,2026-08-18 10:00:00,6049.75,2026-09-09 12:37:29,DEL-MAA,2026-08-18
1591,SkyFareHub,IndiGo,BOM,MAA,2026-08-25,2026-08-18 15:52:00,5492.85,2026-09-09 12:37:29,BOM-MAA,2026-08-18
1592,TripEase,IndiGo,BOM,MAA,2026-08-25,2026-08-18 11:53:00,5922.69,2026-09-09 12:37:29,BOM-MAA,2026-08-18
1593,SkyFareHub,Air India,BOM,MAA,2026-08-25,2026-08-18 09:07:00,6430.87,2026-09-09 12:37:29,BOM-MAA,2026-08-18
1594,TripEase,Air India,BOM,MAA,2026-08-25,2026-08-18 13:04:00,6376.8,2026-09-09 12:37:29,BOM-MAA,2026-08-18
1595,SkyFareHub,SpiceJet,BOM,MAA,2026-08-25,2026-08-18 18:20:00,5621.38,2026-09-09 12:37:29,BOM-MAA,2026-08-18
1596,TripEase,SpiceJet,BOM,MAA,2026-08-25,2026-08-18 10:20:00,5405.22,2026-09-09 12:37:29,BOM-MAA,2026-08-18
1597,SkyFareHub,Vistara,BOM,MAA,2026-08-25,2026-08-18 07:37:00,6968.77,2026-09-09 12:37:29,BOM-MAA,2026-08-18
1598,TripEase,Vistara,BOM,MAA,2026-08-25,2026-08-18 14:09:00,6322.72,2026-09-09 12:37:29,BOM-MAA,2026-08-18
1599,SkyFareHub,Akasa Air,BOM,MAA,2026-08-25,2026-08-18 17:35:00,5631.44,2026-09-09 12:37:29,BOM-MAA,2026-08-18
1600,TripEase,Akasa Air,BOM,MAA,2026-08-25,2026-08-18 07:08:00,5390.2,2026-09-09 12:37:29,BOM-MAA,2026-08-18
1601,SkyFareHub,IndiGo,BOM,MAA,2026-09-01,2026-08-18 18:49:00,5655.42,2026-09-09 12:37:29,BOM-MAA,2026-08-18
1602,TripEase,IndiGo,BOM,MAA,2026-09-01,2026-08-18 08:00:00,5692.93,2026-09-09 12:37:29,BOM-MAA,2026-08-18
1603,SkyFareHub,Air India,BOM,MAA,2026-09-01,2026-08-18 15:26:00,6091.22,2026-09-09 12:37:29,BOM-MAA,2026-08-18
1604,TripEase,Air India,BOM,MAA,2026-09-01,2026-08-18 21:44:00,6380.71,2026-09-09 12:37:29,BOM-MAA,2026-08-18
1605,SkyFareHub,SpiceJet,BOM,MAA,2026-09-01,2026-08-18 14:33:00,5154.76,2026-09-09 12:37:29,BOM-MAA,2026-08-18
1606,TripEase,SpiceJet,BOM,MAA,2026-09-01,2026-08-18 11:39:00,5326.73,2026-09-09 12:37:29,BOM-MAA,2026-08-18
1607,SkyFareHub,Vistara,BOM,MAA,2026-09-01,2026-08-18 21:39:00,6715.98,2026-09-09 12:37:29,BOM-MAA,2026-08-18
1608,TripEase,Vistara,BOM,MAA,2026-09-01,2026-08-18 15:22:00,6864.26,2026-09-09 12:37:29,BOM-MAA,2026-08-18
1609,SkyFareHub,Akasa Air,BOM,MAA,2026-09-01,2026-08-18 12:07:00,5530.84,2026-09-09 12:37:29,BOM-MAA,2026-08-18
1610,TripEase,Akasa Air,BOM,MAA,2026-09-01,2026-08-18 17:55:00,5922.34,2026-09-09 12:37:29,BOM-MAA,2026-08-18
1611,SkyFareHub,IndiGo,BOM,MAA,2026-09-17,2026-08-18 13:29:00,5659.69,2026-09-09 12:37:29,BOM-MAA,2026-08-18
1612,TripEase,IndiGo,BOM,MAA,2026-09-17,2026-08-18 14:03:00,5703.45,2026-09-09 12:37:29,BOM-MAA,2026-08-18
1613,SkyFareHub,Air India,BOM,MAA,2026-09-17,2026-08-18 21:31:00,5933.38,2026-09-09 12:37:29,BOM-MAA,2026-08-18
1614,TripEase,Air India,BOM,MAA,2026-09-17,2026-08-18 07:03:00,5879.74,2026-09-09 12:37:29,BOM-MAA,2026-08-18
1615,SkyFareHub,SpiceJet,BOM,MAA,2026-09-17,2026-08-18 19:16:00,5247.54,2026-09-09 12:37:29,BOM-MAA,2026-08-18
1616,TripEase,SpiceJet,BOM,MAA,2026-09-17,2026-08-18 20:02:00,5280.96,2026-09-09 12:37:29,BOM-MAA,2026-08-18
1617,SkyFareHub,Vistara,BOM,MAA,2026-09-17,2026-08-18 11:10:00,5988.52,2026-09-09 12:37:29,BOM-MAA,2026-08-18
1618,TripEase,Vistara,BOM,MAA,2026-09-17,2026-08-18 09:04:00,6500.18,2026-09-09 12:37:29,BOM-MAA,2026-08-18
1619,SkyFareHub,Akasa Air,BOM,MAA,2026-09-17,2026-08-18 16:26:00,5605.87,2026-09-09 12:37:29,BOM-MAA,2026-08-18
1620,TripEase,Akasa Air,BOM,MAA,2026-09-17,2026-08-18 16:14:00,5292.66,2026-09-09 12:37:29,BOM-MAA,2026-08-18
1621,SkyFareHub,IndiGo,DEL,CCU,2026-08-25,2026-08-18 09:15:00,6275.45,2026-09-09 12:37:29,DEL-CCU,2026-08-18
1622,TripEase,IndiGo,DEL,CCU,2026-08-25,2026-08-18 18:57:00,6457.33,2026-09-09 12:37:29,DEL-CCU,2026-08-18
1623,SkyFareHub,Air India,DEL,CCU,2026-08-25,2026-08-18 21:03:00,6536.54,2026-09-09 12:37:29,DEL-CCU,2026-08-18
1624,TripEase,Air India,DEL,CCU,2026-08-25,2026-08-18 20:11:00,6764.42,2026-09-09 12:37:29,DEL-CCU,2026-08-18
1625,SkyFareHub,SpiceJet,DEL,CCU,2026-08-25,2026-08-18 12:40:00,5710.01,2026-09-09 12:37:29,DEL-CCU,2026-08-18
1626,TripEase,SpiceJet,DEL,CCU,2026-08-25,2026-08-18 16:08:00,5743.59,2026-09-09 12:37:29,DEL-CCU,2026-08-18
1627,SkyFareHub,Vistara,DEL,CCU,2026-08-25,2026-08-18 14:08:00,6894.41,2026-09-09 12:37:29,DEL-CCU,2026-08-18
1628,TripEase,Vistara,DEL,CCU,2026-08-25,2026-08-18 19:10:00,6895.36,2026-09-09 12:37:29,DEL-CCU,2026-08-18
1629,SkyFareHub,Akasa Air,DEL,CCU,2026-08-25,2026-08-18 15:38:00,6039.86,2026-09-09 12:37:29,DEL-CCU,2026-08-18
1630,TripEase,Akasa Air,DEL,CCU,2026-08-25,2026-08-18 11:36:00,5956.83,2026-09-09 12:37:29,DEL-CCU,2026-08-18
1631,SkyFareHub,IndiGo,DEL,CCU,2026-09-01,2026-08-18 08:26:00,6473.84,2026-09-09 12:37:29,DEL-CCU,2026-08-18
1632,TripEase,IndiGo,DEL,CCU,2026-09-01,2026-08-18 12:37:00,6284.32,2026-09-09 12:37:29,DEL-CCU,2026-08-18
1633,SkyFareHub,Air India,DEL,CCU,2026-09-01,2026-08-18 06:46:00,6574.02,2026-09-09 12:37:29,DEL-CCU,2026-08-18
1634,TripEase,Air India,DEL,CCU,2026-09-01,2026-08-18 13:20:00,6712.41,2026-09-09 12:37:29,DEL-CCU,2026-08-18
1635,SkyFareHub,SpiceJet,DEL,CCU,2026-09-01,2026-08-18 10:58:00,5680.71,2026-09-09 12:37:29,DEL-CCU,2026-08-18
1636,TripEase,SpiceJet,DEL,CCU,2026-09-01,2026-08-18 07:02:00,5669.77,2026-09-09 12:37:29,DEL-CCU,2026-08-18
1637,SkyFareHub,Vistara,DEL,CCU,2026-09-01,2026-08-18 22:02:00,7405.54,2026-09-09 12:37:29,DEL-CCU,2026-08-18
1638,TripEase,Vistara,DEL,CCU,2026-09-01,2026-08-18 09:28:00,6944.36,2026-09-09 12:37:29,DEL-CCU,2026-08-18
1639,SkyFareHub,Akasa Air,DEL,CCU,2026-09-01,2026-08-18 06:44:00,5779.69,2026-09-09 12:37:29,DEL-CCU,2026-08-18
1640,TripEase,Akasa Air,DEL,CCU,2026-09-01,2026-08-18 10:22:00,6200.33,2026-09-09 12:37:29,DEL-CCU,2026-08-18
1641,SkyFareHub,IndiGo,DEL,CCU,2026-09-17,2026-08-18 08:01:00,5868.19,2026-09-09 12:37:29,DEL-CCU,2026-08-18
1642,TripEase,IndiGo,DEL,CCU,2026-09-17,2026-08-18 20:54:00,5833.61,2026-09-09 12:37:29,DEL-CCU,2026-08-18
1643,SkyFareHub,Air India,DEL,CCU,2026-09-17,2026-08-18 20:29:00,6453.4,2026-09-09 12:37:29,DEL-CCU,2026-08-18
1644,TripEase,Air India,DEL,CCU,2026-09-17,2026-08-18 18:11:00,6667.62,2026-09-09 12:37:29,DEL-CCU,2026-08-18
1645,SkyFareHub,SpiceJet,DEL,CCU,2026-09-17,2026-08-18 20:45:00,5703.36,2026-09-09 12:37:29,DEL-CCU,2026-08-18
1646,TripEase,SpiceJet,DEL,CCU,2026-09-17,2026-08-18 08:24:00,5798.18,2026-09-09 12:37:29,DEL-CCU,2026-08-18
1647,SkyFareHub,Vistara,DEL,CCU,2026-09-17,2026-08-18 07:18:00,6945.1,2026-09-09 12:37:29,DEL-CCU,2026-08-18
1648,TripEase,Vistara,DEL,CCU,2026-09-17,2026-08-18 12:50:00,6665.05,2026-09-09 12:37:29,DEL-CCU,2026-08-18
1649,SkyFareHub,Akasa Air,DEL,CCU,2026-09-17,2026-08-18 16:47:00,5861.21,2026-09-09 12:37:29,DEL-CCU,2026-08-18
1650,TripEase,Akasa Air,DEL,CCU,2026-09-17,2026-08-18 17:56:00,5938.42,2026-09-09 12:37:29,DEL-CCU,2026-08-18
1651,SkyFareHub,IndiGo,BLR,HYD,2026-08-25,2026-08-18 20:39:00,3638.01,2026-09-09 12:37:29,BLR-HYD,2026-08-18
1652,TripEase,IndiGo,BLR,HYD,2026-08-25,2026-08-18 08:35:00,3630.99,2026-09-09 12:37:29,BLR-HYD,2026-08-18
1653,SkyFareHub,Air India,BLR,HYD,2026-08-25,2026-08-18 16:15:00,4101.17,2026-09-09 12:37:29,BLR-HYD,2026-08-18
1654,TripEase,Air India,BLR,HYD,2026-08-25,2026-08-18 12:48:00,4154.87,2026-09-09 12:37:29,BLR-HYD,2026-08-18
1655,SkyFareHub,SpiceJet,BLR,HYD,2026-08-25,2026-08-18 17:57:00,3622.3,2026-09-09 12:37:29,BLR-HYD,2026-08-18
1656,TripEase,SpiceJet,BLR,HYD,2026-08-25,2026-08-18 14:03:00,3582.85,2026-09-09 12:37:29,BLR-HYD,2026-08-18
1657,SkyFareHub,Vistara,BLR,HYD,2026-08-25,2026-08-18 21:32:00,4177.94,2026-09-09 12:37:29,BLR-HYD,2026-08-18
1658,TripEase,Vistara,BLR,HYD,2026-08-25,2026-08-18 15:28:00,4281.6,2026-09-09 12:37:29,BLR-HYD,2026-08-18
1659,SkyFareHub,Akasa Air,BLR,HYD,2026-08-25,2026-08-18 08:12:00,3789.05,2026-09-09 12:37:29,BLR-HYD,2026-08-18
1660,TripEase,Akasa Air,BLR,HYD,2026-08-25,2026-08-18 08:25:00,3793.31,2026-09-09 12:37:29,BLR-HYD,2026-08-18
1661,SkyFareHub,IndiGo,BLR,HYD,2026-09-01,2026-08-18 08:06:00,3818.81,2026-09-09 12:37:29,BLR-HYD,2026-08-18
1662,TripEase,IndiGo,BLR,HYD,2026-09-01,2026-08-18 10:31:00,3559.37,2026-09-09 12:37:29,BLR-HYD,2026-08-18
1663,SkyFareHub,Air India,BLR,HYD,2026-09-01,2026-08-18 06:18:00,3861.9,2026-09-09 12:37:29,BLR-HYD,2026-08-18
1664,TripEase,Air India,BLR,HYD,2026-09-01,2026-08-18 10:30:00,4064.13,2026-09-09 12:37:29,BLR-HYD,2026-08-18
1665,SkyFareHub,SpiceJet,BLR,HYD,2026-09-01,2026-08-18 06:18:00,3504.09,2026-09-09 12:37:29,BLR-HYD,2026-08-18
1666,TripEase,SpiceJet,BLR,HYD,2026-09-01,2026-08-18 13:53:00,3369.1,2026-09-09 12:37:29,BLR-HYD,2026-08-18
1667,SkyFareHub,Vistara,BLR,HYD,2026-09-01,2026-08-18 19:37:00,4500.81,2026-09-09 12:37:29,BLR-HYD,2026-08-18
1668,TripEase,Vistara,BLR,HYD,2026-09-01,2026-08-18 16:31:00,4292.72,2026-09-09 12:37:29,BLR-HYD,2026-08-18
1669,SkyFareHub,Akasa Air,BLR,HYD,2026-09-01,2026-08-18 20:29:00,3704.76,2026-09-09 12:37:29,BLR-HYD,2026-08-18
1670,TripEase,Akasa Air,BLR,HYD,2026-09-01,2026-08-18 15:10:00,3497.45,2026-09-09 12:37:29,BLR-HYD,2026-08-18
1671,SkyFareHub,IndiGo,BLR,HYD,2026-09-17,2026-08-18 17:18:00,3648.19,2026-09-09 12:37:29,BLR-HYD,2026-08-18
1672,TripEase,IndiGo,BLR,HYD,2026-09-17,2026-08-18 17:18:00,3603.51,2026-09-09 12:37:29,BLR-HYD,2026-08-18
1673,SkyFareHub,Air India,BLR,HYD,2026-09-17,2026-08-18 11:45:00,3821.49,2026-09-09 12:37:29,BLR-HYD,2026-08-18
1674,TripEase,Air India,BLR,HYD,2026-09-17,2026-08-18 11:53:00,3850.08,2026-09-09 12:37:29,BLR-HYD,2026-08-18
1675,SkyFareHub,SpiceJet,BLR,HYD,2026-09-17,2026-08-18 10:10:00,3583.45,2026-09-09 12:37:29,BLR-HYD,2026-08-18
1676,TripEase,SpiceJet,BLR,HYD,2026-09-17,2026-08-18 16:36:00,3275.59,2026-09-09 12:37:29,BLR-HYD,2026-08-18
1677,SkyFareHub,Vistara,BLR,HYD,2026-09-17,2026-08-18 11:13:00,3982.86,2026-09-09 12:37:29,BLR-HYD,2026-08-18
1678,TripEase,Vistara,BLR,HYD,2026-09-17,2026-08-18 16:22:00,4071.78,2026-09-09 12:37:29,BLR-HYD,2026-08-18
1679,SkyFareHub,Akasa Air,BLR,HYD,2026-09-17,2026-08-18 11:34:00,3405.15,2026-09-09 12:37:29,BLR-HYD,2026-08-18
1680,TripEase,Akasa Air,BLR,HYD,2026-09-17,2026-08-18 18:59:00,3547.89,2026-09-09 12:37:29,BLR-HYD,2026-08-18
1681,SkyFareHub,IndiGo,DEL,BOM,2026-08-26,2026-08-19 20:59:00,5395.21,2026-09-09 12:37:29,DEL-BOM,2026-08-19
1682,TripEase,IndiGo,DEL,BOM,2026-08-26,2026-08-19 22:21:00,5269.51,2026-09-09 12:37:29,DEL-BOM,2026-08-19
1683,SkyFareHub,Air India,DEL,BOM,2026-08-26,2026-08-19 15:48:00,5950.88,2026-09-09 12:37:29,DEL-BOM,2026-08-19
1684,TripEase,Air India,DEL,BOM,2026-08-26,2026-08-19 10:51:00,6209.07,2026-09-09 12:37:29,DEL-BOM,2026-08-19
1685,SkyFareHub,SpiceJet,DEL,BOM,2026-08-26,2026-08-19 20:21:00,5392.31,2026-09-09 12:37:29,DEL-BOM,2026-08-19
1686,TripEase,SpiceJet,DEL,BOM,2026-08-26,2026-08-19 07:08:00,5389.16,2026-09-09 12:37:29,DEL-BOM,2026-08-19
1687,SkyFareHub,Vistara,DEL,BOM,2026-08-26,2026-08-19 06:25:00,6284.22,2026-09-09 12:37:29,DEL-BOM,2026-08-19
1688,TripEase,Vistara,DEL,BOM,2026-08-26,2026-08-19 17:05:00,6292.91,2026-09-09 12:37:29,DEL-BOM,2026-08-19
1689,SkyFareHub,Akasa Air,DEL,BOM,2026-08-26,2026-08-19 12:37:00,5307.8,2026-09-09 12:37:29,DEL-BOM,2026-08-19
1690,TripEase,Akasa Air,DEL,BOM,2026-08-26,2026-08-19 14:12:00,5448.93,2026-09-09 12:37:29,DEL-BOM,2026-08-19
1691,SkyFareHub,IndiGo,DEL,BOM,2026-09-02,2026-08-19 20:43:00,5239.43,2026-09-09 12:37:29,DEL-BOM,2026-08-19
1692,TripEase,IndiGo,DEL,BOM,2026-09-02,2026-08-19 22:25:00,5374.53,2026-09-09 12:37:29,DEL-BOM,2026-08-19
1693,SkyFareHub,Air India,DEL,BOM,2026-09-02,2026-08-19 22:03:00,5661.6,2026-09-09 12:37:29,DEL-BOM,2026-08-19
1694,TripEase,Air India,DEL,BOM,2026-09-02,2026-08-19 10:45:00,6012.1,2026-09-09 12:37:29,DEL-BOM,2026-08-19
1695,SkyFareHub,SpiceJet,DEL,BOM,2026-09-02,2026-08-19 17:00:00,5268.51,2026-09-09 12:37:29,DEL-BOM,2026-08-19
1696,TripEase,SpiceJet,DEL,BOM,2026-09-02,2026-08-19 20:55:00,5027.77,2026-09-09 12:37:29,DEL-BOM,2026-08-19
1697,SkyFareHub,Vistara,DEL,BOM,2026-09-02,2026-08-19 20:47:00,6173.56,2026-09-09 12:37:29,DEL-BOM,2026-08-19
1698,TripEase,Vistara,DEL,BOM,2026-09-02,2026-08-19 15:10:00,6609.82,2026-09-09 12:37:29,DEL-BOM,2026-08-19
1699,SkyFareHub,Akasa Air,DEL,BOM,2026-09-02,2026-08-19 19:46:00,5549.13,2026-09-09 12:37:29,DEL-BOM,2026-08-19
1700,TripEase,Akasa Air,DEL,BOM,2026-09-02,2026-08-19 08:09:00,5324.63,2026-09-09 12:37:29,DEL-BOM,2026-08-19
1701,SkyFareHub,IndiGo,DEL,BOM,2026-09-18,2026-08-19 22:21:00,5124.71,2026-09-09 12:37:29,DEL-BOM,2026-08-19
1702,TripEase,IndiGo,DEL,BOM,2026-09-18,2026-08-19 18:05:00,5218.23,2026-09-09 12:37:29,DEL-BOM,2026-08-19
1703,SkyFareHub,Air India,DEL,BOM,2026-09-18,2026-08-19 14:26:00,5499.25,2026-09-09 12:37:29,DEL-BOM,2026-08-19
1704,TripEase,Air India,DEL,BOM,2026-09-18,2026-08-19 10:12:00,5515.49,2026-09-09 12:37:29,DEL-BOM,2026-08-19
1705,SkyFareHub,SpiceJet,DEL,BOM,2026-09-18,2026-08-19 21:02:00,4831.96,2026-09-09 12:37:29,DEL-BOM,2026-08-19
1706,TripEase,SpiceJet,DEL,BOM,2026-09-18,2026-08-19 15:31:00,5062.41,2026-09-09 12:37:29,DEL-BOM,2026-08-19
1707,SkyFareHub,Vistara,DEL,BOM,2026-09-18,2026-08-19 06:50:00,6059.32,2026-09-09 12:37:29,DEL-BOM,2026-08-19
1708,TripEase,Vistara,DEL,BOM,2026-09-18,2026-08-19 21:07:00,5717.27,2026-09-09 12:37:29,DEL-BOM,2026-08-19
1709,SkyFareHub,Akasa Air,DEL,BOM,2026-09-18,2026-08-19 19:11:00,5280.75,2026-09-09 12:37:29,DEL-BOM,2026-08-19
1710,TripEase,Akasa Air,DEL,BOM,2026-09-18,2026-08-19 13:01:00,5152.05,2026-09-09 12:37:29,DEL-BOM,2026-08-19
1711,SkyFareHub,IndiGo,DEL,BLR,2026-08-26,2026-08-19 08:38:00,5750.4,2026-09-09 12:37:29,DEL-BLR,2026-08-19
1712,TripEase,IndiGo,DEL,BLR,2026-08-26,2026-08-19 19:55:00,6161.32,2026-09-09 12:37:29,DEL-BLR,2026-08-19
1713,SkyFareHub,Air India,DEL,BLR,2026-08-26,2026-08-19 09:23:00,6441.69,2026-09-09 12:37:29,DEL-BLR,2026-08-19
1714,TripEase,Air India,DEL,BLR,2026-08-26,2026-08-19 14:10:00,6530.87,2026-09-09 12:37:29,DEL-BLR,2026-08-19
1715,SkyFareHub,SpiceJet,DEL,BLR,2026-08-26,2026-08-19 20:56:00,5629.24,2026-09-09 12:37:29,DEL-BLR,2026-08-19
1716,TripEase,SpiceJet,DEL,BLR,2026-08-26,2026-08-19 07:17:00,5752.68,2026-09-09 12:37:29,DEL-BLR,2026-08-19
1717,SkyFareHub,Vistara,DEL,BLR,2026-08-26,2026-08-19 17:03:00,6895.73,2026-09-09 12:37:29,DEL-BLR,2026-08-19
1718,TripEase,Vistara,DEL,BLR,2026-08-26,2026-08-19 08:32:00,6812.03,2026-09-09 12:37:29,DEL-BLR,2026-08-19
1719,SkyFareHub,Akasa Air,DEL,BLR,2026-08-26,2026-08-19 09:38:00,5735.42,2026-09-09 12:37:29,DEL-BLR,2026-08-19
1720,TripEase,Akasa Air,DEL,BLR,2026-08-26,2026-08-19 16:52:00,5966.7,2026-09-09 12:37:29,DEL-BLR,2026-08-19
1721,SkyFareHub,IndiGo,DEL,BLR,2026-09-02,2026-08-19 14:43:00,6198.82,2026-09-09 12:37:29,DEL-BLR,2026-08-19
1722,TripEase,IndiGo,DEL,BLR,2026-09-02,2026-08-19 17:52:00,5973.52,2026-09-09 12:37:29,DEL-BLR,2026-08-19
1723,SkyFareHub,Air India,DEL,BLR,2026-09-02,2026-08-19 15:23:00,6080.84,2026-09-09 12:37:29,DEL-BLR,2026-08-19
1724,TripEase,Air India,DEL,BLR,2026-09-02,2026-08-19 11:06:00,6511.82,2026-09-09 12:37:29,DEL-BLR,2026-08-19
1725,SkyFareHub,SpiceJet,DEL,BLR,2026-09-02,2026-08-19 12:50:00,5506.13,2026-09-09 12:37:29,DEL-BLR,2026-08-19
1726,TripEase,SpiceJet,DEL,BLR,2026-09-02,2026-08-19 22:54:00,5849.33,2026-09-09 12:37:29,DEL-BLR,2026-08-19
1727,SkyFareHub,Vistara,DEL,BLR,2026-09-02,2026-08-19 09:26:00,6856.22,2026-09-09 12:37:29,DEL-BLR,2026-08-19
1728,TripEase,Vistara,DEL,BLR,2026-09-02,2026-08-19 10:59:00,6622.98,2026-09-09 12:37:29,DEL-BLR,2026-08-19
1729,SkyFareHub,Akasa Air,DEL,BLR,2026-09-02,2026-08-19 17:08:00,5476.27,2026-09-09 12:37:29,DEL-BLR,2026-08-19
1730,TripEase,Akasa Air,DEL,BLR,2026-09-02,2026-08-19 22:48:00,6031.0,2026-09-09 12:37:29,DEL-BLR,2026-08-19
1731,SkyFareHub,IndiGo,DEL,BLR,2026-09-18,2026-08-19 15:01:00,5836.22,2026-09-09 12:37:29,DEL-BLR,2026-08-19
1732,TripEase,IndiGo,DEL,BLR,2026-09-18,2026-08-19 10:54:00,5714.27,2026-09-09 12:37:29,DEL-BLR,2026-08-19
1733,SkyFareHub,Air India,DEL,BLR,2026-09-18,2026-08-19 15:08:00,6358.1,2026-09-09 12:37:29,DEL-BLR,2026-08-19
1734,TripEase,Air India,DEL,BLR,2026-09-18,2026-08-19 19:44:00,6227.03,2026-09-09 12:37:29,DEL-BLR,2026-08-19
1735,SkyFareHub,SpiceJet,DEL,BLR,2026-09-18,2026-08-19 06:49:00,5434.4,2026-09-09 12:37:29,DEL-BLR,2026-08-19
1736,TripEase,SpiceJet,DEL,BLR,2026-09-18,2026-08-19 12:06:00,5417.36,2026-09-09 12:37:29,DEL-BLR,2026-08-19
1737,SkyFareHub,Vistara,DEL,BLR,2026-09-18,2026-08-19 07:30:00,6410.13,2026-09-09 12:37:29,DEL-BLR,2026-08-19
1738,TripEase,Vistara,DEL,BLR,2026-09-18,2026-08-19 08:19:00,6294.64,2026-09-09 12:37:29,DEL-BLR,2026-08-19
1739,SkyFareHub,Akasa Air,DEL,BLR,2026-09-18,2026-08-19 09:58:00,5720.85,2026-09-09 12:37:29,DEL-BLR,2026-08-19
1740,TripEase,Akasa Air,DEL,BLR,2026-09-18,2026-08-19 12:11:00,5635.87,2026-09-09 12:37:29,DEL-BLR,2026-08-19
1741,SkyFareHub,IndiGo,BOM,BLR,2026-08-26,2026-08-19 10:54:00,4444.6,2026-09-09 12:37:29,BOM-BLR,2026-08-19
1742,TripEase,IndiGo,BOM,BLR,2026-08-26,2026-08-19 17:22:00,4539.03,2026-09-09 12:37:29,BOM-BLR,2026-08-19
1743,SkyFareHub,Air India,BOM,BLR,2026-08-26,2026-08-19 13:32:00,4739.18,2026-09-09 12:37:29,BOM-BLR,2026-08-19
1744,TripEase,Air India,BOM,BLR,2026-08-26,2026-08-19 06:33:00,4781.47,2026-09-09 12:37:29,BOM-BLR,2026-08-19
1745,SkyFareHub,SpiceJet,BOM,BLR,2026-08-26,2026-08-19 15:10:00,4108.61,2026-09-09 12:37:29,BOM-BLR,2026-08-19
1746,TripEase,SpiceJet,BOM,BLR,2026-08-26,2026-08-19 09:59:00,4432.15,2026-09-09 12:37:29,BOM-BLR,2026-08-19
1747,SkyFareHub,Vistara,BOM,BLR,2026-08-26,2026-08-19 21:23:00,5069.64,2026-09-09 12:37:29,BOM-BLR,2026-08-19
1748,TripEase,Vistara,BOM,BLR,2026-08-26,2026-08-19 09:11:00,5171.23,2026-09-09 12:37:29,BOM-BLR,2026-08-19
1749,SkyFareHub,Akasa Air,BOM,BLR,2026-08-26,2026-08-19 19:13:00,4618.64,2026-09-09 12:37:29,BOM-BLR,2026-08-19
1750,TripEase,Akasa Air,BOM,BLR,2026-08-26,2026-08-19 16:07:00,4355.85,2026-09-09 12:37:29,BOM-BLR,2026-08-19
1751,SkyFareHub,IndiGo,BOM,BLR,2026-09-02,2026-08-19 21:48:00,4439.53,2026-09-09 12:37:29,BOM-BLR,2026-08-19
1752,TripEase,IndiGo,BOM,BLR,2026-09-02,2026-08-19 07:05:00,4340.56,2026-09-09 12:37:29,BOM-BLR,2026-08-19
1753,SkyFareHub,Air India,BOM,BLR,2026-09-02,2026-08-19 15:29:00,4625.36,2026-09-09 12:37:29,BOM-BLR,2026-08-19
1754,TripEase,Air India,BOM,BLR,2026-09-02,2026-08-19 20:14:00,4786.51,2026-09-09 12:37:29,BOM-BLR,2026-08-19
1755,SkyFareHub,SpiceJet,BOM,BLR,2026-09-02,2026-08-19 19:12:00,4189.22,2026-09-09 12:37:29,BOM-BLR,2026-08-19
1756,TripEase,SpiceJet,BOM,BLR,2026-09-02,2026-08-19 21:43:00,4444.69,2026-09-09 12:37:29,BOM-BLR,2026-08-19
1757,SkyFareHub,Vistara,BOM,BLR,2026-09-02,2026-08-19 21:43:00,4909.65,2026-09-09 12:37:29,BOM-BLR,2026-08-19
1758,TripEase,Vistara,BOM,BLR,2026-09-02,2026-08-19 08:07:00,4932.84,2026-09-09 12:37:29,BOM-BLR,2026-08-19
1759,SkyFareHub,Akasa Air,BOM,BLR,2026-09-02,2026-08-19 09:47:00,4164.24,2026-09-09 12:37:29,BOM-BLR,2026-08-19
1760,TripEase,Akasa Air,BOM,BLR,2026-09-02,2026-08-19 08:23:00,4583.41,2026-09-09 12:37:29,BOM-BLR,2026-08-19
1761,SkyFareHub,IndiGo,BOM,BLR,2026-09-18,2026-08-19 18:07:00,4421.85,2026-09-09 12:37:29,BOM-BLR,2026-08-19
1762,TripEase,IndiGo,BOM,BLR,2026-09-18,2026-08-19 21:17:00,4188.69,2026-09-09 12:37:29,BOM-BLR,2026-08-19
1763,SkyFareHub,Air India,BOM,BLR,2026-09-18,2026-08-19 14:48:00,4816.51,2026-09-09 12:37:29,BOM-BLR,2026-08-19
1764,TripEase,Air India,BOM,BLR,2026-09-18,2026-08-19 18:22:00,4791.64,2026-09-09 12:37:29,BOM-BLR,2026-08-19
1765,SkyFareHub,SpiceJet,BOM,BLR,2026-09-18,2026-08-19 18:31:00,4102.4,2026-09-09 12:37:29,BOM-BLR,2026-08-19
1766,TripEase,SpiceJet,BOM,BLR,2026-09-18,2026-08-19 20:06:00,4002.31,2026-09-09 12:37:29,BOM-BLR,2026-08-19
1767,SkyFareHub,Vistara,BOM,BLR,2026-09-18,2026-08-19 13:40:00,4792.39,2026-09-09 12:37:29,BOM-BLR,2026-08-19
1768,TripEase,Vistara,BOM,BLR,2026-09-18,2026-08-19 07:53:00,4980.5,2026-09-09 12:37:29,BOM-BLR,2026-08-19
1769,SkyFareHub,Akasa Air,BOM,BLR,2026-09-18,2026-08-19 11:24:00,4071.51,2026-09-09 12:37:29,BOM-BLR,2026-08-19
1770,TripEase,Akasa Air,BOM,BLR,2026-09-18,2026-08-19 15:39:00,4162.6,2026-09-09 12:37:29,BOM-BLR,2026-08-19
1771,SkyFareHub,IndiGo,DEL,MAA,2026-08-26,2026-08-19 22:49:00,6681.01,2026-09-09 12:37:29,DEL-MAA,2026-08-19
1772,TripEase,IndiGo,DEL,MAA,2026-08-26,2026-08-19 15:42:00,6497.73,2026-09-09 12:37:29,DEL-MAA,2026-08-19
1773,SkyFareHub,Air India,DEL,MAA,2026-08-26,2026-08-19 16:51:00,7037.13,2026-09-09 12:37:29,DEL-MAA,2026-08-19
1774,TripEase,Air India,DEL,MAA,2026-08-26,2026-08-19 07:27:00,7258.43,2026-09-09 12:37:29,DEL-MAA,2026-08-19
1775,SkyFareHub,SpiceJet,DEL,MAA,2026-08-26,2026-08-19 20:20:00,6236.11,2026-09-09 12:37:29,DEL-MAA,2026-08-19
1776,TripEase,SpiceJet,DEL,MAA,2026-08-26,2026-08-19 07:02:00,6342.72,2026-09-09 12:37:29,DEL-MAA,2026-08-19
1777,SkyFareHub,Vistara,DEL,MAA,2026-08-26,2026-08-19 15:56:00,7370.32,2026-09-09 12:37:29,DEL-MAA,2026-08-19
1778,TripEase,Vistara,DEL,MAA,2026-08-26,2026-08-19 10:19:00,7612.02,2026-09-09 12:37:29,DEL-MAA,2026-08-19
1779,SkyFareHub,Akasa Air,DEL,MAA,2026-08-26,2026-08-19 09:36:00,6423.93,2026-09-09 12:37:29,DEL-MAA,2026-08-19
1780,TripEase,Akasa Air,DEL,MAA,2026-08-26,2026-08-19 21:30:00,6468.81,2026-09-09 12:37:29,DEL-MAA,2026-08-19
1781,SkyFareHub,IndiGo,DEL,MAA,2026-09-02,2026-08-19 07:25:00,6322.12,2026-09-09 12:37:29,DEL-MAA,2026-08-19
1782,TripEase,IndiGo,DEL,MAA,2026-09-02,2026-08-19 18:39:00,6336.09,2026-09-09 12:37:29,DEL-MAA,2026-08-19
1783,SkyFareHub,Air India,DEL,MAA,2026-09-02,2026-08-19 15:20:00,7145.22,2026-09-09 12:37:29,DEL-MAA,2026-08-19
1784,TripEase,Air India,DEL,MAA,2026-09-02,2026-08-19 10:53:00,6730.66,2026-09-09 12:37:29,DEL-MAA,2026-08-19
1785,SkyFareHub,SpiceJet,DEL,MAA,2026-09-02,2026-08-19 06:48:00,6149.56,2026-09-09 12:37:29,DEL-MAA,2026-08-19
1786,TripEase,SpiceJet,DEL,MAA,2026-09-02,2026-08-19 09:27:00,6234.35,2026-09-09 12:37:29,DEL-MAA,2026-08-19
1787,SkyFareHub,Vistara,DEL,MAA,2026-09-02,2026-08-19 17:03:00,7231.25,2026-09-09 12:37:29,DEL-MAA,2026-08-19
1788,TripEase,Vistara,DEL,MAA,2026-09-02,2026-08-19 15:37:00,7369.39,2026-09-09 12:37:29,DEL-MAA,2026-08-19
1789,SkyFareHub,Akasa Air,DEL,MAA,2026-09-02,2026-08-19 15:07:00,6093.3,2026-09-09 12:37:29,DEL-MAA,2026-08-19
1790,TripEase,Akasa Air,DEL,MAA,2026-09-02,2026-08-19 16:02:00,5969.43,2026-09-09 12:37:29,DEL-MAA,2026-08-19
1791,SkyFareHub,IndiGo,DEL,MAA,2026-09-18,2026-08-19 22:57:00,6327.12,2026-09-09 12:37:29,DEL-MAA,2026-08-19
1792,TripEase,IndiGo,DEL,MAA,2026-09-18,2026-08-19 21:37:00,5993.23,2026-09-09 12:37:29,DEL-MAA,2026-08-19
1793,SkyFareHub,Air India,DEL,MAA,2026-09-18,2026-08-19 18:20:00,6377.78,2026-09-09 12:37:29,DEL-MAA,2026-08-19
1794,TripEase,Air India,DEL,MAA,2026-09-18,2026-08-19 09:44:00,6871.04,2026-09-09 12:37:29,DEL-MAA,2026-08-19
1795,SkyFareHub,SpiceJet,DEL,MAA,2026-09-18,2026-08-19 22:51:00,5925.16,2026-09-09 12:37:29,DEL-MAA,2026-08-19
1796,TripEase,SpiceJet,DEL,MAA,2026-09-18,2026-08-19 15:23:00,5968.81,2026-09-09 12:37:29,DEL-MAA,2026-08-19
1797,SkyFareHub,Vistara,DEL,MAA,2026-09-18,2026-08-19 08:53:00,7283.23,2026-09-09 12:37:29,DEL-MAA,2026-08-19
1798,TripEase,Vistara,DEL,MAA,2026-09-18,2026-08-19 14:03:00,7220.45,2026-09-09 12:37:29,DEL-MAA,2026-08-19
1799,SkyFareHub,Akasa Air,DEL,MAA,2026-09-18,2026-08-19 13:39:00,5953.69,2026-09-09 12:37:29,DEL-MAA,2026-08-19
1800,TripEase,Akasa Air,DEL,MAA,2026-09-18,2026-08-19 09:37:00,5994.36,2026-09-09 12:37:29,DEL-MAA,2026-08-19
1801,SkyFareHub,IndiGo,BOM,MAA,2026-08-26,2026-08-19 22:30:00,5586.63,2026-09-09 12:37:29,BOM-MAA,2026-08-19
1802,TripEase,IndiGo,BOM,MAA,2026-08-26,2026-08-19 08:41:00,5726.3,2026-09-09 12:37:29,BOM-MAA,2026-08-19
1803,SkyFareHub,Air India,BOM,MAA,2026-08-26,2026-08-19 15:27:00,6442.89,2026-09-09 12:37:29,BOM-MAA,2026-08-19
1804,TripEase,Air India,BOM,MAA,2026-08-26,2026-08-19 19:25:00,6290.32,2026-09-09 12:37:29,BOM-MAA,2026-08-19
1805,SkyFareHub,SpiceJet,BOM,MAA,2026-08-26,2026-08-19 11:56:00,5417.98,2026-09-09 12:37:29,BOM-MAA,2026-08-19
1806,TripEase,SpiceJet,BOM,MAA,2026-08-26,2026-08-19 11:36:00,5377.47,2026-09-09 12:37:29,BOM-MAA,2026-08-19
1807,SkyFareHub,Vistara,BOM,MAA,2026-08-26,2026-08-19 20:17:00,6749.55,2026-09-09 12:37:29,BOM-MAA,2026-08-19
1808,TripEase,Vistara,BOM,MAA,2026-08-26,2026-08-19 19:59:00,6932.41,2026-09-09 12:37:29,BOM-MAA,2026-08-19
1809,SkyFareHub,Akasa Air,BOM,MAA,2026-08-26,2026-08-19 22:12:00,5711.77,2026-09-09 12:37:29,BOM-MAA,2026-08-19
1810,TripEase,Akasa Air,BOM,MAA,2026-08-26,2026-08-19 10:47:00,5458.64,2026-09-09 12:37:29,BOM-MAA,2026-08-19
1811,SkyFareHub,IndiGo,BOM,MAA,2026-09-02,2026-08-19 19:26:00,5747.19,2026-09-09 12:37:29,BOM-MAA,2026-08-19
1812,TripEase,IndiGo,BOM,MAA,2026-09-02,2026-08-19 08:40:00,5761.32,2026-09-09 12:37:29,BOM-MAA,2026-08-19
1813,SkyFareHub,Air India,BOM,MAA,2026-09-02,2026-08-19 15:41:00,6010.08,2026-09-09 12:37:29,BOM-MAA,2026-08-19
1814,TripEase,Air India,BOM,MAA,2026-09-02,2026-08-19 13:25:00,6090.71,2026-09-09 12:37:29,BOM-MAA,2026-08-19
1815,SkyFareHub,SpiceJet,BOM,MAA,2026-09-02,2026-08-19 06:15:00,5216.12,2026-09-09 12:37:29,BOM-MAA,2026-08-19
1816,TripEase,SpiceJet,BOM,MAA,2026-09-02,2026-08-19 21:35:00,5511.85,2026-09-09 12:37:29,BOM-MAA,2026-08-19
1817,SkyFareHub,Vistara,BOM,MAA,2026-09-02,2026-08-19 07:12:00,6818.74,2026-09-09 12:37:29,BOM-MAA,2026-08-19
1818,TripEase,Vistara,BOM,MAA,2026-09-02,2026-08-19 14:50:00,6267.18,2026-09-09 12:37:29,BOM-MAA,2026-08-19
1819,SkyFareHub,Akasa Air,BOM,MAA,2026-09-02,2026-08-19 11:41:00,5746.9,2026-09-09 12:37:29,BOM-MAA,2026-08-19
1820,TripEase,Akasa Air,BOM,MAA,2026-09-02,2026-08-19 21:50:00,5870.45,2026-09-09 12:37:29,BOM-MAA,2026-08-19
1821,SkyFareHub,IndiGo,BOM,MAA,2026-09-18,2026-08-19 08:20:00,5448.95,2026-09-09 12:37:29,BOM-MAA,2026-08-19
1822,TripEase,IndiGo,BOM,MAA,2026-09-18,2026-08-19 19:57:00,5709.38,2026-09-09 12:37:29,BOM-MAA,2026-08-19
1823,SkyFareHub,Air India,BOM,MAA,2026-09-18,2026-08-19 08:25:00,5976.76,2026-09-09 12:37:29,BOM-MAA,2026-08-19
1824,TripEase,Air India,BOM,MAA,2026-09-18,2026-08-19 10:15:00,6278.36,2026-09-09 12:37:29,BOM-MAA,2026-08-19
1825,SkyFareHub,SpiceJet,BOM,MAA,2026-09-18,2026-08-19 09:33:00,5175.74,2026-09-09 12:37:29,BOM-MAA,2026-08-19
1826,TripEase,SpiceJet,BOM,MAA,2026-09-18,2026-08-19 22:16:00,5359.7,2026-09-09 12:37:29,BOM-MAA,2026-08-19
1827,SkyFareHub,Vistara,BOM,MAA,2026-09-18,2026-08-19 09:49:00,6215.07,2026-09-09 12:37:29,BOM-MAA,2026-08-19
1828,TripEase,Vistara,BOM,MAA,2026-09-18,2026-08-19 18:51:00,6464.67,2026-09-09 12:37:29,BOM-MAA,2026-08-19
1829,SkyFareHub,Akasa Air,BOM,MAA,2026-09-18,2026-08-19 19:13:00,5397.62,2026-09-09 12:37:29,BOM-MAA,2026-08-19
1830,TripEase,Akasa Air,BOM,MAA,2026-09-18,2026-08-19 14:28:00,5118.2,2026-09-09 12:37:29,BOM-MAA,2026-08-19
1831,SkyFareHub,IndiGo,DEL,CCU,2026-08-26,2026-08-19 07:31:00,6304.14,2026-09-09 12:37:29,DEL-CCU,2026-08-19
1832,TripEase,IndiGo,DEL,CCU,2026-08-26,2026-08-19 09:20:00,6305.45,2026-09-09 12:37:29,DEL-CCU,2026-08-19
1833,SkyFareHub,Air India,DEL,CCU,2026-08-26,2026-08-19 13:17:00,6725.97,2026-09-09 12:37:29,DEL-CCU,2026-08-19
1834,TripEase,Air India,DEL,CCU,2026-08-26,2026-08-19 17:30:00,7091.23,2026-09-09 12:37:29,DEL-CCU,2026-08-19
1835,SkyFareHub,SpiceJet,DEL,CCU,2026-08-26,2026-08-19 06:41:00,6119.36,2026-09-09 12:37:29,DEL-CCU,2026-08-19
1836,TripEase,SpiceJet,DEL,CCU,2026-08-26,2026-08-19 07:44:00,6161.62,2026-09-09 12:37:29,DEL-CCU,2026-08-19
1837,SkyFareHub,Vistara,DEL,CCU,2026-08-26,2026-08-19 14:35:00,7458.79,2026-09-09 12:37:29,DEL-CCU,2026-08-19
1838,TripEase,Vistara,DEL,CCU,2026-08-26,2026-08-19 17:57:00,7140.2,2026-09-09 12:37:29,DEL-CCU,2026-08-19
1839,SkyFareHub,Akasa Air,DEL,CCU,2026-08-26,2026-08-19 13:54:00,6041.84,2026-09-09 12:37:29,DEL-CCU,2026-08-19
1840,TripEase,Akasa Air,DEL,CCU,2026-08-26,2026-08-19 18:59:00,5822.18,2026-09-09 12:37:29,DEL-CCU,2026-08-19
1841,SkyFareHub,IndiGo,DEL,CCU,2026-09-02,2026-08-19 08:59:00,6270.55,2026-09-09 12:37:29,DEL-CCU,2026-08-19
1842,TripEase,IndiGo,DEL,CCU,2026-09-02,2026-08-19 12:55:00,6187.07,2026-09-09 12:37:29,DEL-CCU,2026-08-19
1843,SkyFareHub,Air India,DEL,CCU,2026-09-02,2026-08-19 16:56:00,6987.89,2026-09-09 12:37:29,DEL-CCU,2026-08-19
1844,TripEase,Air India,DEL,CCU,2026-09-02,2026-08-19 07:17:00,6838.85,2026-09-09 12:37:29,DEL-CCU,2026-08-19
1845,SkyFareHub,SpiceJet,DEL,CCU,2026-09-02,2026-08-19 21:30:00,6103.31,2026-09-09 12:37:29,DEL-CCU,2026-08-19
1846,TripEase,SpiceJet,DEL,CCU,2026-09-02,2026-08-19 16:45:00,6079.09,2026-09-09 12:37:29,DEL-CCU,2026-08-19
1847,SkyFareHub,Vistara,DEL,CCU,2026-09-02,2026-08-19 09:52:00,7178.24,2026-09-09 12:37:29,DEL-CCU,2026-08-19
1848,TripEase,Vistara,DEL,CCU,2026-09-02,2026-08-19 08:22:00,6752.6,2026-09-09 12:37:29,DEL-CCU,2026-08-19
1849,SkyFareHub,Akasa Air,DEL,CCU,2026-09-02,2026-08-19 16:29:00,5986.48,2026-09-09 12:37:29,DEL-CCU,2026-08-19
1850,TripEase,Akasa Air,DEL,CCU,2026-09-02,2026-08-19 11:40:00,6128.57,2026-09-09 12:37:29,DEL-CCU,2026-08-19
1851,SkyFareHub,IndiGo,DEL,CCU,2026-09-18,2026-08-19 06:25:00,5947.8,2026-09-09 12:37:29,DEL-CCU,2026-08-19
1852,TripEase,IndiGo,DEL,CCU,2026-09-18,2026-08-19 08:07:00,5713.19,2026-09-09 12:37:29,DEL-CCU,2026-08-19
1853,SkyFareHub,Air India,DEL,CCU,2026-09-18,2026-08-19 10:54:00,6229.55,2026-09-09 12:37:29,DEL-CCU,2026-08-19
1854,TripEase,Air India,DEL,CCU,2026-09-18,2026-08-19 16:28:00,6412.11,2026-09-09 12:37:29,DEL-CCU,2026-08-19
1855,SkyFareHub,SpiceJet,DEL,CCU,2026-09-18,2026-08-19 14:11:00,5697.92,2026-09-09 12:37:29,DEL-CCU,2026-08-19
1856,TripEase,SpiceJet,DEL,CCU,2026-09-18,2026-08-19 15:12:00,5823.0,2026-09-09 12:37:29,DEL-CCU,2026-08-19
1857,SkyFareHub,Vistara,DEL,CCU,2026-09-18,2026-08-19 18:56:00,6532.49,2026-09-09 12:37:29,DEL-CCU,2026-08-19
1858,TripEase,Vistara,DEL,CCU,2026-09-18,2026-08-19 13:01:00,6883.08,2026-09-09 12:37:29,DEL-CCU,2026-08-19
1859,SkyFareHub,Akasa Air,DEL,CCU,2026-09-18,2026-08-19 13:58:00,6098.63,2026-09-09 12:37:29,DEL-CCU,2026-08-19
1860,TripEase,Akasa Air,DEL,CCU,2026-09-18,2026-08-19 14:44:00,5544.81,2026-09-09 12:37:29,DEL-CCU,2026-08-19
1861,SkyFareHub,IndiGo,BLR,HYD,2026-08-26,2026-08-19 19:38:00,3813.13,2026-09-09 12:37:29,BLR-HYD,2026-08-19
1862,TripEase,IndiGo,BLR,HYD,2026-08-26,2026-08-19 17:10:00,3641.82,2026-09-09 12:37:29,BLR-HYD,2026-08-19
1863,SkyFareHub,Air India,BLR,HYD,2026-08-26,2026-08-19 22:27:00,4166.26,2026-09-09 12:37:29,BLR-HYD,2026-08-19
1864,TripEase,Air India,BLR,HYD,2026-08-26,2026-08-19 21:07:00,4309.18,2026-09-09 12:37:29,BLR-HYD,2026-08-19
1865,SkyFareHub,SpiceJet,BLR,HYD,2026-08-26,2026-08-19 14:18:00,3474.17,2026-09-09 12:37:29,BLR-HYD,2026-08-19
1866,TripEase,SpiceJet,BLR,HYD,2026-08-26,2026-08-19 19:54:00,3664.11,2026-09-09 12:37:29,BLR-HYD,2026-08-19
1867,SkyFareHub,Vistara,BLR,HYD,2026-08-26,2026-08-19 15:46:00,4202.58,2026-09-09 12:37:29,BLR-HYD,2026-08-19
1868,TripEase,Vistara,BLR,HYD,2026-08-26,2026-08-19 19:50:00,4420.76,2026-09-09 12:37:29,BLR-HYD,2026-08-19
1869,SkyFareHub,Akasa Air,BLR,HYD,2026-08-26,2026-08-19 14:15:00,3543.4,2026-09-09 12:37:29,BLR-HYD,2026-08-19
1870,TripEase,Akasa Air,BLR,HYD,2026-08-26,2026-08-19 17:37:00,3819.63,2026-09-09 12:37:29,BLR-HYD,2026-08-19
1871,SkyFareHub,IndiGo,BLR,HYD,2026-09-02,2026-08-19 06:30:00,3800.66,2026-09-09 12:37:29,BLR-HYD,2026-08-19
1872,TripEase,IndiGo,BLR,HYD,2026-09-02,2026-08-19 18:43:00,3604.74,2026-09-09 12:37:29,BLR-HYD,2026-08-19
1873,SkyFareHub,Air India,BLR,HYD,2026-09-02,2026-08-19 19:47:00,3933.41,2026-09-09 12:37:29,BLR-HYD,2026-08-19
1874,TripEase,Air India,BLR,HYD,2026-09-02,2026-08-19 07:03:00,3982.77,2026-09-09 12:37:29,BLR-HYD,2026-08-19
1875,SkyFareHub,SpiceJet,BLR,HYD,2026-09-02,2026-08-19 17:38:00,3462.56,2026-09-09 12:37:29,BLR-HYD,2026-08-19
1876,TripEase,SpiceJet,BLR,HYD,2026-09-02,2026-08-19 07:00:00,3792.36,2026-09-09 12:37:29,BLR-HYD,2026-08-19
1877,SkyFareHub,Vistara,BLR,HYD,2026-09-02,2026-08-19 15:25:00,4263.85,2026-09-09 12:37:29,BLR-HYD,2026-08-19
1878,TripEase,Vistara,BLR,HYD,2026-09-02,2026-08-19 07:37:00,4281.83,2026-09-09 12:37:29,BLR-HYD,2026-08-19
1879,SkyFareHub,Akasa Air,BLR,HYD,2026-09-02,2026-08-19 21:59:00,3476.53,2026-09-09 12:37:29,BLR-HYD,2026-08-19
1880,TripEase,Akasa Air,BLR,HYD,2026-09-02,2026-08-19 08:20:00,3588.26,2026-09-09 12:37:29,BLR-HYD,2026-08-19
1881,SkyFareHub,IndiGo,BLR,HYD,2026-09-18,2026-08-19 14:07:00,3677.59,2026-09-09 12:37:29,BLR-HYD,2026-08-19
1882,TripEase,IndiGo,BLR,HYD,2026-09-18,2026-08-19 21:55:00,3681.13,2026-09-09 12:37:29,BLR-HYD,2026-08-19
1883,SkyFareHub,Air India,BLR,HYD,2026-09-18,2026-08-19 17:59:00,4018.59,2026-09-09 12:37:29,BLR-HYD,2026-08-19
1884,TripEase,Air India,BLR,HYD,2026-09-18,2026-08-19 14:39:00,3994.45,2026-09-09 12:37:29,BLR-HYD,2026-08-19
1885,SkyFareHub,SpiceJet,BLR,HYD,2026-09-18,2026-08-19 22:20:00,3628.84,2026-09-09 12:37:29,BLR-HYD,2026-08-19
1886,TripEase,SpiceJet,BLR,HYD,2026-09-18,2026-08-19 21:48:00,3362.5,2026-09-09 12:37:29,BLR-HYD,2026-08-19
1887,SkyFareHub,Vistara,BLR,HYD,2026-09-18,2026-08-19 20:03:00,4340.09,2026-09-09 12:37:29,BLR-HYD,2026-08-19
1888,TripEase,Vistara,BLR,HYD,2026-09-18,2026-08-19 11:02:00,3960.27,2026-09-09 12:37:29,BLR-HYD,2026-08-19
1889,SkyFareHub,Akasa Air,BLR,HYD,2026-09-18,2026-08-19 20:27:00,3442.7,2026-09-09 12:37:29,BLR-HYD,2026-08-19
1890,TripEase,Akasa Air,BLR,HYD,2026-09-18,2026-08-19 21:02:00,3497.51,2026-09-09 12:37:29,BLR-HYD,2026-08-19
1891,SkyFareHub,IndiGo,DEL,BOM,2026-08-27,2026-08-20 21:29:00,5660.15,2026-09-09 12:37:29,DEL-BOM,2026-08-20
1892,TripEase,IndiGo,DEL,BOM,2026-08-27,2026-08-20 10:07:00,5635.51,2026-09-09 12:37:29,DEL-BOM,2026-08-20
1893,SkyFareHub,Air India,DEL,BOM,2026-08-27,2026-08-20 15:11:00,5788.07,2026-09-09 12:37:29,DEL-BOM,2026-08-20
1894,TripEase,Air India,DEL,BOM,2026-08-27,2026-08-20 14:36:00,6215.23,2026-09-09 12:37:29,DEL-BOM,2026-08-20
1895,SkyFareHub,SpiceJet,DEL,BOM,2026-08-27,2026-08-20 06:33:00,5438.86,2026-09-09 12:37:29,DEL-BOM,2026-08-20
1896,TripEase,SpiceJet,DEL,BOM,2026-08-27,2026-08-20 08:15:00,5259.23,2026-09-09 12:37:29,DEL-BOM,2026-08-20
1897,SkyFareHub,Vistara,DEL,BOM,2026-08-27,2026-08-20 16:01:00,6556.33,2026-09-09 12:37:29,DEL-BOM,2026-08-20
1898,TripEase,Vistara,DEL,BOM,2026-08-27,2026-08-20 09:25:00,6426.41,2026-09-09 12:37:29,DEL-BOM,2026-08-20
1899,SkyFareHub,Akasa Air,DEL,BOM,2026-08-27,2026-08-20 09:53:00,5442.03,2026-09-09 12:37:29,DEL-BOM,2026-08-20
1900,TripEase,Akasa Air,DEL,BOM,2026-08-27,2026-08-20 20:53:00,5131.15,2026-09-09 12:37:29,DEL-BOM,2026-08-20
1901,SkyFareHub,IndiGo,DEL,BOM,2026-09-03,2026-08-20 14:38:00,5529.45,2026-09-09 12:37:29,DEL-BOM,2026-08-20
1902,TripEase,IndiGo,DEL,BOM,2026-09-03,2026-08-20 07:41:00,5458.65,2026-09-09 12:37:29,DEL-BOM,2026-08-20
1903,SkyFareHub,Air India,DEL,BOM,2026-09-03,2026-08-20 10:13:00,5922.21,2026-09-09 12:37:29,DEL-BOM,2026-08-20
1904,TripEase,Air India,DEL,BOM,2026-09-03,2026-08-20 15:20:00,6158.52,2026-09-09 12:37:29,DEL-BOM,2026-08-20
1905,SkyFareHub,SpiceJet,DEL,BOM,2026-09-03,2026-08-20 18:05:00,5372.34,2026-09-09 12:37:29,DEL-BOM,2026-08-20
1906,TripEase,SpiceJet,DEL,BOM,2026-09-03,2026-08-20 18:05:00,5031.47,2026-09-09 12:37:29,DEL-BOM,2026-08-20
1907,SkyFareHub,Vistara,DEL,BOM,2026-09-03,2026-08-20 18:49:00,5912.53,2026-09-09 12:37:29,DEL-BOM,2026-08-20
1908,TripEase,Vistara,DEL,BOM,2026-09-03,2026-08-20 10:07:00,6268.78,2026-09-09 12:37:29,DEL-BOM,2026-08-20
1909,SkyFareHub,Akasa Air,DEL,BOM,2026-09-03,2026-08-20 15:57:00,5292.48,2026-09-09 12:37:29,DEL-BOM,2026-08-20
1910,TripEase,Akasa Air,DEL,BOM,2026-09-03,2026-08-20 09:53:00,5243.48,2026-09-09 12:37:29,DEL-BOM,2026-08-20
1911,SkyFareHub,IndiGo,DEL,BOM,2026-09-19,2026-08-20 20:56:00,5115.59,2026-09-09 12:37:29,DEL-BOM,2026-08-20
1912,TripEase,IndiGo,DEL,BOM,2026-09-19,2026-08-20 19:05:00,5145.97,2026-09-09 12:37:29,DEL-BOM,2026-08-20
1913,SkyFareHub,Air India,DEL,BOM,2026-09-19,2026-08-20 11:27:00,5910.4,2026-09-09 12:37:29,DEL-BOM,2026-08-20
1914,TripEase,Air India,DEL,BOM,2026-09-19,2026-08-20 22:21:00,5608.13,2026-09-09 12:37:29,DEL-BOM,2026-08-20
1915,SkyFareHub,SpiceJet,DEL,BOM,2026-09-19,2026-08-20 10:59:00,5245.34,2026-09-09 12:37:29,DEL-BOM,2026-08-20
1916,TripEase,SpiceJet,DEL,BOM,2026-09-19,2026-08-20 22:05:00,5039.97,2026-09-09 12:37:29,DEL-BOM,2026-08-20
1917,SkyFareHub,Vistara,DEL,BOM,2026-09-19,2026-08-20 21:19:00,5932.04,2026-09-09 12:37:29,DEL-BOM,2026-08-20
1918,TripEase,Vistara,DEL,BOM,2026-09-19,2026-08-20 15:53:00,5750.71,2026-09-09 12:37:29,DEL-BOM,2026-08-20
1919,SkyFareHub,Akasa Air,DEL,BOM,2026-09-19,2026-08-20 07:35:00,4983.42,2026-09-09 12:37:29,DEL-BOM,2026-08-20
1920,TripEase,Akasa Air,DEL,BOM,2026-09-19,2026-08-20 09:32:00,4795.8,2026-09-09 12:37:29,DEL-BOM,2026-08-20
1921,SkyFareHub,IndiGo,DEL,BLR,2026-08-27,2026-08-20 14:22:00,5843.34,2026-09-09 12:37:29,DEL-BLR,2026-08-20
1922,TripEase,IndiGo,DEL,BLR,2026-08-27,2026-08-20 22:01:00,5756.76,2026-09-09 12:37:29,DEL-BLR,2026-08-20
1923,SkyFareHub,Air India,DEL,BLR,2026-08-27,2026-08-20 11:50:00,6370.34,2026-09-09 12:37:29,DEL-BLR,2026-08-20
1924,TripEase,Air India,DEL,BLR,2026-08-27,2026-08-20 08:26:00,6300.99,2026-09-09 12:37:29,DEL-BLR,2026-08-20
1925,SkyFareHub,SpiceJet,DEL,BLR,2026-08-27,2026-08-20 20:48:00,5827.9,2026-09-09 12:37:29,DEL-BLR,2026-08-20
1926,TripEase,SpiceJet,DEL,BLR,2026-08-27,2026-08-20 14:21:00,5845.36,2026-09-09 12:37:29,DEL-BLR,2026-08-20
1927,SkyFareHub,Vistara,DEL,BLR,2026-08-27,2026-08-20 11:13:00,7343.24,2026-09-09 12:37:29,DEL-BLR,2026-08-20
1928,TripEase,Vistara,DEL,BLR,2026-08-27,2026-08-20 14:55:00,6858.21,2026-09-09 12:37:29,DEL-BLR,2026-08-20
1929,SkyFareHub,Akasa Air,DEL,BLR,2026-08-27,2026-08-20 06:00:00,5903.25,2026-09-09 12:37:29,DEL-BLR,2026-08-20
1930,TripEase,Akasa Air,DEL,BLR,2026-08-27,2026-08-20 21:29:00,5625.55,2026-09-09 12:37:29,DEL-BLR,2026-08-20
1931,SkyFareHub,IndiGo,DEL,BLR,2026-09-03,2026-08-20 21:19:00,6163.2,2026-09-09 12:37:29,DEL-BLR,2026-08-20
1932,TripEase,IndiGo,DEL,BLR,2026-09-03,2026-08-20 17:44:00,6165.84,2026-09-09 12:37:29,DEL-BLR,2026-08-20
1933,SkyFareHub,Air India,DEL,BLR,2026-09-03,2026-08-20 18:51:00,6578.3,2026-09-09 12:37:29,DEL-BLR,2026-08-20
1934,TripEase,Air India,DEL,BLR,2026-09-03,2026-08-20 06:12:00,6170.23,2026-09-09 12:37:29,DEL-BLR,2026-08-20
1935,SkyFareHub,SpiceJet,DEL,BLR,2026-09-03,2026-08-20 12:54:00,5304.42,2026-09-09 12:37:29,DEL-BLR,2026-08-20
1936,TripEase,SpiceJet,DEL,BLR,2026-09-03,2026-08-20 10:41:00,5423.54,2026-09-09 12:37:29,DEL-BLR,2026-08-20
1937,SkyFareHub,Vistara,DEL,BLR,2026-09-03,2026-08-20 12:05:00,6830.78,2026-09-09 12:37:29,DEL-BLR,2026-08-20
1938,TripEase,Vistara,DEL,BLR,2026-09-03,2026-08-20 21:27:00,6707.89,2026-09-09 12:37:29,DEL-BLR,2026-08-20
1939,SkyFareHub,Akasa Air,DEL,BLR,2026-09-03,2026-08-20 10:47:00,5426.5,2026-09-09 12:37:29,DEL-BLR,2026-08-20
1940,TripEase,Akasa Air,DEL,BLR,2026-09-03,2026-08-20 21:01:00,6016.15,2026-09-09 12:37:29,DEL-BLR,2026-08-20
1941,SkyFareHub,IndiGo,DEL,BLR,2026-09-19,2026-08-20 12:18:00,5939.76,2026-09-09 12:37:29,DEL-BLR,2026-08-20
1942,TripEase,IndiGo,DEL,BLR,2026-09-19,2026-08-20 07:21:00,5892.01,2026-09-09 12:37:29,DEL-BLR,2026-08-20
1943,SkyFareHub,Air India,DEL,BLR,2026-09-19,2026-08-20 19:26:00,6008.89,2026-09-09 12:37:29,DEL-BLR,2026-08-20
1944,TripEase,Air India,DEL,BLR,2026-09-19,2026-08-20 15:02:00,6465.92,2026-09-09 12:37:29,DEL-BLR,2026-08-20
1945,SkyFareHub,SpiceJet,DEL,BLR,2026-09-19,2026-08-20 21:14:00,5447.76,2026-09-09 12:37:29,DEL-BLR,2026-08-20
1946,TripEase,SpiceJet,DEL,BLR,2026-09-19,2026-08-20 19:36:00,5560.6,2026-09-09 12:37:29,DEL-BLR,2026-08-20
1947,SkyFareHub,Vistara,DEL,BLR,2026-09-19,2026-08-20 19:56:00,6336.42,2026-09-09 12:37:29,DEL-BLR,2026-08-20
1948,TripEase,Vistara,DEL,BLR,2026-09-19,2026-08-20 17:28:00,6590.62,2026-09-09 12:37:29,DEL-BLR,2026-08-20
1949,SkyFareHub,Akasa Air,DEL,BLR,2026-09-19,2026-08-20 15:46:00,5500.5,2026-09-09 12:37:29,DEL-BLR,2026-08-20
1950,TripEase,Akasa Air,DEL,BLR,2026-09-19,2026-08-20 13:32:00,5383.24,2026-09-09 12:37:29,DEL-BLR,2026-08-20
1951,SkyFareHub,IndiGo,BOM,BLR,2026-08-27,2026-08-20 16:58:00,4529.2,2026-09-09 12:37:29,BOM-BLR,2026-08-20
1952,TripEase,IndiGo,BOM,BLR,2026-08-27,2026-08-20 20:08:00,4649.41,2026-09-09 12:37:29,BOM-BLR,2026-08-20
1953,SkyFareHub,Air India,BOM,BLR,2026-08-27,2026-08-20 18:26:00,5096.13,2026-09-09 12:37:29,BOM-BLR,2026-08-20
1954,TripEase,Air India,BOM,BLR,2026-08-27,2026-08-20 17:50:00,5061.95,2026-09-09 12:37:29,BOM-BLR,2026-08-20
1955,SkyFareHub,SpiceJet,BOM,BLR,2026-08-27,2026-08-20 11:39:00,4405.46,2026-09-09 12:37:29,BOM-BLR,2026-08-20
1956,TripEase,SpiceJet,BOM,BLR,2026-08-27,2026-08-20 08:42:00,4242.19,2026-09-09 12:37:29,BOM-BLR,2026-08-20
1957,SkyFareHub,Vistara,BOM,BLR,2026-08-27,2026-08-20 11:38:00,5088.56,2026-09-09 12:37:29,BOM-BLR,2026-08-20
1958,TripEase,Vistara,BOM,BLR,2026-08-27,2026-08-20 21:19:00,5285.84,2026-09-09 12:37:29,BOM-BLR,2026-08-20
1959,SkyFareHub,Akasa Air,BOM,BLR,2026-08-27,2026-08-20 06:22:00,4305.94,2026-09-09 12:37:29,BOM-BLR,2026-08-20
1960,TripEase,Akasa Air,BOM,BLR,2026-08-27,2026-08-20 11:11:00,4480.02,2026-09-09 12:37:29,BOM-BLR,2026-08-20
1961,SkyFareHub,IndiGo,BOM,BLR,2026-09-03,2026-08-20 07:51:00,4677.79,2026-09-09 12:37:29,BOM-BLR,2026-08-20
1962,TripEase,IndiGo,BOM,BLR,2026-09-03,2026-08-20 13:07:00,4281.37,2026-09-09 12:37:29,BOM-BLR,2026-08-20
1963,SkyFareHub,Air India,BOM,BLR,2026-09-03,2026-08-20 16:50:00,4831.81,2026-09-09 12:37:29,BOM-BLR,2026-08-20
1964,TripEase,Air India,BOM,BLR,2026-09-03,2026-08-20 14:57:00,4625.28,2026-09-09 12:37:29,BOM-BLR,2026-08-20
1965,SkyFareHub,SpiceJet,BOM,BLR,2026-09-03,2026-08-20 22:38:00,4162.85,2026-09-09 12:37:29,BOM-BLR,2026-08-20
1966,TripEase,SpiceJet,BOM,BLR,2026-09-03,2026-08-20 20:51:00,4342.48,2026-09-09 12:37:29,BOM-BLR,2026-08-20
1967,SkyFareHub,Vistara,BOM,BLR,2026-09-03,2026-08-20 09:06:00,5211.21,2026-09-09 12:37:29,BOM-BLR,2026-08-20
1968,TripEase,Vistara,BOM,BLR,2026-09-03,2026-08-20 09:52:00,5272.92,2026-09-09 12:37:29,BOM-BLR,2026-08-20
1969,SkyFareHub,Akasa Air,BOM,BLR,2026-09-03,2026-08-20 11:40:00,4345.28,2026-09-09 12:37:29,BOM-BLR,2026-08-20
1970,TripEase,Akasa Air,BOM,BLR,2026-09-03,2026-08-20 17:10:00,4113.33,2026-09-09 12:37:29,BOM-BLR,2026-08-20
1971,SkyFareHub,IndiGo,BOM,BLR,2026-09-19,2026-08-20 22:31:00,4441.29,2026-09-09 12:37:29,BOM-BLR,2026-08-20
1972,TripEase,IndiGo,BOM,BLR,2026-09-19,2026-08-20 17:21:00,4285.33,2026-09-09 12:37:29,BOM-BLR,2026-08-20
1973,SkyFareHub,Air India,BOM,BLR,2026-09-19,2026-08-20 12:28:00,4667.02,2026-09-09 12:37:29,BOM-BLR,2026-08-20
1974,TripEase,Air India,BOM,BLR,2026-09-19,2026-08-20 06:15:00,4903.47,2026-09-09 12:37:29,BOM-BLR,2026-08-20
1975,SkyFareHub,SpiceJet,BOM,BLR,2026-09-19,2026-08-20 15:32:00,4196.5,2026-09-09 12:37:29,BOM-BLR,2026-08-20
1976,TripEase,SpiceJet,BOM,BLR,2026-09-19,2026-08-20 19:23:00,3928.21,2026-09-09 12:37:29,BOM-BLR,2026-08-20
1977,SkyFareHub,Vistara,BOM,BLR,2026-09-19,2026-08-20 22:26:00,4930.71,2026-09-09 12:37:29,BOM-BLR,2026-08-20
1978,TripEase,Vistara,BOM,BLR,2026-09-19,2026-08-20 19:26:00,4961.31,2026-09-09 12:37:29,BOM-BLR,2026-08-20
1979,SkyFareHub,Akasa Air,BOM,BLR,2026-09-19,2026-08-20 22:50:00,4419.09,2026-09-09 12:37:29,BOM-BLR,2026-08-20
1980,TripEase,Akasa Air,BOM,BLR,2026-09-19,2026-08-20 20:09:00,4351.7,2026-09-09 12:37:29,BOM-BLR,2026-08-20
1981,SkyFareHub,IndiGo,DEL,MAA,2026-08-27,2026-08-20 22:04:00,6754.68,2026-09-09 12:37:29,DEL-MAA,2026-08-20
1982,TripEase,IndiGo,DEL,MAA,2026-08-27,2026-08-20 11:27:00,6238.94,2026-09-09 12:37:29,DEL-MAA,2026-08-20
1983,SkyFareHub,Air India,DEL,MAA,2026-08-27,2026-08-20 10:57:00,6912.9,2026-09-09 12:37:29,DEL-MAA,2026-08-20
1984,TripEase,Air India,DEL,MAA,2026-08-27,2026-08-20 22:18:00,7294.76,2026-09-09 12:37:29,DEL-MAA,2026-08-20
1985,SkyFareHub,SpiceJet,DEL,MAA,2026-08-27,2026-08-20 15:46:00,6305.44,2026-09-09 12:37:29,DEL-MAA,2026-08-20
1986,TripEase,SpiceJet,DEL,MAA,2026-08-27,2026-08-20 06:52:00,6474.62,2026-09-09 12:37:29,DEL-MAA,2026-08-20
1987,SkyFareHub,Vistara,DEL,MAA,2026-08-27,2026-08-20 10:44:00,7387.84,2026-09-09 12:37:29,DEL-MAA,2026-08-20
1988,TripEase,Vistara,DEL,MAA,2026-08-27,2026-08-20 20:44:00,7514.71,2026-09-09 12:37:29,DEL-MAA,2026-08-20
1989,SkyFareHub,Akasa Air,DEL,MAA,2026-08-27,2026-08-20 18:49:00,6372.57,2026-09-09 12:37:29,DEL-MAA,2026-08-20
1990,TripEase,Akasa Air,DEL,MAA,2026-08-27,2026-08-20 07:34:00,6103.73,2026-09-09 12:37:29,DEL-MAA,2026-08-20
1991,SkyFareHub,IndiGo,DEL,MAA,2026-09-03,2026-08-20 10:33:00,6437.35,2026-09-09 12:37:29,DEL-MAA,2026-08-20
1992,TripEase,IndiGo,DEL,MAA,2026-09-03,2026-08-20 08:32:00,6605.48,2026-09-09 12:37:29,DEL-MAA,2026-08-20
1993,SkyFareHub,Air India,DEL,MAA,2026-09-03,2026-08-20 11:01:00,6988.19,2026-09-09 12:37:29,DEL-MAA,2026-08-20
1994,TripEase,Air India,DEL,MAA,2026-09-03,2026-08-20 14:15:00,6811.68,2026-09-09 12:37:29,DEL-MAA,2026-08-20
1995,SkyFareHub,SpiceJet,DEL,MAA,2026-09-03,2026-08-20 19:32:00,6204.44,2026-09-09 12:37:29,DEL-MAA,2026-08-20
1996,TripEase,SpiceJet,DEL,MAA,2026-09-03,2026-08-20 17:16:00,5761.9,2026-09-09 12:37:29,DEL-MAA,2026-08-20
1997,SkyFareHub,Vistara,DEL,MAA,2026-09-03,2026-08-20 07:48:00,7411.56,2026-09-09 12:37:29,DEL-MAA,2026-08-20
1998,TripEase,Vistara,DEL,MAA,2026-09-03,2026-08-20 15:36:00,7323.74,2026-09-09 12:37:29,DEL-MAA,2026-08-20
1999,SkyFareHub,Akasa Air,DEL,MAA,2026-09-03,2026-08-20 13:51:00,6343.32,2026-09-09 12:37:29,DEL-MAA,2026-08-20
2000,TripEase,Akasa Air,DEL,MAA,2026-09-03,2026-08-20 13:22:00,6395.87,2026-09-09 12:37:29,DEL-MAA,2026-08-20
2001,SkyFareHub,IndiGo,DEL,MAA,2026-09-19,2026-08-20 10:45:00,6186.13,2026-09-09 12:37:29,DEL-MAA,2026-08-20
2002,TripEase,IndiGo,DEL,MAA,2026-09-19,2026-08-20 09:20:00,6251.56,2026-09-09 12:37:29,DEL-MAA,2026-08-20
2003,SkyFareHub,Air India,DEL,MAA,2026-09-19,2026-08-20 17:29:00,6606.53,2026-09-09 12:37:29,DEL-MAA,2026-08-20
2004,TripEase,Air India,DEL,MAA,2026-09-19,2026-08-20 19:05:00,6590.85,2026-09-09 12:37:29,DEL-MAA,2026-08-20
2005,SkyFareHub,SpiceJet,DEL,MAA,2026-09-19,2026-08-20 10:30:00,5693.07,2026-09-09 12:37:29,DEL-MAA,2026-08-20
2006,TripEase,SpiceJet,DEL,MAA,2026-09-19,2026-08-20 22:25:00,5627.99,2026-09-09 12:37:29,DEL-MAA,2026-08-20
2007,SkyFareHub,Vistara,DEL,MAA,2026-09-19,2026-08-20 18:55:00,7216.0,2026-09-09 12:37:29,DEL-MAA,2026-08-20
2008,TripEase,Vistara,DEL,MAA,2026-09-19,2026-08-20 19:28:00,7021.53,2026-09-09 12:37:29,DEL-MAA,2026-08-20
2009,SkyFareHub,Akasa Air,DEL,MAA,2026-09-19,2026-08-20 19:52:00,6290.56,2026-09-09 12:37:29,DEL-MAA,2026-08-20
2010,TripEase,Akasa Air,DEL,MAA,2026-09-19,2026-08-20 21:45:00,5876.32,2026-09-09 12:37:29,DEL-MAA,2026-08-20
2011,SkyFareHub,IndiGo,BOM,MAA,2026-08-27,2026-08-20 22:55:00,5969.17,2026-09-09 12:37:29,BOM-MAA,2026-08-20
2012,TripEase,IndiGo,BOM,MAA,2026-08-27,2026-08-20 20:30:00,5906.84,2026-09-09 12:37:29,BOM-MAA,2026-08-20
2013,SkyFareHub,Air India,BOM,MAA,2026-08-27,2026-08-20 17:58:00,5926.53,2026-09-09 12:37:29,BOM-MAA,2026-08-20
2014,TripEase,Air India,BOM,MAA,2026-08-27,2026-08-20 19:07:00,6557.07,2026-09-09 12:37:29,BOM-MAA,2026-08-20
2015,SkyFareHub,SpiceJet,BOM,MAA,2026-08-27,2026-08-20 07:33:00,5390.0,2026-09-09 12:37:29,BOM-MAA,2026-08-20
2016,TripEase,SpiceJet,BOM,MAA,2026-08-27,2026-08-20 17:19:00,5337.86,2026-09-09 12:37:29,BOM-MAA,2026-08-20
2017,SkyFareHub,Vistara,BOM,MAA,2026-08-27,2026-08-20 10:09:00,6398.94,2026-09-09 12:37:29,BOM-MAA,2026-08-20
2018,TripEase,Vistara,BOM,MAA,2026-08-27,2026-08-20 15:56:00,6819.72,2026-09-09 12:37:29,BOM-MAA,2026-08-20
2019,SkyFareHub,Akasa Air,BOM,MAA,2026-08-27,2026-08-20 21:00:00,5445.21,2026-09-09 12:37:29,BOM-MAA,2026-08-20
2020,TripEase,Akasa Air,BOM,MAA,2026-08-27,2026-08-20 07:26:00,5428.49,2026-09-09 12:37:29,BOM-MAA,2026-08-20
2021,SkyFareHub,IndiGo,BOM,MAA,2026-09-03,2026-08-20 20:57:00,5668.36,2026-09-09 12:37:29,BOM-MAA,2026-08-20
2022,TripEase,IndiGo,BOM,MAA,2026-09-03,2026-08-20 10:48:00,5625.8,2026-09-09 12:37:29,BOM-MAA,2026-08-20
2023,SkyFareHub,Air India,BOM,MAA,2026-09-03,2026-08-20 20:42:00,6073.41,2026-09-09 12:37:29,BOM-MAA,2026-08-20
2024,TripEase,Air India,BOM,MAA,2026-09-03,2026-08-20 16:05:00,6313.04,2026-09-09 12:37:29,BOM-MAA,2026-08-20
2025,SkyFareHub,SpiceJet,BOM,MAA,2026-09-03,2026-08-20 19:24:00,5640.14,2026-09-09 12:37:29,BOM-MAA,2026-08-20
2026,TripEase,SpiceJet,BOM,MAA,2026-09-03,2026-08-20 07:42:00,5304.6,2026-09-09 12:37:29,BOM-MAA,2026-08-20
2027,SkyFareHub,Vistara,BOM,MAA,2026-09-03,2026-08-20 08:55:00,6903.51,2026-09-09 12:37:29,BOM-MAA,2026-08-20
2028,TripEase,Vistara,BOM,MAA,2026-09-03,2026-08-20 15:35:00,6239.01,2026-09-09 12:37:29,BOM-MAA,2026-08-20
2029,SkyFareHub,Akasa Air,BOM,MAA,2026-09-03,2026-08-20 08:12:00,5683.08,2026-09-09 12:37:29,BOM-MAA,2026-08-20
2030,TripEase,Akasa Air,BOM,MAA,2026-09-03,2026-08-20 07:36:00,5787.11,2026-09-09 12:37:29,BOM-MAA,2026-08-20
2031,SkyFareHub,IndiGo,BOM,MAA,2026-09-19,2026-08-20 22:57:00,5646.67,2026-09-09 12:37:29,BOM-MAA,2026-08-20
2032,TripEase,IndiGo,BOM,MAA,2026-09-19,2026-08-20 11:01:00,5392.4,2026-09-09 12:37:29,BOM-MAA,2026-08-20
2033,SkyFareHub,Air India,BOM,MAA,2026-09-19,2026-08-20 20:05:00,5783.95,2026-09-09 12:37:29,BOM-MAA,2026-08-20
2034,TripEase,Air India,BOM,MAA,2026-09-19,2026-08-20 18:37:00,6183.52,2026-09-09 12:37:29,BOM-MAA,2026-08-20
2035,SkyFareHub,SpiceJet,BOM,MAA,2026-09-19,2026-08-20 06:21:00,5198.38,2026-09-09 12:37:29,BOM-MAA,2026-08-20
2036,TripEase,SpiceJet,BOM,MAA,2026-09-19,2026-08-20 22:20:00,5222.33,2026-09-09 12:37:29,BOM-MAA,2026-08-20
2037,SkyFareHub,Vistara,BOM,MAA,2026-09-19,2026-08-20 09:34:00,6169.55,2026-09-09 12:37:29,BOM-MAA,2026-08-20
2038,TripEase,Vistara,BOM,MAA,2026-09-19,2026-08-20 14:49:00,6080.6,2026-09-09 12:37:29,BOM-MAA,2026-08-20
2039,SkyFareHub,Akasa Air,BOM,MAA,2026-09-19,2026-08-20 19:43:00,5147.62,2026-09-09 12:37:29,BOM-MAA,2026-08-20
2040,TripEase,Akasa Air,BOM,MAA,2026-09-19,2026-08-20 16:11:00,5281.35,2026-09-09 12:37:29,BOM-MAA,2026-08-20
2041,SkyFareHub,IndiGo,DEL,CCU,2026-08-27,2026-08-20 18:06:00,5826.53,2026-09-09 12:37:29,DEL-CCU,2026-08-20
2042,TripEase,IndiGo,DEL,CCU,2026-08-27,2026-08-20 16:16:00,6104.81,2026-09-09 12:37:29,DEL-CCU,2026-08-20
2043,SkyFareHub,Air India,DEL,CCU,2026-08-27,2026-08-20 09:03:00,6790.47,2026-09-09 12:37:29,DEL-CCU,2026-08-20
2044,TripEase,Air India,DEL,CCU,2026-08-27,2026-08-20 13:31:00,6666.91,2026-09-09 12:37:29,DEL-CCU,2026-08-20
2045,SkyFareHub,SpiceJet,DEL,CCU,2026-08-27,2026-08-20 09:17:00,5921.33,2026-09-09 12:37:29,DEL-CCU,2026-08-20
2046,TripEase,SpiceJet,DEL,CCU,2026-08-27,2026-08-20 19:04:00,5695.26,2026-09-09 12:37:29,DEL-CCU,2026-08-20
2047,SkyFareHub,Vistara,DEL,CCU,2026-08-27,2026-08-20 13:58:00,7112.27,2026-09-09 12:37:29,DEL-CCU,2026-08-20
2048,TripEase,Vistara,DEL,CCU,2026-08-27,2026-08-20 09:15:00,7283.13,2026-09-09 12:37:29,DEL-CCU,2026-08-20
2049,SkyFareHub,Akasa Air,DEL,CCU,2026-08-27,2026-08-20 10:19:00,6222.22,2026-09-09 12:37:29,DEL-CCU,2026-08-20
2050,TripEase,Akasa Air,DEL,CCU,2026-08-27,2026-08-20 22:13:00,6053.62,2026-09-09 12:37:29,DEL-CCU,2026-08-20
2051,SkyFareHub,IndiGo,DEL,CCU,2026-09-03,2026-08-20 11:50:00,6145.81,2026-09-09 12:37:29,DEL-CCU,2026-08-20
2052,TripEase,IndiGo,DEL,CCU,2026-09-03,2026-08-20 20:02:00,6180.17,2026-09-09 12:37:29,DEL-CCU,2026-08-20
2053,SkyFareHub,Air India,DEL,CCU,2026-09-03,2026-08-20 15:41:00,6350.99,2026-09-09 12:37:29,DEL-CCU,2026-08-20
2054,TripEase,Air India,DEL,CCU,2026-09-03,2026-08-20 21:17:00,6681.41,2026-09-09 12:37:29,DEL-CCU,2026-08-20
2055,SkyFareHub,SpiceJet,DEL,CCU,2026-09-03,2026-08-20 18:22:00,5996.13,2026-09-09 12:37:29,DEL-CCU,2026-08-20
2056,TripEase,SpiceJet,DEL,CCU,2026-09-03,2026-08-20 22:18:00,5890.94,2026-09-09 12:37:29,DEL-CCU,2026-08-20
2057,SkyFareHub,Vistara,DEL,CCU,2026-09-03,2026-08-20 08:19:00,6904.03,2026-09-09 12:37:29,DEL-CCU,2026-08-20
2058,TripEase,Vistara,DEL,CCU,2026-09-03,2026-08-20 10:46:00,6911.75,2026-09-09 12:37:29,DEL-CCU,2026-08-20
2059,SkyFareHub,Akasa Air,DEL,CCU,2026-09-03,2026-08-20 19:13:00,5902.57,2026-09-09 12:37:29,DEL-CCU,2026-08-20
2060,TripEase,Akasa Air,DEL,CCU,2026-09-03,2026-08-20 16:56:00,6170.49,2026-09-09 12:37:29,DEL-CCU,2026-08-20
2061,SkyFareHub,IndiGo,DEL,CCU,2026-09-19,2026-08-20 14:48:00,5966.95,2026-09-09 12:37:29,DEL-CCU,2026-08-20
2062,TripEase,IndiGo,DEL,CCU,2026-09-19,2026-08-20 16:21:00,5954.34,2026-09-09 12:37:29,DEL-CCU,2026-08-20
2063,SkyFareHub,Air India,DEL,CCU,2026-09-19,2026-08-20 16:01:00,6439.59,2026-09-09 12:37:29,DEL-CCU,2026-08-20
2064,TripEase,Air India,DEL,CCU,2026-09-19,2026-08-20 06:38:00,6482.9,2026-09-09 12:37:29,DEL-CCU,2026-08-20
2065,SkyFareHub,SpiceJet,DEL,CCU,2026-09-19,2026-08-20 11:26:00,5764.95,2026-09-09 12:37:29,DEL-CCU,2026-08-20
2066,TripEase,SpiceJet,DEL,CCU,2026-09-19,2026-08-20 21:48:00,5731.36,2026-09-09 12:37:29,DEL-CCU,2026-08-20
2067,SkyFareHub,Vistara,DEL,CCU,2026-09-19,2026-08-20 08:34:00,6596.88,2026-09-09 12:37:29,DEL-CCU,2026-08-20
2068,TripEase,Vistara,DEL,CCU,2026-09-19,2026-08-20 20:43:00,6706.85,2026-09-09 12:37:29,DEL-CCU,2026-08-20
2069,SkyFareHub,Akasa Air,DEL,CCU,2026-09-19,2026-08-20 18:52:00,5748.04,2026-09-09 12:37:29,DEL-CCU,2026-08-20
2070,TripEase,Akasa Air,DEL,CCU,2026-09-19,2026-08-20 06:07:00,5765.97,2026-09-09 12:37:29,DEL-CCU,2026-08-20
2071,SkyFareHub,IndiGo,BLR,HYD,2026-08-27,2026-08-20 20:00:00,3905.08,2026-09-09 12:37:29,BLR-HYD,2026-08-20
2072,TripEase,IndiGo,BLR,HYD,2026-08-27,2026-08-20 14:43:00,3621.57,2026-09-09 12:37:29,BLR-HYD,2026-08-20
2073,SkyFareHub,Air India,BLR,HYD,2026-08-27,2026-08-20 08:52:00,4225.69,2026-09-09 12:37:29,BLR-HYD,2026-08-20
2074,TripEase,Air India,BLR,HYD,2026-08-27,2026-08-20 13:14:00,4110.62,2026-09-09 12:37:29,BLR-HYD,2026-08-20
2075,SkyFareHub,SpiceJet,BLR,HYD,2026-08-27,2026-08-20 07:17:00,3866.66,2026-09-09 12:37:29,BLR-HYD,2026-08-20
2076,TripEase,SpiceJet,BLR,HYD,2026-08-27,2026-08-20 12:00:00,3668.05,2026-09-09 12:37:29,BLR-HYD,2026-08-20
2077,SkyFareHub,Vistara,BLR,HYD,2026-08-27,2026-08-20 18:07:00,4366.91,2026-09-09 12:37:29,BLR-HYD,2026-08-20
2078,TripEase,Vistara,BLR,HYD,2026-08-27,2026-08-20 21:10:00,4537.14,2026-09-09 12:37:29,BLR-HYD,2026-08-20
2079,SkyFareHub,Akasa Air,BLR,HYD,2026-08-27,2026-08-20 11:04:00,3752.91,2026-09-09 12:37:29,BLR-HYD,2026-08-20
2080,TripEase,Akasa Air,BLR,HYD,2026-08-27,2026-08-20 10:16:00,3782.82,2026-09-09 12:37:29,BLR-HYD,2026-08-20
2081,SkyFareHub,IndiGo,BLR,HYD,2026-09-03,2026-08-20 22:46:00,3973.12,2026-09-09 12:37:29,BLR-HYD,2026-08-20
2082,TripEase,IndiGo,BLR,HYD,2026-09-03,2026-08-20 06:44:00,3777.77,2026-09-09 12:37:29,BLR-HYD,2026-08-20
2083,SkyFareHub,Air India,BLR,HYD,2026-09-03,2026-08-20 20:00:00,4149.05,2026-09-09 12:37:29,BLR-HYD,2026-08-20
2084,TripEase,Air India,BLR,HYD,2026-09-03,2026-08-20 07:54:00,4240.08,2026-09-09 12:37:29,BLR-HYD,2026-08-20
2085,SkyFareHub,SpiceJet,BLR,HYD,2026-09-03,2026-08-20 19:17:00,3685.25,2026-09-09 12:37:29,BLR-HYD,2026-08-20
2086,TripEase,SpiceJet,BLR,HYD,2026-09-03,2026-08-20 21:23:00,3470.02,2026-09-09 12:37:29,BLR-HYD,2026-08-20
2087,SkyFareHub,Vistara,BLR,HYD,2026-09-03,2026-08-20 13:03:00,4214.19,2026-09-09 12:37:29,BLR-HYD,2026-08-20
2088,TripEase,Vistara,BLR,HYD,2026-09-03,2026-08-20 20:20:00,4229.12,2026-09-09 12:37:29,BLR-HYD,2026-08-20
2089,SkyFareHub,Akasa Air,BLR,HYD,2026-09-03,2026-08-20 08:56:00,3438.16,2026-09-09 12:37:29,BLR-HYD,2026-08-20
2090,TripEase,Akasa Air,BLR,HYD,2026-09-03,2026-08-20 13:44:00,3566.55,2026-09-09 12:37:29,BLR-HYD,2026-08-20
2091,SkyFareHub,IndiGo,BLR,HYD,2026-09-19,2026-08-20 13:12:00,3523.43,2026-09-09 12:37:29,BLR-HYD,2026-08-20
2092,TripEase,IndiGo,BLR,HYD,2026-09-19,2026-08-20 09:01:00,3499.55,2026-09-09 12:37:29,BLR-HYD,2026-08-20
2093,SkyFareHub,Air India,BLR,HYD,2026-09-19,2026-08-20 16:53:00,3995.93,2026-09-09 12:37:29,BLR-HYD,2026-08-20
2094,TripEase,Air India,BLR,HYD,2026-09-19,2026-08-20 13:21:00,3758.67,2026-09-09 12:37:29,BLR-HYD,2026-08-20
2095,SkyFareHub,SpiceJet,BLR,HYD,2026-09-19,2026-08-20 22:50:00,3615.24,2026-09-09 12:37:29,BLR-HYD,2026-08-20
2096,TripEase,SpiceJet,BLR,HYD,2026-09-19,2026-08-20 20:48:00,3295.21,2026-09-09 12:37:29,BLR-HYD,2026-08-20
2097,SkyFareHub,Vistara,BLR,HYD,2026-09-19,2026-08-20 09:05:00,4035.5,2026-09-09 12:37:29,BLR-HYD,2026-08-20
2098,TripEase,Vistara,BLR,HYD,2026-09-19,2026-08-20 18:20:00,4447.75,2026-09-09 12:37:29,BLR-HYD,2026-08-20
2099,SkyFareHub,Akasa Air,BLR,HYD,2026-09-19,2026-08-20 10:03:00,3680.44,2026-09-09 12:37:29,BLR-HYD,2026-08-20
2100,TripEase,Akasa Air,BLR,HYD,2026-09-19,2026-08-20 15:39:00,3635.4,2026-09-09 12:37:29,BLR-HYD,2026-08-20
2101,SkyFareHub,IndiGo,DEL,BOM,2026-08-28,2026-08-21 07:35:00,5446.87,2026-09-09 12:37:29,DEL-BOM,2026-08-21
2102,TripEase,IndiGo,DEL,BOM,2026-08-28,2026-08-21 18:06:00,5453.12,2026-09-09 12:37:29,DEL-BOM,2026-08-21
2103,SkyFareHub,Air India,DEL,BOM,2026-08-28,2026-08-21 06:29:00,6002.23,2026-09-09 12:37:29,DEL-BOM,2026-08-21
2104,TripEase,Air India,DEL,BOM,2026-08-28,2026-08-21 09:21:00,6028.37,2026-09-09 12:37:29,DEL-BOM,2026-08-21
2105,SkyFareHub,SpiceJet,DEL,BOM,2026-08-28,2026-08-21 06:29:00,5377.39,2026-09-09 12:37:29,DEL-BOM,2026-08-21
2106,TripEase,SpiceJet,DEL,BOM,2026-08-28,2026-08-21 09:06:00,5293.39,2026-09-09 12:37:29,DEL-BOM,2026-08-21
2107,SkyFareHub,Vistara,DEL,BOM,2026-08-28,2026-08-21 12:57:00,6198.58,2026-09-09 12:37:29,DEL-BOM,2026-08-21
2108,TripEase,Vistara,DEL,BOM,2026-08-28,2026-08-21 14:22:00,6455.23,2026-09-09 12:37:29,DEL-BOM,2026-08-21
2109,SkyFareHub,Akasa Air,DEL,BOM,2026-08-28,2026-08-21 20:11:00,5407.58,2026-09-09 12:37:29,DEL-BOM,2026-08-21
2110,TripEase,Akasa Air,DEL,BOM,2026-08-28,2026-08-21 07:08:00,5354.51,2026-09-09 12:37:29,DEL-BOM,2026-08-21
2111,SkyFareHub,IndiGo,DEL,BOM,2026-09-04,2026-08-21 17:19:00,5353.39,2026-09-09 12:37:29,DEL-BOM,2026-08-21
2112,TripEase,IndiGo,DEL,BOM,2026-09-04,2026-08-21 10:09:00,5506.6,2026-09-09 12:37:29,DEL-BOM,2026-08-21
2113,SkyFareHub,Air India,DEL,BOM,2026-09-04,2026-08-21 15:23:00,5915.3,2026-09-09 12:37:29,DEL-BOM,2026-08-21
2114,TripEase,Air India,DEL,BOM,2026-09-04,2026-08-21 10:03:00,6121.1,2026-09-09 12:37:29,DEL-BOM,2026-08-21
2115,SkyFareHub,SpiceJet,DEL,BOM,2026-09-04,2026-08-21 07:27:00,5174.15,2026-09-09 12:37:29,DEL-BOM,2026-08-21
2116,TripEase,SpiceJet,DEL,BOM,2026-09-04,2026-08-21 12:50:00,5267.21,2026-09-09 12:37:29,DEL-BOM,2026-08-21
2117,SkyFareHub,Vistara,DEL,BOM,2026-09-04,2026-08-21 21:44:00,5941.47,2026-09-09 12:37:29,DEL-BOM,2026-08-21
2118,TripEase,Vistara,DEL,BOM,2026-09-04,2026-08-21 16:54:00,6359.13,2026-09-09 12:37:29,DEL-BOM,2026-08-21
2119,SkyFareHub,Akasa Air,DEL,BOM,2026-09-04,2026-08-21 15:26:00,5473.17,2026-09-09 12:37:29,DEL-BOM,2026-08-21
2120,TripEase,Akasa Air,DEL,BOM,2026-09-04,2026-08-21 07:31:00,5094.85,2026-09-09 12:37:29,DEL-BOM,2026-08-21
2121,SkyFareHub,IndiGo,DEL,BOM,2026-09-20,2026-08-21 13:44:00,5001.37,2026-09-09 12:37:29,DEL-BOM,2026-08-21
2122,TripEase,IndiGo,DEL,BOM,2026-09-20,2026-08-21 13:30:00,5202.33,2026-09-09 12:37:29,DEL-BOM,2026-08-21
2123,SkyFareHub,Air India,DEL,BOM,2026-09-20,2026-08-21 16:51:00,5960.84,2026-09-09 12:37:29,DEL-BOM,2026-08-21
2124,TripEase,Air India,DEL,BOM,2026-09-20,2026-08-21 11:52:00,5707.82,2026-09-09 12:37:29,DEL-BOM,2026-08-21
2125,SkyFareHub,SpiceJet,DEL,BOM,2026-09-20,2026-08-21 08:22:00,5168.32,2026-09-09 12:37:29,DEL-BOM,2026-08-21
2126,TripEase,SpiceJet,DEL,BOM,2026-09-20,2026-08-21 15:28:00,4708.89,2026-09-09 12:37:29,DEL-BOM,2026-08-21
2127,SkyFareHub,Vistara,DEL,BOM,2026-09-20,2026-08-21 17:02:00,5951.35,2026-09-09 12:37:29,DEL-BOM,2026-08-21
2128,TripEase,Vistara,DEL,BOM,2026-09-20,2026-08-21 15:11:00,6189.71,2026-09-09 12:37:29,DEL-BOM,2026-08-21
2129,SkyFareHub,Akasa Air,DEL,BOM,2026-09-20,2026-08-21 11:21:00,4930.47,2026-09-09 12:37:29,DEL-BOM,2026-08-21
2130,TripEase,Akasa Air,DEL,BOM,2026-09-20,2026-08-21 12:01:00,5182.95,2026-09-09 12:37:29,DEL-BOM,2026-08-21
2131,SkyFareHub,IndiGo,DEL,BLR,2026-08-28,2026-08-21 09:01:00,5795.62,2026-09-09 12:37:29,DEL-BLR,2026-08-21
2132,TripEase,IndiGo,DEL,BLR,2026-08-28,2026-08-21 09:21:00,6067.08,2026-09-09 12:37:29,DEL-BLR,2026-08-21
2133,SkyFareHub,Air India,DEL,BLR,2026-08-28,2026-08-21 13:23:00,6672.73,2026-09-09 12:37:29,DEL-BLR,2026-08-21
2134,TripEase,Air India,DEL,BLR,2026-08-28,2026-08-21 22:51:00,6745.9,2026-09-09 12:37:29,DEL-BLR,2026-08-21
2135,SkyFareHub,SpiceJet,DEL,BLR,2026-08-28,2026-08-21 08:07:00,6096.25,2026-09-09 12:37:29,DEL-BLR,2026-08-21
2136,TripEase,SpiceJet,DEL,BLR,2026-08-28,2026-08-21 12:12:00,5719.29,2026-09-09 12:37:29,DEL-BLR,2026-08-21
2137,SkyFareHub,Vistara,DEL,BLR,2026-08-28,2026-08-21 16:38:00,7043.22,2026-09-09 12:37:29,DEL-BLR,2026-08-21
2138,TripEase,Vistara,DEL,BLR,2026-08-28,2026-08-21 07:48:00,6961.74,2026-09-09 12:37:29,DEL-BLR,2026-08-21
2139,SkyFareHub,Akasa Air,DEL,BLR,2026-08-28,2026-08-21 15:50:00,5802.36,2026-09-09 12:37:29,DEL-BLR,2026-08-21
2140,TripEase,Akasa Air,DEL,BLR,2026-08-28,2026-08-21 14:55:00,5603.72,2026-09-09 12:37:29,DEL-BLR,2026-08-21
2141,SkyFareHub,IndiGo,DEL,BLR,2026-09-04,2026-08-21 21:13:00,5777.73,2026-09-09 12:37:29,DEL-BLR,2026-08-21
2142,TripEase,IndiGo,DEL,BLR,2026-09-04,2026-08-21 08:10:00,6162.58,2026-09-09 12:37:29,DEL-BLR,2026-08-21
2143,SkyFareHub,Air India,DEL,BLR,2026-09-04,2026-08-21 22:23:00,6530.24,2026-09-09 12:37:29,DEL-BLR,2026-08-21
2144,TripEase,Air India,DEL,BLR,2026-09-04,2026-08-21 16:45:00,6414.37,2026-09-09 12:37:29,DEL-BLR,2026-08-21
2145,SkyFareHub,SpiceJet,DEL,BLR,2026-09-04,2026-08-21 21:30:00,5663.97,2026-09-09 12:37:29,DEL-BLR,2026-08-21
2146,TripEase,SpiceJet,DEL,BLR,2026-09-04,2026-08-21 07:13:00,5516.61,2026-09-09 12:37:29,DEL-BLR,2026-08-21
2147,SkyFareHub,Vistara,DEL,BLR,2026-09-04,2026-08-21 13:25:00,6569.97,2026-09-09 12:37:29,DEL-BLR,2026-08-21
2148,TripEase,Vistara,DEL,BLR,2026-09-04,2026-08-21 18:36:00,6660.66,2026-09-09 12:37:29,DEL-BLR,2026-08-21
2149,SkyFareHub,Akasa Air,DEL,BLR,2026-09-04,2026-08-21 14:35:00,5734.37,2026-09-09 12:37:29,DEL-BLR,2026-08-21
2150,TripEase,Akasa Air,DEL,BLR,2026-09-04,2026-08-21 15:28:00,5669.44,2026-09-09 12:37:29,DEL-BLR,2026-08-21
2151,SkyFareHub,IndiGo,DEL,BLR,2026-09-20,2026-08-21 07:29:00,5672.16,2026-09-09 12:37:29,DEL-BLR,2026-08-21
2152,TripEase,IndiGo,DEL,BLR,2026-09-20,2026-08-21 20:29:00,5705.82,2026-09-09 12:37:29,DEL-BLR,2026-08-21
2153,SkyFareHub,Air India,DEL,BLR,2026-09-20,2026-08-21 21:20:00,6134.23,2026-09-09 12:37:29,DEL-BLR,2026-08-21
2154,TripEase,Air India,DEL,BLR,2026-09-20,2026-08-21 20:14:00,5927.03,2026-09-09 12:37:29,DEL-BLR,2026-08-21
2155,SkyFareHub,SpiceJet,DEL,BLR,2026-09-20,2026-08-21 08:18:00,5227.15,2026-09-09 12:37:29,DEL-BLR,2026-08-21
2156,TripEase,SpiceJet,DEL,BLR,2026-09-20,2026-08-21 08:50:00,5622.94,2026-09-09 12:37:29,DEL-BLR,2026-08-21
2157,SkyFareHub,Vistara,DEL,BLR,2026-09-20,2026-08-21 09:04:00,6393.64,2026-09-09 12:37:29,DEL-BLR,2026-08-21
2158,TripEase,Vistara,DEL,BLR,2026-09-20,2026-08-21 16:12:00,6564.45,2026-09-09 12:37:29,DEL-BLR,2026-08-21
2159,SkyFareHub,Akasa Air,DEL,BLR,2026-09-20,2026-08-21 14:12:00,5578.46,2026-09-09 12:37:29,DEL-BLR,2026-08-21
2160,TripEase,Akasa Air,DEL,BLR,2026-09-20,2026-08-21 14:00:00,5842.7,2026-09-09 12:37:29,DEL-BLR,2026-08-21
2161,SkyFareHub,IndiGo,BOM,BLR,2026-08-28,2026-08-21 17:50:00,4567.37,2026-09-09 12:37:29,BOM-BLR,2026-08-21
2162,TripEase,IndiGo,BOM,BLR,2026-08-28,2026-08-21 06:30:00,4829.95,2026-09-09 12:37:29,BOM-BLR,2026-08-21
2163,SkyFareHub,Air India,BOM,BLR,2026-08-28,2026-08-21 10:55:00,5094.98,2026-09-09 12:37:29,BOM-BLR,2026-08-21
2164,TripEase,Air India,BOM,BLR,2026-08-28,2026-08-21 12:30:00,4770.86,2026-09-09 12:37:29,BOM-BLR,2026-08-21
2165,SkyFareHub,SpiceJet,BOM,BLR,2026-08-28,2026-08-21 20:46:00,4233.17,2026-09-09 12:37:29,BOM-BLR,2026-08-21
2166,TripEase,SpiceJet,BOM,BLR,2026-08-28,2026-08-21 08:20:00,4369.44,2026-09-09 12:37:29,BOM-BLR,2026-08-21
2167,SkyFareHub,Vistara,BOM,BLR,2026-08-28,2026-08-21 19:13:00,5329.95,2026-09-09 12:37:29,BOM-BLR,2026-08-21
2168,TripEase,Vistara,BOM,BLR,2026-08-28,2026-08-21 06:23:00,5292.86,2026-09-09 12:37:29,BOM-BLR,2026-08-21
2169,SkyFareHub,Akasa Air,BOM,BLR,2026-08-28,2026-08-21 15:47:00,4364.56,2026-09-09 12:37:29,BOM-BLR,2026-08-21
2170,TripEase,Akasa Air,BOM,BLR,2026-08-28,2026-08-21 17:21:00,4302.44,2026-09-09 12:37:29,BOM-BLR,2026-08-21
2171,SkyFareHub,IndiGo,BOM,BLR,2026-09-04,2026-08-21 18:48:00,4346.56,2026-09-09 12:37:29,BOM-BLR,2026-08-21
2172,TripEase,IndiGo,BOM,BLR,2026-09-04,2026-08-21 16:37:00,4574.09,2026-09-09 12:37:29,BOM-BLR,2026-08-21
2173,SkyFareHub,Air India,BOM,BLR,2026-09-04,2026-08-21 10:09:00,4720.31,2026-09-09 12:37:29,BOM-BLR,2026-08-21
2174,TripEase,Air India,BOM,BLR,2026-09-04,2026-08-21 18:24:00,5148.73,2026-09-09 12:37:29,BOM-BLR,2026-08-21
2175,SkyFareHub,SpiceJet,BOM,BLR,2026-09-04,2026-08-21 18:12:00,4113.08,2026-09-09 12:37:29,BOM-BLR,2026-08-21
2176,TripEase,SpiceJet,BOM,BLR,2026-09-04,2026-08-21 20:40:00,4189.16,2026-09-09 12:37:29,BOM-BLR,2026-08-21
2177,SkyFareHub,Vistara,BOM,BLR,2026-09-04,2026-08-21 09:43:00,5171.0,2026-09-09 12:37:29,BOM-BLR,2026-08-21
2178,TripEase,Vistara,BOM,BLR,2026-09-04,2026-08-21 21:01:00,5011.75,2026-09-09 12:37:29,BOM-BLR,2026-08-21
2179,SkyFareHub,Akasa Air,BOM,BLR,2026-09-04,2026-08-21 18:18:00,4110.16,2026-09-09 12:37:29,BOM-BLR,2026-08-21
2180,TripEase,Akasa Air,BOM,BLR,2026-09-04,2026-08-21 22:04:00,4174.39,2026-09-09 12:37:29,BOM-BLR,2026-08-21
2181,SkyFareHub,IndiGo,BOM,BLR,2026-09-20,2026-08-21 06:10:00,4267.83,2026-09-09 12:37:29,BOM-BLR,2026-08-21
2182,TripEase,IndiGo,BOM,BLR,2026-09-20,2026-08-21 18:10:00,4363.85,2026-09-09 12:37:29,BOM-BLR,2026-08-21
2183,SkyFareHub,Air India,BOM,BLR,2026-09-20,2026-08-21 19:30:00,4741.8,2026-09-09 12:37:29,BOM-BLR,2026-08-21
2184,TripEase,Air India,BOM,BLR,2026-09-20,2026-08-21 12:08:00,4722.56,2026-09-09 12:37:29,BOM-BLR,2026-08-21
2185,SkyFareHub,SpiceJet,BOM,BLR,2026-09-20,2026-08-21 21:10:00,4176.38,2026-09-09 12:37:29,BOM-BLR,2026-08-21
2186,TripEase,SpiceJet,BOM,BLR,2026-09-20,2026-08-21 12:32:00,4243.75,2026-09-09 12:37:29,BOM-BLR,2026-08-21
2187,SkyFareHub,Vistara,BOM,BLR,2026-09-20,2026-08-21 12:00:00,5039.02,2026-09-09 12:37:29,BOM-BLR,2026-08-21
2188,TripEase,Vistara,BOM,BLR,2026-09-20,2026-08-21 18:38:00,5144.04,2026-09-09 12:37:29,BOM-BLR,2026-08-21
2189,SkyFareHub,Akasa Air,BOM,BLR,2026-09-20,2026-08-21 21:29:00,4297.54,2026-09-09 12:37:29,BOM-BLR,2026-08-21
2190,TripEase,Akasa Air,BOM,BLR,2026-09-20,2026-08-21 08:18:00,4059.67,2026-09-09 12:37:29,BOM-BLR,2026-08-21
2191,SkyFareHub,IndiGo,DEL,MAA,2026-08-28,2026-08-21 17:44:00,6782.58,2026-09-09 12:37:29,DEL-MAA,2026-08-21
2192,TripEase,IndiGo,DEL,MAA,2026-08-28,2026-08-21 18:39:00,6835.66,2026-09-09 12:37:29,DEL-MAA,2026-08-21
2193,SkyFareHub,Air India,DEL,MAA,2026-08-28,2026-08-21 19:15:00,7396.03,2026-09-09 12:37:29,DEL-MAA,2026-08-21
2194,TripEase,Air India,DEL,MAA,2026-08-28,2026-08-21 19:29:00,6933.74,2026-09-09 12:37:29,DEL-MAA,2026-08-21
2195,SkyFareHub,SpiceJet,DEL,MAA,2026-08-28,2026-08-21 09:25:00,6216.5,2026-09-09 12:37:29,DEL-MAA,2026-08-21
2196,TripEase,SpiceJet,DEL,MAA,2026-08-28,2026-08-21 11:17:00,6143.12,2026-09-09 12:37:29,DEL-MAA,2026-08-21
2197,SkyFareHub,Vistara,DEL,MAA,2026-08-28,2026-08-21 08:44:00,7770.11,2026-09-09 12:37:29,DEL-MAA,2026-08-21
2198,TripEase,Vistara,DEL,MAA,2026-08-28,2026-08-21 21:26:00,7840.73,2026-09-09 12:37:29,DEL-MAA,2026-08-21
2199,SkyFareHub,Akasa Air,DEL,MAA,2026-08-28,2026-08-21 17:04:00,6615.41,2026-09-09 12:37:29,DEL-MAA,2026-08-21
2200,TripEase,Akasa Air,DEL,MAA,2026-08-28,2026-08-21 16:26:00,6476.67,2026-09-09 12:37:29,DEL-MAA,2026-08-21
2201,SkyFareHub,IndiGo,DEL,MAA,2026-09-04,2026-08-21 22:02:00,6327.74,2026-09-09 12:37:29,DEL-MAA,2026-08-21
2202,TripEase,IndiGo,DEL,MAA,2026-09-04,2026-08-21 20:24:00,6264.06,2026-09-09 12:37:29,DEL-MAA,2026-08-21
2203,SkyFareHub,Air India,DEL,MAA,2026-09-04,2026-08-21 12:25:00,6835.44,2026-09-09 12:37:29,DEL-MAA,2026-08-21
2204,TripEase,Air India,DEL,MAA,2026-09-04,2026-08-21 10:20:00,6602.86,2026-09-09 12:37:29,DEL-MAA,2026-08-21
2205,SkyFareHub,SpiceJet,DEL,MAA,2026-09-04,2026-08-21 20:04:00,6196.6,2026-09-09 12:37:29,DEL-MAA,2026-08-21
2206,TripEase,SpiceJet,DEL,MAA,2026-09-04,2026-08-21 20:08:00,5979.41,2026-09-09 12:37:29,DEL-MAA,2026-08-21
2207,SkyFareHub,Vistara,DEL,MAA,2026-09-04,2026-08-21 11:10:00,7300.42,2026-09-09 12:37:29,DEL-MAA,2026-08-21
2208,TripEase,Vistara,DEL,MAA,2026-09-04,2026-08-21 11:18:00,7664.45,2026-09-09 12:37:29,DEL-MAA,2026-08-21
2209,SkyFareHub,Akasa Air,DEL,MAA,2026-09-04,2026-08-21 11:04:00,6157.79,2026-09-09 12:37:29,DEL-MAA,2026-08-21
2210,TripEase,Akasa Air,DEL,MAA,2026-09-04,2026-08-21 14:09:00,6157.57,2026-09-09 12:37:29,DEL-MAA,2026-08-21
2211,SkyFareHub,IndiGo,DEL,MAA,2026-09-20,2026-08-21 07:57:00,6086.3,2026-09-09 12:37:29,DEL-MAA,2026-08-21
2212,TripEase,IndiGo,DEL,MAA,2026-09-20,2026-08-21 07:53:00,6217.54,2026-09-09 12:37:29,DEL-MAA,2026-08-21
2213,SkyFareHub,Air India,DEL,MAA,2026-09-20,2026-08-21 09:24:00,6817.2,2026-09-09 12:37:29,DEL-MAA,2026-08-21
2214,TripEase,Air India,DEL,MAA,2026-09-20,2026-08-21 06:03:00,6815.25,2026-09-09 12:37:29,DEL-MAA,2026-08-21
2215,SkyFareHub,SpiceJet,DEL,MAA,2026-09-20,2026-08-21 13:23:00,6148.66,2026-09-09 12:37:29,DEL-MAA,2026-08-21
2216,TripEase,SpiceJet,DEL,MAA,2026-09-20,2026-08-21 06:26:00,6011.68,2026-09-09 12:37:29,DEL-MAA,2026-08-21
2217,SkyFareHub,Vistara,DEL,MAA,2026-09-20,2026-08-21 12:43:00,6692.14,2026-09-09 12:37:29,DEL-MAA,2026-08-21
2218,TripEase,Vistara,DEL,MAA,2026-09-20,2026-08-21 09:51:00,7148.57,2026-09-09 12:37:29,DEL-MAA,2026-08-21
2219,SkyFareHub,Akasa Air,DEL,MAA,2026-09-20,2026-08-21 11:02:00,6271.19,2026-09-09 12:37:29,DEL-MAA,2026-08-21
2220,TripEase,Akasa Air,DEL,MAA,2026-09-20,2026-08-21 16:20:00,5866.12,2026-09-09 12:37:29,DEL-MAA,2026-08-21
2221,SkyFareHub,IndiGo,BOM,MAA,2026-08-28,2026-08-21 12:59:00,5757.37,2026-09-09 12:37:29,BOM-MAA,2026-08-21
2222,TripEase,IndiGo,BOM,MAA,2026-08-28,2026-08-21 09:14:00,6010.32,2026-09-09 12:37:29,BOM-MAA,2026-08-21
2223,SkyFareHub,Air India,BOM,MAA,2026-08-28,2026-08-21 11:00:00,6105.49,2026-09-09 12:37:29,BOM-MAA,2026-08-21
2224,TripEase,Air India,BOM,MAA,2026-08-28,2026-08-21 18:13:00,6185.23,2026-09-09 12:37:29,BOM-MAA,2026-08-21
2225,SkyFareHub,SpiceJet,BOM,MAA,2026-08-28,2026-08-21 14:41:00,5382.58,2026-09-09 12:37:29,BOM-MAA,2026-08-21
2226,TripEase,SpiceJet,BOM,MAA,2026-08-28,2026-08-21 12:26:00,5448.49,2026-09-09 12:37:29,BOM-MAA,2026-08-21
2227,SkyFareHub,Vistara,BOM,MAA,2026-08-28,2026-08-21 09:45:00,6645.93,2026-09-09 12:37:29,BOM-MAA,2026-08-21
2228,TripEase,Vistara,BOM,MAA,2026-08-28,2026-08-21 11:16:00,6929.69,2026-09-09 12:37:29,BOM-MAA,2026-08-21
2229,SkyFareHub,Akasa Air,BOM,MAA,2026-08-28,2026-08-21 18:43:00,5903.86,2026-09-09 12:37:29,BOM-MAA,2026-08-21
2230,TripEase,Akasa Air,BOM,MAA,2026-08-28,2026-08-21 10:21:00,5946.51,2026-09-09 12:37:29,BOM-MAA,2026-08-21
2231,SkyFareHub,IndiGo,BOM,MAA,2026-09-04,2026-08-21 16:54:00,5695.14,2026-09-09 12:37:29,BOM-MAA,2026-08-21
2232,TripEase,IndiGo,BOM,MAA,2026-09-04,2026-08-21 06:38:00,5681.51,2026-09-09 12:37:29,BOM-MAA,2026-08-21
2233,SkyFareHub,Air India,BOM,MAA,2026-09-04,2026-08-21 22:40:00,6400.41,2026-09-09 12:37:29,BOM-MAA,2026-08-21
2234,TripEase,Air India,BOM,MAA,2026-09-04,2026-08-21 06:14:00,6336.08,2026-09-09 12:37:29,BOM-MAA,2026-08-21
2235,SkyFareHub,SpiceJet,BOM,MAA,2026-09-04,2026-08-21 09:19:00,5342.07,2026-09-09 12:37:29,BOM-MAA,2026-08-21
2236,TripEase,SpiceJet,BOM,MAA,2026-09-04,2026-08-21 13:39:00,5327.8,2026-09-09 12:37:29,BOM-MAA,2026-08-21
2237,SkyFareHub,Vistara,BOM,MAA,2026-09-04,2026-08-21 21:18:00,6250.8,2026-09-09 12:37:29,BOM-MAA,2026-08-21
2238,TripEase,Vistara,BOM,MAA,2026-09-04,2026-08-21 07:15:00,6410.29,2026-09-09 12:37:29,BOM-MAA,2026-08-21
2239,SkyFareHub,Akasa Air,BOM,MAA,2026-09-04,2026-08-21 20:47:00,5803.52,2026-09-09 12:37:29,BOM-MAA,2026-08-21
2240,TripEase,Akasa Air,BOM,MAA,2026-09-04,2026-08-21 16:41:00,5627.62,2026-09-09 12:37:29,BOM-MAA,2026-08-21
2241,SkyFareHub,IndiGo,BOM,MAA,2026-09-20,2026-08-21 19:41:00,5538.84,2026-09-09 12:37:29,BOM-MAA,2026-08-21
2242,TripEase,IndiGo,BOM,MAA,2026-09-20,2026-08-21 13:54:00,5787.67,2026-09-09 12:37:29,BOM-MAA,2026-08-21
2243,SkyFareHub,Air India,BOM,MAA,2026-09-20,2026-08-21 12:34:00,6065.24,2026-09-09 12:37:29,BOM-MAA,2026-08-21
2244,TripEase,Air India,BOM,MAA,2026-09-20,2026-08-21 13:51:00,5946.2,2026-09-09 12:37:29,BOM-MAA,2026-08-21
2245,SkyFareHub,SpiceJet,BOM,MAA,2026-09-20,2026-08-21 18:33:00,5435.42,2026-09-09 12:37:29,BOM-MAA,2026-08-21
2246,TripEase,SpiceJet,BOM,MAA,2026-09-20,2026-08-21 06:04:00,5192.84,2026-09-09 12:37:29,BOM-MAA,2026-08-21
2247,SkyFareHub,Vistara,BOM,MAA,2026-09-20,2026-08-21 12:03:00,6423.76,2026-09-09 12:37:29,BOM-MAA,2026-08-21
2248,TripEase,Vistara,BOM,MAA,2026-09-20,2026-08-21 12:08:00,6330.67,2026-09-09 12:37:29,BOM-MAA,2026-08-21
2249,SkyFareHub,Akasa Air,BOM,MAA,2026-09-20,2026-08-21 12:15:00,5251.57,2026-09-09 12:37:29,BOM-MAA,2026-08-21
2250,TripEase,Akasa Air,BOM,MAA,2026-09-20,2026-08-21 20:19:00,5377.17,2026-09-09 12:37:29,BOM-MAA,2026-08-21
2251,SkyFareHub,IndiGo,DEL,CCU,2026-08-28,2026-08-21 19:11:00,5958.8,2026-09-09 12:37:29,DEL-CCU,2026-08-21
2252,TripEase,IndiGo,DEL,CCU,2026-08-28,2026-08-21 20:40:00,6218.8,2026-09-09 12:37:29,DEL-CCU,2026-08-21
2253,SkyFareHub,Air India,DEL,CCU,2026-08-28,2026-08-21 21:05:00,6724.42,2026-09-09 12:37:29,DEL-CCU,2026-08-21
2254,TripEase,Air India,DEL,CCU,2026-08-28,2026-08-21 18:10:00,6925.22,2026-09-09 12:37:29,DEL-CCU,2026-08-21
2255,SkyFareHub,SpiceJet,DEL,CCU,2026-08-28,2026-08-21 19:48:00,5886.31,2026-09-09 12:37:29,DEL-CCU,2026-08-21
2256,TripEase,SpiceJet,DEL,CCU,2026-08-28,2026-08-21 21:01:00,5925.89,2026-09-09 12:37:29,DEL-CCU,2026-08-21
2257,SkyFareHub,Vistara,DEL,CCU,2026-08-28,2026-08-21 08:48:00,7294.73,2026-09-09 12:37:29,DEL-CCU,2026-08-21
2258,TripEase,Vistara,DEL,CCU,2026-08-28,2026-08-21 10:35:00,7322.95,2026-09-09 12:37:29,DEL-CCU,2026-08-21
2259,SkyFareHub,Akasa Air,DEL,CCU,2026-08-28,2026-08-21 20:19:00,6074.09,2026-09-09 12:37:29,DEL-CCU,2026-08-21
2260,TripEase,Akasa Air,DEL,CCU,2026-08-28,2026-08-21 21:04:00,5984.68,2026-09-09 12:37:29,DEL-CCU,2026-08-21
2261,SkyFareHub,IndiGo,DEL,CCU,2026-09-04,2026-08-21 12:09:00,6148.32,2026-09-09 12:37:29,DEL-CCU,2026-08-21
2262,TripEase,IndiGo,DEL,CCU,2026-09-04,2026-08-21 22:46:00,6172.87,2026-09-09 12:37:29,DEL-CCU,2026-08-21
2263,SkyFareHub,Air India,DEL,CCU,2026-09-04,2026-08-21 19:25:00,6759.53,2026-09-09 12:37:29,DEL-CCU,2026-08-21
2264,TripEase,Air India,DEL,CCU,2026-09-04,2026-08-21 21:19:00,6842.65,2026-09-09 12:37:29,DEL-CCU,2026-08-21
2265,SkyFareHub,SpiceJet,DEL,CCU,2026-09-04,2026-08-21 19:56:00,5940.43,2026-09-09 12:37:29,DEL-CCU,2026-08-21
2266,TripEase,SpiceJet,DEL,CCU,2026-09-04,2026-08-21 18:59:00,5775.76,2026-09-09 12:37:29,DEL-CCU,2026-08-21
2267,SkyFareHub,Vistara,DEL,CCU,2026-09-04,2026-08-21 19:16:00,6981.1,2026-09-09 12:37:29,DEL-CCU,2026-08-21
2268,TripEase,Vistara,DEL,CCU,2026-09-04,2026-08-21 17:32:00,7334.03,2026-09-09 12:37:29,DEL-CCU,2026-08-21
2269,SkyFareHub,Akasa Air,DEL,CCU,2026-09-04,2026-08-21 17:44:00,6114.7,2026-09-09 12:37:29,DEL-CCU,2026-08-21
2270,TripEase,Akasa Air,DEL,CCU,2026-09-04,2026-08-21 19:47:00,5714.38,2026-09-09 12:37:29,DEL-CCU,2026-08-21
2271,SkyFareHub,IndiGo,DEL,CCU,2026-09-20,2026-08-21 17:40:00,5820.13,2026-09-09 12:37:29,DEL-CCU,2026-08-21
2272,TripEase,IndiGo,DEL,CCU,2026-09-20,2026-08-21 10:16:00,5878.51,2026-09-09 12:37:29,DEL-CCU,2026-08-21
2273,SkyFareHub,Air India,DEL,CCU,2026-09-20,2026-08-21 10:16:00,6649.91,2026-09-09 12:37:29,DEL-CCU,2026-08-21
2274,TripEase,Air India,DEL,CCU,2026-09-20,2026-08-21 11:00:00,6324.85,2026-09-09 12:37:29,DEL-CCU,2026-08-21
2275,SkyFareHub,SpiceJet,DEL,CCU,2026-09-20,2026-08-21 18:25:00,5339.64,2026-09-09 12:37:29,DEL-CCU,2026-08-21
2276,TripEase,SpiceJet,DEL,CCU,2026-09-20,2026-08-21 08:33:00,5905.08,2026-09-09 12:37:29,DEL-CCU,2026-08-21
2277,SkyFareHub,Vistara,DEL,CCU,2026-09-20,2026-08-21 11:53:00,7219.55,2026-09-09 12:37:29,DEL-CCU,2026-08-21
2278,TripEase,Vistara,DEL,CCU,2026-09-20,2026-08-21 22:34:00,6879.59,2026-09-09 12:37:29,DEL-CCU,2026-08-21
2279,SkyFareHub,Akasa Air,DEL,CCU,2026-09-20,2026-08-21 15:46:00,5802.7,2026-09-09 12:37:29,DEL-CCU,2026-08-21
2280,TripEase,Akasa Air,DEL,CCU,2026-09-20,2026-08-21 08:06:00,5859.63,2026-09-09 12:37:29,DEL-CCU,2026-08-21
2281,SkyFareHub,IndiGo,BLR,HYD,2026-08-28,2026-08-21 17:52:00,3929.47,2026-09-09 12:37:29,BLR-HYD,2026-08-21
2282,TripEase,IndiGo,BLR,HYD,2026-08-28,2026-08-21 18:44:00,3772.08,2026-09-09 12:37:29,BLR-HYD,2026-08-21
2283,SkyFareHub,Air India,BLR,HYD,2026-08-28,2026-08-21 21:00:00,4187.55,2026-09-09 12:37:29,BLR-HYD,2026-08-21
2284,TripEase,Air India,BLR,HYD,2026-08-28,2026-08-21 19:33:00,4064.9,2026-09-09 12:37:29,BLR-HYD,2026-08-21
2285,SkyFareHub,SpiceJet,BLR,HYD,2026-08-28,2026-08-21 19:10:00,3562.8,2026-09-09 12:37:29,BLR-HYD,2026-08-21
2286,TripEase,SpiceJet,BLR,HYD,2026-08-28,2026-08-21 10:12:00,3470.69,2026-09-09 12:37:29,BLR-HYD,2026-08-21
2287,SkyFareHub,Vistara,BLR,HYD,2026-08-28,2026-08-21 09:28:00,4393.9,2026-09-09 12:37:29,BLR-HYD,2026-08-21
2288,TripEase,Vistara,BLR,HYD,2026-08-28,2026-08-21 12:03:00,4345.73,2026-09-09 12:37:29,BLR-HYD,2026-08-21
2289,SkyFareHub,Akasa Air,BLR,HYD,2026-08-28,2026-08-21 12:16:00,3852.57,2026-09-09 12:37:29,BLR-HYD,2026-08-21
2290,TripEase,Akasa Air,BLR,HYD,2026-08-28,2026-08-21 20:40:00,3935.63,2026-09-09 12:37:29,BLR-HYD,2026-08-21
2291,SkyFareHub,IndiGo,BLR,HYD,2026-09-04,2026-08-21 11:05:00,3806.17,2026-09-09 12:37:29,BLR-HYD,2026-08-21
2292,TripEase,IndiGo,BLR,HYD,2026-09-04,2026-08-21 14:04:00,3679.97,2026-09-09 12:37:29,BLR-HYD,2026-08-21
2293,SkyFareHub,Air India,BLR,HYD,2026-09-04,2026-08-21 21:31:00,4041.13,2026-09-09 12:37:29,BLR-HYD,2026-08-21
2294,TripEase,Air India,BLR,HYD,2026-09-04,2026-08-21 07:17:00,4030.39,2026-09-09 12:37:29,BLR-HYD,2026-08-21
2295,SkyFareHub,SpiceJet,BLR,HYD,2026-09-04,2026-08-21 07:06:00,3547.77,2026-09-09 12:37:29,BLR-HYD,2026-08-21
2296,TripEase,SpiceJet,BLR,HYD,2026-09-04,2026-08-21 18:38:00,3561.44,2026-09-09 12:37:29,BLR-HYD,2026-08-21
2297,SkyFareHub,Vistara,BLR,HYD,2026-09-04,2026-08-21 14:59:00,4462.68,2026-09-09 12:37:29,BLR-HYD,2026-08-21
2298,TripEase,Vistara,BLR,HYD,2026-09-04,2026-08-21 19:21:00,4397.47,2026-09-09 12:37:29,BLR-HYD,2026-08-21
2299,SkyFareHub,Akasa Air,BLR,HYD,2026-09-04,2026-08-21 16:52:00,3704.72,2026-09-09 12:37:29,BLR-HYD,2026-08-21
2300,TripEase,Akasa Air,BLR,HYD,2026-09-04,2026-08-21 18:24:00,3550.28,2026-09-09 12:37:29,BLR-HYD,2026-08-21
2301,SkyFareHub,IndiGo,BLR,HYD,2026-09-20,2026-08-21 16:51:00,3782.2,2026-09-09 12:37:29,BLR-HYD,2026-08-21
2302,TripEase,IndiGo,BLR,HYD,2026-09-20,2026-08-21 18:46:00,3519.86,2026-09-09 12:37:29,BLR-HYD,2026-08-21
2303,SkyFareHub,Air India,BLR,HYD,2026-09-20,2026-08-21 06:38:00,4143.65,2026-09-09 12:37:29,BLR-HYD,2026-08-21
2304,TripEase,Air India,BLR,HYD,2026-09-20,2026-08-21 13:23:00,3826.02,2026-09-09 12:37:29,BLR-HYD,2026-08-21
2305,SkyFareHub,SpiceJet,BLR,HYD,2026-09-20,2026-08-21 21:32:00,3488.98,2026-09-09 12:37:29,BLR-HYD,2026-08-21
2306,TripEase,SpiceJet,BLR,HYD,2026-09-20,2026-08-21 16:01:00,3374.68,2026-09-09 12:37:29,BLR-HYD,2026-08-21
2307,SkyFareHub,Vistara,BLR,HYD,2026-09-20,2026-08-21 16:43:00,4331.6,2026-09-09 12:37:29,BLR-HYD,2026-08-21
2308,TripEase,Vistara,BLR,HYD,2026-09-20,2026-08-21 18:47:00,4200.97,2026-09-09 12:37:29,BLR-HYD,2026-08-21
2309,SkyFareHub,Akasa Air,BLR,HYD,2026-09-20,2026-08-21 19:59:00,3479.55,2026-09-09 12:37:29,BLR-HYD,2026-08-21
2310,TripEase,Akasa Air,BLR,HYD,2026-09-20,2026-08-21 09:46:00,3656.36,2026-09-09 12:37:29,BLR-HYD,2026-08-21
2311,SkyFareHub,IndiGo,DEL,BOM,2026-08-29,2026-08-22 10:55:00,5531.0,2026-09-09 12:37:29,DEL-BOM,2026-08-22
2312,TripEase,IndiGo,DEL,BOM,2026-08-29,2026-08-22 22:02:00,5579.24,2026-09-09 12:37:29,DEL-BOM,2026-08-22
2313,SkyFareHub,Air India,DEL,BOM,2026-08-29,2026-08-22 15:53:00,5918.48,2026-09-09 12:37:29,DEL-BOM,2026-08-22
2314,TripEase,Air India,DEL,BOM,2026-08-29,2026-08-22 20:10:00,6090.59,2026-09-09 12:37:29,DEL-BOM,2026-08-22
2315,SkyFareHub,SpiceJet,DEL,BOM,2026-08-29,2026-08-22 21:42:00,5580.06,2026-09-09 12:37:29,DEL-BOM,2026-08-22
2316,TripEase,SpiceJet,DEL,BOM,2026-08-29,2026-08-22 11:48:00,5205.1,2026-09-09 12:37:29,DEL-BOM,2026-08-22
2317,SkyFareHub,Vistara,DEL,BOM,2026-08-29,2026-08-22 09:27:00,6681.56,2026-09-09 12:37:29,DEL-BOM,2026-08-22
2318,TripEase,Vistara,DEL,BOM,2026-08-29,2026-08-22 16:57:00,6449.96,2026-09-09 12:37:29,DEL-BOM,2026-08-22
2319,SkyFareHub,Akasa Air,DEL,BOM,2026-08-29,2026-08-22 14:42:00,5258.98,2026-09-09 12:37:29,DEL-BOM,2026-08-22
2320,TripEase,Akasa Air,DEL,BOM,2026-08-29,2026-08-22 09:42:00,5498.15,2026-09-09 12:37:29,DEL-BOM,2026-08-22
2321,SkyFareHub,IndiGo,DEL,BOM,2026-09-05,2026-08-22 21:05:00,5319.67,2026-09-09 12:37:29,DEL-BOM,2026-08-22
2322,TripEase,IndiGo,DEL,BOM,2026-09-05,2026-08-22 13:59:00,5542.09,2026-09-09 12:37:29,DEL-BOM,2026-08-22
2323,SkyFareHub,Air India,DEL,BOM,2026-09-05,2026-08-22 08:41:00,6091.14,2026-09-09 12:37:29,DEL-BOM,2026-08-22
2324,TripEase,Air India,DEL,BOM,2026-09-05,2026-08-22 18:41:00,5976.34,2026-09-09 12:37:29,DEL-BOM,2026-08-22
2325,SkyFareHub,SpiceJet,DEL,BOM,2026-09-05,2026-08-22 19:51:00,5272.63,2026-09-09 12:37:29,DEL-BOM,2026-08-22
2326,TripEase,SpiceJet,DEL,BOM,2026-09-05,2026-08-22 15:05:00,5008.41,2026-09-09 12:37:29,DEL-BOM,2026-08-22
2327,SkyFareHub,Vistara,DEL,BOM,2026-09-05,2026-08-22 12:47:00,6032.06,2026-09-09 12:37:29,DEL-BOM,2026-08-22
2328,TripEase,Vistara,DEL,BOM,2026-09-05,2026-08-22 10:54:00,6537.64,2026-09-09 12:37:29,DEL-BOM,2026-08-22
2329,SkyFareHub,Akasa Air,DEL,BOM,2026-09-05,2026-08-22 06:19:00,5186.33,2026-09-09 12:37:29,DEL-BOM,2026-08-22
2330,TripEase,Akasa Air,DEL,BOM,2026-09-05,2026-08-22 18:27:00,5129.08,2026-09-09 12:37:29,DEL-BOM,2026-08-22
2331,SkyFareHub,IndiGo,DEL,BOM,2026-09-21,2026-08-22 10:33:00,5168.55,2026-09-09 12:37:29,DEL-BOM,2026-08-22
2332,TripEase,IndiGo,DEL,BOM,2026-09-21,2026-08-22 09:25:00,5385.73,2026-09-09 12:37:29,DEL-BOM,2026-08-22
2333,SkyFareHub,Air India,DEL,BOM,2026-09-21,2026-08-22 16:09:00,5607.18,2026-09-09 12:37:29,DEL-BOM,2026-08-22
2334,TripEase,Air India,DEL,BOM,2026-09-21,2026-08-22 13:31:00,5785.49,2026-09-09 12:37:29,DEL-BOM,2026-08-22
2335,SkyFareHub,SpiceJet,DEL,BOM,2026-09-21,2026-08-22 15:09:00,4989.34,2026-09-09 12:37:29,DEL-BOM,2026-08-22
2336,TripEase,SpiceJet,DEL,BOM,2026-09-21,2026-08-22 07:38:00,5227.79,2026-09-09 12:37:29,DEL-BOM,2026-08-22
2337,SkyFareHub,Vistara,DEL,BOM,2026-09-21,2026-08-22 09:17:00,5994.18,2026-09-09 12:37:29,DEL-BOM,2026-08-22
2338,TripEase,Vistara,DEL,BOM,2026-09-21,2026-08-22 21:40:00,6397.86,2026-09-09 12:37:29,DEL-BOM,2026-08-22
2339,SkyFareHub,Akasa Air,DEL,BOM,2026-09-21,2026-08-22 18:03:00,5262.37,2026-09-09 12:37:29,DEL-BOM,2026-08-22
2340,TripEase,Akasa Air,DEL,BOM,2026-09-21,2026-08-22 12:54:00,5275.11,2026-09-09 12:37:29,DEL-BOM,2026-08-22
2341,SkyFareHub,IndiGo,DEL,BLR,2026-08-29,2026-08-22 07:59:00,6275.95,2026-09-09 12:37:29,DEL-BLR,2026-08-22
2342,TripEase,IndiGo,DEL,BLR,2026-08-29,2026-08-22 21:46:00,6111.0,2026-09-09 12:37:29,DEL-BLR,2026-08-22
2343,SkyFareHub,Air India,DEL,BLR,2026-08-29,2026-08-22 11:01:00,6668.05,2026-09-09 12:37:29,DEL-BLR,2026-08-22
2344,TripEase,Air India,DEL,BLR,2026-08-29,2026-08-22 21:22:00,6496.01,2026-09-09 12:37:29,DEL-BLR,2026-08-22
2345,SkyFareHub,SpiceJet,DEL,BLR,2026-08-29,2026-08-22 22:46:00,5829.05,2026-09-09 12:37:29,DEL-BLR,2026-08-22
2346,TripEase,SpiceJet,DEL,BLR,2026-08-29,2026-08-22 12:44:00,5716.07,2026-09-09 12:37:29,DEL-BLR,2026-08-22
2347,SkyFareHub,Vistara,DEL,BLR,2026-08-29,2026-08-22 10:20:00,7112.2,2026-09-09 12:37:29,DEL-BLR,2026-08-22
2348,TripEase,Vistara,DEL,BLR,2026-08-29,2026-08-22 07:54:00,7132.22,2026-09-09 12:37:29,DEL-BLR,2026-08-22
2349,SkyFareHub,Akasa Air,DEL,BLR,2026-08-29,2026-08-22 11:36:00,6004.17,2026-09-09 12:37:29,DEL-BLR,2026-08-22
2350,TripEase,Akasa Air,DEL,BLR,2026-08-29,2026-08-22 15:57:00,5767.95,2026-09-09 12:37:29,DEL-BLR,2026-08-22
2351,SkyFareHub,IndiGo,DEL,BLR,2026-09-05,2026-08-22 12:47:00,5694.37,2026-09-09 12:37:29,DEL-BLR,2026-08-22
2352,TripEase,IndiGo,DEL,BLR,2026-09-05,2026-08-22 09:43:00,5987.59,2026-09-09 12:37:29,DEL-BLR,2026-08-22
2353,SkyFareHub,Air India,DEL,BLR,2026-09-05,2026-08-22 18:27:00,6727.58,2026-09-09 12:37:29,DEL-BLR,2026-08-22
2354,TripEase,Air India,DEL,BLR,2026-09-05,2026-08-22 07:06:00,6406.15,2026-09-09 12:37:29,DEL-BLR,2026-08-22
2355,SkyFareHub,SpiceJet,DEL,BLR,2026-09-05,2026-08-22 07:07:00,5592.14,2026-09-09 12:37:29,DEL-BLR,2026-08-22
2356,TripEase,SpiceJet,DEL,BLR,2026-09-05,2026-08-22 19:09:00,5935.24,2026-09-09 12:37:29,DEL-BLR,2026-08-22
2357,SkyFareHub,Vistara,DEL,BLR,2026-09-05,2026-08-22 07:07:00,6889.6,2026-09-09 12:37:29,DEL-BLR,2026-08-22
2358,TripEase,Vistara,DEL,BLR,2026-09-05,2026-08-22 11:41:00,6712.55,2026-09-09 12:37:29,DEL-BLR,2026-08-22
2359,SkyFareHub,Akasa Air,DEL,BLR,2026-09-05,2026-08-22 08:49:00,5995.04,2026-09-09 12:37:29,DEL-BLR,2026-08-22
2360,TripEase,Akasa Air,DEL,BLR,2026-09-05,2026-08-22 18:17:00,5879.43,2026-09-09 12:37:29,DEL-BLR,2026-08-22
2361,SkyFareHub,IndiGo,DEL,BLR,2026-09-21,2026-08-22 06:07:00,5810.43,2026-09-09 12:37:29,DEL-BLR,2026-08-22
2362,TripEase,IndiGo,DEL,BLR,2026-09-21,2026-08-22 22:14:00,5460.64,2026-09-09 12:37:29,DEL-BLR,2026-08-22
2363,SkyFareHub,Air India,DEL,BLR,2026-09-21,2026-08-22 21:17:00,6019.39,2026-09-09 12:37:29,DEL-BLR,2026-08-22
2364,TripEase,Air India,DEL,BLR,2026-09-21,2026-08-22 11:24:00,6174.83,2026-09-09 12:37:29,DEL-BLR,2026-08-22
2365,SkyFareHub,SpiceJet,DEL,BLR,2026-09-21,2026-08-22 19:19:00,5520.55,2026-09-09 12:37:29,DEL-BLR,2026-08-22
2366,TripEase,SpiceJet,DEL,BLR,2026-09-21,2026-08-22 08:45:00,5379.55,2026-09-09 12:37:29,DEL-BLR,2026-08-22
2367,SkyFareHub,Vistara,DEL,BLR,2026-09-21,2026-08-22 11:25:00,6968.11,2026-09-09 12:37:29,DEL-BLR,2026-08-22
2368,TripEase,Vistara,DEL,BLR,2026-09-21,2026-08-22 22:31:00,6608.5,2026-09-09 12:37:29,DEL-BLR,2026-08-22
2369,SkyFareHub,Akasa Air,DEL,BLR,2026-09-21,2026-08-22 09:48:00,5513.3,2026-09-09 12:37:29,DEL-BLR,2026-08-22
2370,TripEase,Akasa Air,DEL,BLR,2026-09-21,2026-08-22 09:11:00,5864.89,2026-09-09 12:37:29,DEL-BLR,2026-08-22
2371,SkyFareHub,IndiGo,BOM,BLR,2026-08-29,2026-08-22 06:35:00,4722.55,2026-09-09 12:37:29,BOM-BLR,2026-08-22
2372,TripEase,IndiGo,BOM,BLR,2026-08-29,2026-08-22 07:08:00,4468.26,2026-09-09 12:37:29,BOM-BLR,2026-08-22
2373,SkyFareHub,Air India,BOM,BLR,2026-08-29,2026-08-22 08:35:00,4975.34,2026-09-09 12:37:29,BOM-BLR,2026-08-22
2374,TripEase,Air India,BOM,BLR,2026-08-29,2026-08-22 08:07:00,4880.07,2026-09-09 12:37:29,BOM-BLR,2026-08-22
2375,SkyFareHub,SpiceJet,BOM,BLR,2026-08-29,2026-08-22 11:27:00,4277.91,2026-09-09 12:37:29,BOM-BLR,2026-08-22
2376,TripEase,SpiceJet,BOM,BLR,2026-08-29,2026-08-22 13:19:00,4516.54,2026-09-09 12:37:29,BOM-BLR,2026-08-22
2377,SkyFareHub,Vistara,BOM,BLR,2026-08-29,2026-08-22 15:42:00,5168.79,2026-09-09 12:37:29,BOM-BLR,2026-08-22
2378,TripEase,Vistara,BOM,BLR,2026-08-29,2026-08-22 21:44:00,5120.15,2026-09-09 12:37:29,BOM-BLR,2026-08-22
2379,SkyFareHub,Akasa Air,BOM,BLR,2026-08-29,2026-08-22 17:38:00,4444.46,2026-09-09 12:37:29,BOM-BLR,2026-08-22
2380,TripEase,Akasa Air,BOM,BLR,2026-08-29,2026-08-22 09:42:00,4338.66,2026-09-09 12:37:29,BOM-BLR,2026-08-22
2381,SkyFareHub,IndiGo,BOM,BLR,2026-09-05,2026-08-22 12:09:00,4517.42,2026-09-09 12:37:29,BOM-BLR,2026-08-22
2382,TripEase,IndiGo,BOM,BLR,2026-09-05,2026-08-22 10:38:00,4491.15,2026-09-09 12:37:29,BOM-BLR,2026-08-22
2383,SkyFareHub,Air India,BOM,BLR,2026-09-05,2026-08-22 14:08:00,4878.16,2026-09-09 12:37:29,BOM-BLR,2026-08-22
2384,TripEase,Air India,BOM,BLR,2026-09-05,2026-08-22 14:16:00,4897.38,2026-09-09 12:37:29,BOM-BLR,2026-08-22
2385,SkyFareHub,SpiceJet,BOM,BLR,2026-09-05,2026-08-22 18:29:00,4312.61,2026-09-09 12:37:29,BOM-BLR,2026-08-22
2386,TripEase,SpiceJet,BOM,BLR,2026-09-05,2026-08-22 19:44:00,4045.5,2026-09-09 12:37:29,BOM-BLR,2026-08-22
2387,SkyFareHub,Vistara,BOM,BLR,2026-09-05,2026-08-22 14:40:00,4906.31,2026-09-09 12:37:29,BOM-BLR,2026-08-22
2388,TripEase,Vistara,BOM,BLR,2026-09-05,2026-08-22 17:36:00,5130.7,2026-09-09 12:37:29,BOM-BLR,2026-08-22
2389,SkyFareHub,Akasa Air,BOM,BLR,2026-09-05,2026-08-22 11:26:00,4477.4,2026-09-09 12:37:29,BOM-BLR,2026-08-22
2390,TripEase,Akasa Air,BOM,BLR,2026-09-05,2026-08-22 19:24:00,4403.16,2026-09-09 12:37:29,BOM-BLR,2026-08-22
2391,SkyFareHub,IndiGo,BOM,BLR,2026-09-21,2026-08-22 08:17:00,4189.08,2026-09-09 12:37:29,BOM-BLR,2026-08-22
2392,TripEase,IndiGo,BOM,BLR,2026-09-21,2026-08-22 19:04:00,4095.11,2026-09-09 12:37:29,BOM-BLR,2026-08-22
2393,SkyFareHub,Air India,BOM,BLR,2026-09-21,2026-08-22 16:49:00,4493.36,2026-09-09 12:37:29,BOM-BLR,2026-08-22
2394,TripEase,Air India,BOM,BLR,2026-09-21,2026-08-22 13:17:00,4691.02,2026-09-09 12:37:29,BOM-BLR,2026-08-22
2395,SkyFareHub,SpiceJet,BOM,BLR,2026-09-21,2026-08-22 13:24:00,3918.51,2026-09-09 12:37:29,BOM-BLR,2026-08-22
2396,TripEase,SpiceJet,BOM,BLR,2026-09-21,2026-08-22 09:11:00,4328.22,2026-09-09 12:37:29,BOM-BLR,2026-08-22
2397,SkyFareHub,Vistara,BOM,BLR,2026-09-21,2026-08-22 21:06:00,5097.84,2026-09-09 12:37:29,BOM-BLR,2026-08-22
2398,TripEase,Vistara,BOM,BLR,2026-09-21,2026-08-22 15:35:00,5046.57,2026-09-09 12:37:29,BOM-BLR,2026-08-22
2399,SkyFareHub,Akasa Air,BOM,BLR,2026-09-21,2026-08-22 07:10:00,4018.67,2026-09-09 12:37:29,BOM-BLR,2026-08-22
2400,TripEase,Akasa Air,BOM,BLR,2026-09-21,2026-08-22 11:22:00,4198.8,2026-09-09 12:37:29,BOM-BLR,2026-08-22
2401,SkyFareHub,IndiGo,DEL,MAA,2026-08-29,2026-08-22 18:30:00,6785.3,2026-09-09 12:37:29,DEL-MAA,2026-08-22
2402,TripEase,IndiGo,DEL,MAA,2026-08-29,2026-08-22 22:45:00,6508.51,2026-09-09 12:37:29,DEL-MAA,2026-08-22
2403,SkyFareHub,Air India,DEL,MAA,2026-08-29,2026-08-22 18:36:00,6725.44,2026-09-09 12:37:29,DEL-MAA,2026-08-22
2404,TripEase,Air India,DEL,MAA,2026-08-29,2026-08-22 17:45:00,7022.65,2026-09-09 12:37:29,DEL-MAA,2026-08-22
2405,SkyFareHub,SpiceJet,DEL,MAA,2026-08-29,2026-08-22 19:45:00,6431.96,2026-09-09 12:37:29,DEL-MAA,2026-08-22
2406,TripEase,SpiceJet,DEL,MAA,2026-08-29,2026-08-22 17:51:00,6183.28,2026-09-09 12:37:29,DEL-MAA,2026-08-22
2407,SkyFareHub,Vistara,DEL,MAA,2026-08-29,2026-08-22 19:33:00,7422.77,2026-09-09 12:37:29,DEL-MAA,2026-08-22
2408,TripEase,Vistara,DEL,MAA,2026-08-29,2026-08-22 13:19:00,7976.94,2026-09-09 12:37:29,DEL-MAA,2026-08-22
2409,SkyFareHub,Akasa Air,DEL,MAA,2026-08-29,2026-08-22 15:26:00,6269.63,2026-09-09 12:37:29,DEL-MAA,2026-08-22
2410,TripEase,Akasa Air,DEL,MAA,2026-08-29,2026-08-22 08:04:00,6627.55,2026-09-09 12:37:29,DEL-MAA,2026-08-22
2411,SkyFareHub,IndiGo,DEL,MAA,2026-09-05,2026-08-22 11:36:00,6753.14,2026-09-09 12:37:29,DEL-MAA,2026-08-22
2412,TripEase,IndiGo,DEL,MAA,2026-09-05,2026-08-22 21:51:00,6327.37,2026-09-09 12:37:29,DEL-MAA,2026-08-22
2413,SkyFareHub,Air India,DEL,MAA,2026-09-05,2026-08-22 19:43:00,7381.25,2026-09-09 12:37:29,DEL-MAA,2026-08-22
2414,TripEase,Air India,DEL,MAA,2026-09-05,2026-08-22 21:31:00,7080.22,2026-09-09 12:37:29,DEL-MAA,2026-08-22
2415,SkyFareHub,SpiceJet,DEL,MAA,2026-09-05,2026-08-22 09:25:00,6329.48,2026-09-09 12:37:29,DEL-MAA,2026-08-22
2416,TripEase,SpiceJet,DEL,MAA,2026-09-05,2026-08-22 06:45:00,5785.87,2026-09-09 12:37:29,DEL-MAA,2026-08-22
2417,SkyFareHub,Vistara,DEL,MAA,2026-09-05,2026-08-22 17:15:00,7401.76,2026-09-09 12:37:29,DEL-MAA,2026-08-22
2418,TripEase,Vistara,DEL,MAA,2026-09-05,2026-08-22 22:43:00,7796.73,2026-09-09 12:37:29,DEL-MAA,2026-08-22
2419,SkyFareHub,Akasa Air,DEL,MAA,2026-09-05,2026-08-22 11:43:00,6363.07,2026-09-09 12:37:29,DEL-MAA,2026-08-22
2420,TripEase,Akasa Air,DEL,MAA,2026-09-05,2026-08-22 13:11:00,6582.82,2026-09-09 12:37:29,DEL-MAA,2026-08-22
2421,SkyFareHub,IndiGo,DEL,MAA,2026-09-21,2026-08-22 22:22:00,6163.91,2026-09-09 12:37:29,DEL-MAA,2026-08-22
2422,TripEase,IndiGo,DEL,MAA,2026-09-21,2026-08-22 18:10:00,6446.29,2026-09-09 12:37:29,DEL-MAA,2026-08-22
2423,SkyFareHub,Air India,DEL,MAA,2026-09-21,2026-08-22 13:53:00,6523.95,2026-09-09 12:37:29,DEL-MAA,2026-08-22
2424,TripEase,Air India,DEL,MAA,2026-09-21,2026-08-22 09:18:00,6877.98,2026-09-09 12:37:29,DEL-MAA,2026-08-22
2425,SkyFareHub,SpiceJet,DEL,MAA,2026-09-21,2026-08-22 12:00:00,5767.69,2026-09-09 12:37:29,DEL-MAA,2026-08-22
2426,TripEase,SpiceJet,DEL,MAA,2026-09-21,2026-08-22 12:59:00,6074.17,2026-09-09 12:37:29,DEL-MAA,2026-08-22
2427,SkyFareHub,Vistara,DEL,MAA,2026-09-21,2026-08-22 22:52:00,7260.95,2026-09-09 12:37:29,DEL-MAA,2026-08-22
2428,TripEase,Vistara,DEL,MAA,2026-09-21,2026-08-22 21:03:00,7600.34,2026-09-09 12:37:29,DEL-MAA,2026-08-22
2429,SkyFareHub,Akasa Air,DEL,MAA,2026-09-21,2026-08-22 16:19:00,6033.65,2026-09-09 12:37:29,DEL-MAA,2026-08-22
2430,TripEase,Akasa Air,DEL,MAA,2026-09-21,2026-08-22 11:25:00,5810.76,2026-09-09 12:37:29,DEL-MAA,2026-08-22
2431,SkyFareHub,IndiGo,BOM,MAA,2026-08-29,2026-08-22 21:12:00,5640.98,2026-09-09 12:37:29,BOM-MAA,2026-08-22
2432,TripEase,IndiGo,BOM,MAA,2026-08-29,2026-08-22 10:26:00,5659.67,2026-09-09 12:37:29,BOM-MAA,2026-08-22
2433,SkyFareHub,Air India,BOM,MAA,2026-08-29,2026-08-22 10:49:00,6122.01,2026-09-09 12:37:29,BOM-MAA,2026-08-22
2434,TripEase,Air India,BOM,MAA,2026-08-29,2026-08-22 18:23:00,6292.21,2026-09-09 12:37:29,BOM-MAA,2026-08-22
2435,SkyFareHub,SpiceJet,BOM,MAA,2026-08-29,2026-08-22 11:34:00,5443.39,2026-09-09 12:37:29,BOM-MAA,2026-08-22
2436,TripEase,SpiceJet,BOM,MAA,2026-08-29,2026-08-22 20:42:00,5564.53,2026-09-09 12:37:29,BOM-MAA,2026-08-22
2437,SkyFareHub,Vistara,BOM,MAA,2026-08-29,2026-08-22 17:47:00,6772.43,2026-09-09 12:37:29,BOM-MAA,2026-08-22
2438,TripEase,Vistara,BOM,MAA,2026-08-29,2026-08-22 12:07:00,6633.95,2026-09-09 12:37:29,BOM-MAA,2026-08-22
2439,SkyFareHub,Akasa Air,BOM,MAA,2026-08-29,2026-08-22 18:26:00,5376.08,2026-09-09 12:37:29,BOM-MAA,2026-08-22
2440,TripEase,Akasa Air,BOM,MAA,2026-08-29,2026-08-22 11:42:00,5920.7,2026-09-09 12:37:29,BOM-MAA,2026-08-22
2441,SkyFareHub,IndiGo,BOM,MAA,2026-09-05,2026-08-22 14:07:00,5619.89,2026-09-09 12:37:29,BOM-MAA,2026-08-22
2442,TripEase,IndiGo,BOM,MAA,2026-09-05,2026-08-22 10:20:00,5746.85,2026-09-09 12:37:29,BOM-MAA,2026-08-22
2443,SkyFareHub,Air India,BOM,MAA,2026-09-05,2026-08-22 18:32:00,6457.01,2026-09-09 12:37:29,BOM-MAA,2026-08-22
2444,TripEase,Air India,BOM,MAA,2026-09-05,2026-08-22 18:08:00,6430.14,2026-09-09 12:37:29,BOM-MAA,2026-08-22
2445,SkyFareHub,SpiceJet,BOM,MAA,2026-09-05,2026-08-22 06:08:00,5177.72,2026-09-09 12:37:29,BOM-MAA,2026-08-22
2446,TripEase,SpiceJet,BOM,MAA,2026-09-05,2026-08-22 13:03:00,5326.66,2026-09-09 12:37:29,BOM-MAA,2026-08-22
2447,SkyFareHub,Vistara,BOM,MAA,2026-09-05,2026-08-22 06:27:00,6662.57,2026-09-09 12:37:29,BOM-MAA,2026-08-22
2448,TripEase,Vistara,BOM,MAA,2026-09-05,2026-08-22 08:48:00,6533.64,2026-09-09 12:37:29,BOM-MAA,2026-08-22
2449,SkyFareHub,Akasa Air,BOM,MAA,2026-09-05,2026-08-22 22:11:00,5600.61,2026-09-09 12:37:29,BOM-MAA,2026-08-22
2450,TripEase,Akasa Air,BOM,MAA,2026-09-05,2026-08-22 14:44:00,5570.34,2026-09-09 12:37:29,BOM-MAA,2026-08-22
2451,SkyFareHub,IndiGo,BOM,MAA,2026-09-21,2026-08-22 12:30:00,5570.64,2026-09-09 12:37:29,BOM-MAA,2026-08-22
2452,TripEase,IndiGo,BOM,MAA,2026-09-21,2026-08-22 22:39:00,5771.88,2026-09-09 12:37:29,BOM-MAA,2026-08-22
2453,SkyFareHub,Air India,BOM,MAA,2026-09-21,2026-08-22 10:14:00,6046.55,2026-09-09 12:37:29,BOM-MAA,2026-08-22
2454,TripEase,Air India,BOM,MAA,2026-09-21,2026-08-22 14:12:00,5803.65,2026-09-09 12:37:29,BOM-MAA,2026-08-22
2455,SkyFareHub,SpiceJet,BOM,MAA,2026-09-21,2026-08-22 12:05:00,5455.7,2026-09-09 12:37:29,BOM-MAA,2026-08-22
2456,TripEase,SpiceJet,BOM,MAA,2026-09-21,2026-08-22 22:19:00,5413.65,2026-09-09 12:37:29,BOM-MAA,2026-08-22
2457,SkyFareHub,Vistara,BOM,MAA,2026-09-21,2026-08-22 13:21:00,6699.9,2026-09-09 12:37:29,BOM-MAA,2026-08-22
2458,TripEase,Vistara,BOM,MAA,2026-09-21,2026-08-22 19:41:00,6205.8,2026-09-09 12:37:29,BOM-MAA,2026-08-22
2459,SkyFareHub,Akasa Air,BOM,MAA,2026-09-21,2026-08-22 17:17:00,5088.25,2026-09-09 12:37:29,BOM-MAA,2026-08-22
2460,TripEase,Akasa Air,BOM,MAA,2026-09-21,2026-08-22 13:20:00,5669.15,2026-09-09 12:37:29,BOM-MAA,2026-08-22
2461,SkyFareHub,IndiGo,DEL,CCU,2026-08-29,2026-08-22 06:03:00,6330.57,2026-09-09 12:37:29,DEL-CCU,2026-08-22
2462,TripEase,IndiGo,DEL,CCU,2026-08-29,2026-08-22 15:30:00,6265.66,2026-09-09 12:37:29,DEL-CCU,2026-08-22
2463,SkyFareHub,Air India,DEL,CCU,2026-08-29,2026-08-22 19:11:00,6676.91,2026-09-09 12:37:29,DEL-CCU,2026-08-22
2464,TripEase,Air India,DEL,CCU,2026-08-29,2026-08-22 16:19:00,6615.16,2026-09-09 12:37:29,DEL-CCU,2026-08-22
2465,SkyFareHub,SpiceJet,DEL,CCU,2026-08-29,2026-08-22 10:21:00,5815.33,2026-09-09 12:37:29,DEL-CCU,2026-08-22
2466,TripEase,SpiceJet,DEL,CCU,2026-08-29,2026-08-22 22:38:00,5983.95,2026-09-09 12:37:29,DEL-CCU,2026-08-22
2467,SkyFareHub,Vistara,DEL,CCU,2026-08-29,2026-08-22 12:37:00,7181.13,2026-09-09 12:37:29,DEL-CCU,2026-08-22
2468,TripEase,Vistara,DEL,CCU,2026-08-29,2026-08-22 10:40:00,7290.52,2026-09-09 12:37:29,DEL-CCU,2026-08-22
2469,SkyFareHub,Akasa Air,DEL,CCU,2026-08-29,2026-08-22 12:12:00,6044.31,2026-09-09 12:37:29,DEL-CCU,2026-08-22
2470,TripEase,Akasa Air,DEL,CCU,2026-08-29,2026-08-22 08:34:00,6318.89,2026-09-09 12:37:29,DEL-CCU,2026-08-22
2471,SkyFareHub,IndiGo,DEL,CCU,2026-09-05,2026-08-22 21:48:00,6148.82,2026-09-09 12:37:29,DEL-CCU,2026-08-22
2472,TripEase,IndiGo,DEL,CCU,2026-09-05,2026-08-22 07:08:00,6098.26,2026-09-09 12:37:29,DEL-CCU,2026-08-22
2473,SkyFareHub,Air India,DEL,CCU,2026-09-05,2026-08-22 14:57:00,6512.63,2026-09-09 12:37:29,DEL-CCU,2026-08-22
2474,TripEase,Air India,DEL,CCU,2026-09-05,2026-08-22 17:57:00,6998.6,2026-09-09 12:37:29,DEL-CCU,2026-08-22
2475,SkyFareHub,SpiceJet,DEL,CCU,2026-09-05,2026-08-22 09:58:00,5838.24,2026-09-09 12:37:29,DEL-CCU,2026-08-22
2476,TripEase,SpiceJet,DEL,CCU,2026-09-05,2026-08-22 22:59:00,5819.42,2026-09-09 12:37:29,DEL-CCU,2026-08-22
2477,SkyFareHub,Vistara,DEL,CCU,2026-09-05,2026-08-22 11:38:00,7468.35,2026-09-09 12:37:29,DEL-CCU,2026-08-22
2478,TripEase,Vistara,DEL,CCU,2026-09-05,2026-08-22 15:02:00,7158.83,2026-09-09 12:37:29,DEL-CCU,2026-08-22
2479,SkyFareHub,Akasa Air,DEL,CCU,2026-09-05,2026-08-22 12:47:00,6039.1,2026-09-09 12:37:29,DEL-CCU,2026-08-22
2480,TripEase,Akasa Air,DEL,CCU,2026-09-05,2026-08-22 22:04:00,6127.3,2026-09-09 12:37:29,DEL-CCU,2026-08-22
2481,SkyFareHub,IndiGo,DEL,CCU,2026-09-21,2026-08-22 18:35:00,5890.81,2026-09-09 12:37:29,DEL-CCU,2026-08-22
2482,TripEase,IndiGo,DEL,CCU,2026-09-21,2026-08-22 14:13:00,6058.4,2026-09-09 12:37:29,DEL-CCU,2026-08-22
2483,SkyFareHub,Air India,DEL,CCU,2026-09-21,2026-08-22 12:37:00,6143.46,2026-09-09 12:37:29,DEL-CCU,2026-08-22
2484,TripEase,Air India,DEL,CCU,2026-09-21,2026-08-22 22:29:00,6685.25,2026-09-09 12:37:29,DEL-CCU,2026-08-22
2485,SkyFareHub,SpiceJet,DEL,CCU,2026-09-21,2026-08-22 14:19:00,5739.28,2026-09-09 12:37:29,DEL-CCU,2026-08-22
2486,TripEase,SpiceJet,DEL,CCU,2026-09-21,2026-08-22 14:35:00,5753.09,2026-09-09 12:37:29,DEL-CCU,2026-08-22
2487,SkyFareHub,Vistara,DEL,CCU,2026-09-21,2026-08-22 13:18:00,6532.31,2026-09-09 12:37:29,DEL-CCU,2026-08-22
2488,TripEase,Vistara,DEL,CCU,2026-09-21,2026-08-22 14:59:00,6457.27,2026-09-09 12:37:29,DEL-CCU,2026-08-22
2489,SkyFareHub,Akasa Air,DEL,CCU,2026-09-21,2026-08-22 07:41:00,5741.58,2026-09-09 12:37:29,DEL-CCU,2026-08-22
2490,TripEase,Akasa Air,DEL,CCU,2026-09-21,2026-08-22 12:34:00,6173.68,2026-09-09 12:37:29,DEL-CCU,2026-08-22
2491,SkyFareHub,IndiGo,BLR,HYD,2026-08-29,2026-08-22 17:20:00,3748.58,2026-09-09 12:37:29,BLR-HYD,2026-08-22
2492,TripEase,IndiGo,BLR,HYD,2026-08-29,2026-08-22 14:46:00,3751.55,2026-09-09 12:37:29,BLR-HYD,2026-08-22
2493,SkyFareHub,Air India,BLR,HYD,2026-08-29,2026-08-22 15:20:00,4116.24,2026-09-09 12:37:29,BLR-HYD,2026-08-22
2494,TripEase,Air India,BLR,HYD,2026-08-29,2026-08-22 06:52:00,4330.58,2026-09-09 12:37:29,BLR-HYD,2026-08-22
2495,SkyFareHub,SpiceJet,BLR,HYD,2026-08-29,2026-08-22 14:11:00,3648.72,2026-09-09 12:37:29,BLR-HYD,2026-08-22
2496,TripEase,SpiceJet,BLR,HYD,2026-08-29,2026-08-22 09:46:00,3463.6,2026-09-09 12:37:29,BLR-HYD,2026-08-22
2497,SkyFareHub,Vistara,BLR,HYD,2026-08-29,2026-08-22 14:55:00,4462.32,2026-09-09 12:37:29,BLR-HYD,2026-08-22
2498,TripEase,Vistara,BLR,HYD,2026-08-29,2026-08-22 12:52:00,4478.97,2026-09-09 12:37:29,BLR-HYD,2026-08-22
2499,SkyFareHub,Akasa Air,BLR,HYD,2026-08-29,2026-08-22 12:37:00,3660.72,2026-09-09 12:37:29,BLR-HYD,2026-08-22
2500,TripEase,Akasa Air,BLR,HYD,2026-08-29,2026-08-22 18:09:00,3835.6,2026-09-09 12:37:29,BLR-HYD,2026-08-22
2501,SkyFareHub,IndiGo,BLR,HYD,2026-09-05,2026-08-22 19:23:00,3813.45,2026-09-09 12:37:29,BLR-HYD,2026-08-22
2502,TripEase,IndiGo,BLR,HYD,2026-09-05,2026-08-22 21:11:00,3666.63,2026-09-09 12:37:29,BLR-HYD,2026-08-22
2503,SkyFareHub,Air India,BLR,HYD,2026-09-05,2026-08-22 11:12:00,4143.88,2026-09-09 12:37:29,BLR-HYD,2026-08-22
2504,TripEase,Air India,BLR,HYD,2026-09-05,2026-08-22 11:41:00,4211.14,2026-09-09 12:37:29,BLR-HYD,2026-08-22
2505,SkyFareHub,SpiceJet,BLR,HYD,2026-09-05,2026-08-22 11:52:00,3485.33,2026-09-09 12:37:29,BLR-HYD,2026-08-22
2506,TripEase,SpiceJet,BLR,HYD,2026-09-05,2026-08-22 08:09:00,3581.62,2026-09-09 12:37:29,BLR-HYD,2026-08-22
2507,SkyFareHub,Vistara,BLR,HYD,2026-09-05,2026-08-22 18:06:00,4129.18,2026-09-09 12:37:29,BLR-HYD,2026-08-22
2508,TripEase,Vistara,BLR,HYD,2026-09-05,2026-08-22 06:38:00,4327.72,2026-09-09 12:37:29,BLR-HYD,2026-08-22
2509,SkyFareHub,Akasa Air,BLR,HYD,2026-09-05,2026-08-22 09:52:00,3521.49,2026-09-09 12:37:29,BLR-HYD,2026-08-22
2510,TripEase,Akasa Air,BLR,HYD,2026-09-05,2026-08-22 07:08:00,3594.4,2026-09-09 12:37:29,BLR-HYD,2026-08-22
2511,SkyFareHub,IndiGo,BLR,HYD,2026-09-21,2026-08-22 10:40:00,3488.47,2026-09-09 12:37:29,BLR-HYD,2026-08-22
2512,TripEase,IndiGo,BLR,HYD,2026-09-21,2026-08-22 06:50:00,3746.51,2026-09-09 12:37:29,BLR-HYD,2026-08-22
2513,SkyFareHub,Air India,BLR,HYD,2026-09-21,2026-08-22 16:54:00,3877.2,2026-09-09 12:37:29,BLR-HYD,2026-08-22
2514,TripEase,Air India,BLR,HYD,2026-09-21,2026-08-22 21:48:00,3940.57,2026-09-09 12:37:29,BLR-HYD,2026-08-22
2515,SkyFareHub,SpiceJet,BLR,HYD,2026-09-21,2026-08-22 11:19:00,3476.49,2026-09-09 12:37:29,BLR-HYD,2026-08-22
2516,TripEase,SpiceJet,BLR,HYD,2026-09-21,2026-08-22 07:34:00,3351.97,2026-09-09 12:37:29,BLR-HYD,2026-08-22
2517,SkyFareHub,Vistara,BLR,HYD,2026-09-21,2026-08-22 09:01:00,4297.97,2026-09-09 12:37:29,BLR-HYD,2026-08-22
2518,TripEase,Vistara,BLR,HYD,2026-09-21,2026-08-22 15:06:00,4210.37,2026-09-09 12:37:29,BLR-HYD,2026-08-22
2519,SkyFareHub,Akasa Air,BLR,HYD,2026-09-21,2026-08-22 10:00:00,3618.51,2026-09-09 12:37:29,BLR-HYD,2026-08-22
2520,TripEase,Akasa Air,BLR,HYD,2026-09-21,2026-08-22 19:24:00,3559.33,2026-09-09 12:37:29,BLR-HYD,2026-08-22
2521,SkyFareHub,IndiGo,DEL,BOM,2026-08-30,2026-08-23 13:58:00,5452.67,2026-09-09 12:37:29,DEL-BOM,2026-08-23
2522,TripEase,IndiGo,DEL,BOM,2026-08-30,2026-08-23 09:31:00,5687.71,2026-09-09 12:37:29,DEL-BOM,2026-08-23
2523,SkyFareHub,Air India,DEL,BOM,2026-08-30,2026-08-23 09:18:00,5703.18,2026-09-09 12:37:29,DEL-BOM,2026-08-23
2524,TripEase,Air India,DEL,BOM,2026-08-30,2026-08-23 09:23:00,5975.4,2026-09-09 12:37:29,DEL-BOM,2026-08-23
2525,SkyFareHub,SpiceJet,DEL,BOM,2026-08-30,2026-08-23 07:38:00,5591.57,2026-09-09 12:37:29,DEL-BOM,2026-08-23
2526,TripEase,SpiceJet,DEL,BOM,2026-08-30,2026-08-23 16:38:00,5109.78,2026-09-09 12:37:29,DEL-BOM,2026-08-23
2527,SkyFareHub,Vistara,DEL,BOM,2026-08-30,2026-08-23 15:39:00,6199.7,2026-09-09 12:37:29,DEL-BOM,2026-08-23
2528,TripEase,Vistara,DEL,BOM,2026-08-30,2026-08-23 09:17:00,6495.52,2026-09-09 12:37:29,DEL-BOM,2026-08-23
2529,SkyFareHub,Akasa Air,DEL,BOM,2026-08-30,2026-08-23 14:51:00,5622.73,2026-09-09 12:37:29,DEL-BOM,2026-08-23
2530,TripEase,Akasa Air,DEL,BOM,2026-08-30,2026-08-23 06:55:00,5663.04,2026-09-09 12:37:29,DEL-BOM,2026-08-23
2531,SkyFareHub,IndiGo,DEL,BOM,2026-09-06,2026-08-23 10:20:00,5553.05,2026-09-09 12:37:29,DEL-BOM,2026-08-23
2532,TripEase,IndiGo,DEL,BOM,2026-09-06,2026-08-23 21:52:00,5306.83,2026-09-09 12:37:29,DEL-BOM,2026-08-23
2533,SkyFareHub,Air India,DEL,BOM,2026-09-06,2026-08-23 14:09:00,5739.85,2026-09-09 12:37:29,DEL-BOM,2026-08-23
2534,TripEase,Air India,DEL,BOM,2026-09-06,2026-08-23 11:49:00,5898.81,2026-09-09 12:37:29,DEL-BOM,2026-08-23
2535,SkyFareHub,SpiceJet,DEL,BOM,2026-09-06,2026-08-23 19:30:00,5100.49,2026-09-09 12:37:29,DEL-BOM,2026-08-23
2536,TripEase,SpiceJet,DEL,BOM,2026-09-06,2026-08-23 16:08:00,5258.45,2026-09-09 12:37:29,DEL-BOM,2026-08-23
2537,SkyFareHub,Vistara,DEL,BOM,2026-09-06,2026-08-23 13:24:00,6511.03,2026-09-09 12:37:29,DEL-BOM,2026-08-23
2538,TripEase,Vistara,DEL,BOM,2026-09-06,2026-08-23 21:34:00,6258.44,2026-09-09 12:37:29,DEL-BOM,2026-08-23
2539,SkyFareHub,Akasa Air,DEL,BOM,2026-09-06,2026-08-23 08:37:00,5243.71,2026-09-09 12:37:29,DEL-BOM,2026-08-23
2540,TripEase,Akasa Air,DEL,BOM,2026-09-06,2026-08-23 13:44:00,5414.33,2026-09-09 12:37:29,DEL-BOM,2026-08-23
2541,SkyFareHub,IndiGo,DEL,BOM,2026-09-22,2026-08-23 12:54:00,5079.44,2026-09-09 12:37:29,DEL-BOM,2026-08-23
2542,TripEase,IndiGo,DEL,BOM,2026-09-22,2026-08-23 10:58:00,5112.25,2026-09-09 12:37:29,DEL-BOM,2026-08-23
2543,SkyFareHub,Air India,DEL,BOM,2026-09-22,2026-08-23 17:54:00,5685.0,2026-09-09 12:37:29,DEL-BOM,2026-08-23
2544,TripEase,Air India,DEL,BOM,2026-09-22,2026-08-23 10:18:00,5977.81,2026-09-09 12:37:29,DEL-BOM,2026-08-23
2545,SkyFareHub,SpiceJet,DEL,BOM,2026-09-22,2026-08-23 19:15:00,5118.74,2026-09-09 12:37:29,DEL-BOM,2026-08-23
2546,TripEase,SpiceJet,DEL,BOM,2026-09-22,2026-08-23 10:07:00,4833.79,2026-09-09 12:37:29,DEL-BOM,2026-08-23
2547,SkyFareHub,Vistara,DEL,BOM,2026-09-22,2026-08-23 18:46:00,6392.91,2026-09-09 12:37:29,DEL-BOM,2026-08-23
2548,TripEase,Vistara,DEL,BOM,2026-09-22,2026-08-23 17:03:00,6032.2,2026-09-09 12:37:29,DEL-BOM,2026-08-23
2549,SkyFareHub,Akasa Air,DEL,BOM,2026-09-22,2026-08-23 08:30:00,5272.4,2026-09-09 12:37:29,DEL-BOM,2026-08-23
2550,TripEase,Akasa Air,DEL,BOM,2026-09-22,2026-08-23 06:09:00,5392.39,2026-09-09 12:37:29,DEL-BOM,2026-08-23
2551,SkyFareHub,IndiGo,DEL,BLR,2026-08-30,2026-08-23 08:00:00,5844.37,2026-09-09 12:37:29,DEL-BLR,2026-08-23
2552,TripEase,IndiGo,DEL,BLR,2026-08-30,2026-08-23 10:48:00,6210.56,2026-09-09 12:37:29,DEL-BLR,2026-08-23
2553,SkyFareHub,Air India,DEL,BLR,2026-08-30,2026-08-23 22:44:00,6477.24,2026-09-09 12:37:29,DEL-BLR,2026-08-23
2554,TripEase,Air India,DEL,BLR,2026-08-30,2026-08-23 16:28:00,6771.27,2026-09-09 12:37:29,DEL-BLR,2026-08-23
2555,SkyFareHub,SpiceJet,DEL,BLR,2026-08-30,2026-08-23 15:07:00,5956.87,2026-09-09 12:37:29,DEL-BLR,2026-08-23
2556,TripEase,SpiceJet,DEL,BLR,2026-08-30,2026-08-23 07:38:00,5732.9,2026-09-09 12:37:29,DEL-BLR,2026-08-23
2557,SkyFareHub,Vistara,DEL,BLR,2026-08-30,2026-08-23 06:25:00,7113.77,2026-09-09 12:37:29,DEL-BLR,2026-08-23
2558,TripEase,Vistara,DEL,BLR,2026-08-30,2026-08-23 20:35:00,7233.14,2026-09-09 12:37:29,DEL-BLR,2026-08-23
2559,SkyFareHub,Akasa Air,DEL,BLR,2026-08-30,2026-08-23 22:19:00,5895.08,2026-09-09 12:37:29,DEL-BLR,2026-08-23
2560,TripEase,Akasa Air,DEL,BLR,2026-08-30,2026-08-23 11:17:00,5952.56,2026-09-09 12:37:29,DEL-BLR,2026-08-23
2561,SkyFareHub,IndiGo,DEL,BLR,2026-09-06,2026-08-23 10:47:00,6210.73,2026-09-09 12:37:29,DEL-BLR,2026-08-23
2562,TripEase,IndiGo,DEL,BLR,2026-09-06,2026-08-23 13:25:00,5881.71,2026-09-09 12:37:29,DEL-BLR,2026-08-23
2563,SkyFareHub,Air India,DEL,BLR,2026-09-06,2026-08-23 08:52:00,6386.87,2026-09-09 12:37:29,DEL-BLR,2026-08-23
2564,TripEase,Air India,DEL,BLR,2026-09-06,2026-08-23 18:52:00,6545.56,2026-09-09 12:37:29,DEL-BLR,2026-08-23
2565,SkyFareHub,SpiceJet,DEL,BLR,2026-09-06,2026-08-23 17:41:00,5471.95,2026-09-09 12:37:29,DEL-BLR,2026-08-23
2566,TripEase,SpiceJet,DEL,BLR,2026-09-06,2026-08-23 09:04:00,5565.15,2026-09-09 12:37:29,DEL-BLR,2026-08-23
2567,SkyFareHub,Vistara,DEL,BLR,2026-09-06,2026-08-23 16:01:00,6912.79,2026-09-09 12:37:29,DEL-BLR,2026-08-23
2568,TripEase,Vistara,DEL,BLR,2026-09-06,2026-08-23 09:04:00,6591.01,2026-09-09 12:37:29,DEL-BLR,2026-08-23
2569,SkyFareHub,Akasa Air,DEL,BLR,2026-09-06,2026-08-23 15:12:00,5493.77,2026-09-09 12:37:29,DEL-BLR,2026-08-23
2570,TripEase,Akasa Air,DEL,BLR,2026-09-06,2026-08-23 07:15:00,5869.6,2026-09-09 12:37:29,DEL-BLR,2026-08-23
2571,SkyFareHub,IndiGo,DEL,BLR,2026-09-22,2026-08-23 07:36:00,5838.6,2026-09-09 12:37:29,DEL-BLR,2026-08-23
2572,TripEase,IndiGo,DEL,BLR,2026-09-22,2026-08-23 07:20:00,5999.37,2026-09-09 12:37:29,DEL-BLR,2026-08-23
2573,SkyFareHub,Air India,DEL,BLR,2026-09-22,2026-08-23 17:48:00,5967.6,2026-09-09 12:37:29,DEL-BLR,2026-08-23
2574,TripEase,Air India,DEL,BLR,2026-09-22,2026-08-23 12:20:00,6095.61,2026-09-09 12:37:29,DEL-BLR,2026-08-23
2575,SkyFareHub,SpiceJet,DEL,BLR,2026-09-22,2026-08-23 10:44:00,5676.01,2026-09-09 12:37:29,DEL-BLR,2026-08-23
2576,TripEase,SpiceJet,DEL,BLR,2026-09-22,2026-08-23 22:06:00,5512.19,2026-09-09 12:37:29,DEL-BLR,2026-08-23
2577,SkyFareHub,Vistara,DEL,BLR,2026-09-22,2026-08-23 06:37:00,6757.89,2026-09-09 12:37:29,DEL-BLR,2026-08-23
2578,TripEase,Vistara,DEL,BLR,2026-09-22,2026-08-23 07:18:00,6795.28,2026-09-09 12:37:29,DEL-BLR,2026-08-23
2579,SkyFareHub,Akasa Air,DEL,BLR,2026-09-22,2026-08-23 08:56:00,5516.03,2026-09-09 12:37:29,DEL-BLR,2026-08-23
2580,TripEase,Akasa Air,DEL,BLR,2026-09-22,2026-08-23 13:56:00,5815.45,2026-09-09 12:37:29,DEL-BLR,2026-08-23
2581,SkyFareHub,IndiGo,BOM,BLR,2026-08-30,2026-08-23 10:49:00,4493.23,2026-09-09 12:37:29,BOM-BLR,2026-08-23
2582,TripEase,IndiGo,BOM,BLR,2026-08-30,2026-08-23 22:33:00,4761.28,2026-09-09 12:37:29,BOM-BLR,2026-08-23
2583,SkyFareHub,Air India,BOM,BLR,2026-08-30,2026-08-23 22:59:00,5136.38,2026-09-09 12:37:29,BOM-BLR,2026-08-23
2584,TripEase,Air India,BOM,BLR,2026-08-30,2026-08-23 10:21:00,5001.0,2026-09-09 12:37:29,BOM-BLR,2026-08-23
2585,SkyFareHub,SpiceJet,BOM,BLR,2026-08-30,2026-08-23 19:02:00,4279.52,2026-09-09 12:37:29,BOM-BLR,2026-08-23
2586,TripEase,SpiceJet,BOM,BLR,2026-08-30,2026-08-23 18:15:00,4525.88,2026-09-09 12:37:29,BOM-BLR,2026-08-23
2587,SkyFareHub,Vistara,BOM,BLR,2026-08-30,2026-08-23 08:09:00,5142.06,2026-09-09 12:37:29,BOM-BLR,2026-08-23
2588,TripEase,Vistara,BOM,BLR,2026-08-30,2026-08-23 09:51:00,5412.34,2026-09-09 12:37:29,BOM-BLR,2026-08-23
2589,SkyFareHub,Akasa Air,BOM,BLR,2026-08-30,2026-08-23 15:35:00,4310.07,2026-09-09 12:37:29,BOM-BLR,2026-08-23
2590,TripEase,Akasa Air,BOM,BLR,2026-08-30,2026-08-23 08:31:00,4619.13,2026-09-09 12:37:29,BOM-BLR,2026-08-23
2591,SkyFareHub,IndiGo,BOM,BLR,2026-09-06,2026-08-23 15:10:00,4286.94,2026-09-09 12:37:29,BOM-BLR,2026-08-23
2592,TripEase,IndiGo,BOM,BLR,2026-09-06,2026-08-23 17:05:00,4348.31,2026-09-09 12:37:29,BOM-BLR,2026-08-23
2593,SkyFareHub,Air India,BOM,BLR,2026-09-06,2026-08-23 20:16:00,4736.29,2026-09-09 12:37:29,BOM-BLR,2026-08-23
2594,TripEase,Air India,BOM,BLR,2026-09-06,2026-08-23 20:41:00,5168.47,2026-09-09 12:37:29,BOM-BLR,2026-08-23
2595,SkyFareHub,SpiceJet,BOM,BLR,2026-09-06,2026-08-23 21:02:00,4515.35,2026-09-09 12:37:29,BOM-BLR,2026-08-23
2596,TripEase,SpiceJet,BOM,BLR,2026-09-06,2026-08-23 19:54:00,4157.44,2026-09-09 12:37:29,BOM-BLR,2026-08-23
2597,SkyFareHub,Vistara,BOM,BLR,2026-09-06,2026-08-23 20:23:00,5260.2,2026-09-09 12:37:29,BOM-BLR,2026-08-23
2598,TripEase,Vistara,BOM,BLR,2026-09-06,2026-08-23 16:23:00,5198.68,2026-09-09 12:37:29,BOM-BLR,2026-08-23
2599,SkyFareHub,Akasa Air,BOM,BLR,2026-09-06,2026-08-23 20:16:00,4180.59,2026-09-09 12:37:29,BOM-BLR,2026-08-23
2600,TripEase,Akasa Air,BOM,BLR,2026-09-06,2026-08-23 07:39:00,4607.56,2026-09-09 12:37:29,BOM-BLR,2026-08-23
2601,SkyFareHub,IndiGo,BOM,BLR,2026-09-22,2026-08-23 13:44:00,4385.39,2026-09-09 12:37:29,BOM-BLR,2026-08-23
2602,TripEase,IndiGo,BOM,BLR,2026-09-22,2026-08-23 09:18:00,4318.44,2026-09-09 12:37:29,BOM-BLR,2026-08-23
2603,SkyFareHub,Air India,BOM,BLR,2026-09-22,2026-08-23 08:14:00,4655.01,2026-09-09 12:37:29,BOM-BLR,2026-08-23
2604,TripEase,Air India,BOM,BLR,2026-09-22,2026-08-23 08:22:00,4629.36,2026-09-09 12:37:29,BOM-BLR,2026-08-23
2605,SkyFareHub,SpiceJet,BOM,BLR,2026-09-22,2026-08-23 20:06:00,4142.24,2026-09-09 12:37:29,BOM-BLR,2026-08-23
2606,TripEase,SpiceJet,BOM,BLR,2026-09-22,2026-08-23 18:49:00,4039.09,2026-09-09 12:37:29,BOM-BLR,2026-08-23
2607,SkyFareHub,Vistara,BOM,BLR,2026-09-22,2026-08-23 08:20:00,4929.14,2026-09-09 12:37:29,BOM-BLR,2026-08-23
2608,TripEase,Vistara,BOM,BLR,2026-09-22,2026-08-23 12:44:00,4953.65,2026-09-09 12:37:29,BOM-BLR,2026-08-23
2609,SkyFareHub,Akasa Air,BOM,BLR,2026-09-22,2026-08-23 20:02:00,4188.83,2026-09-09 12:37:29,BOM-BLR,2026-08-23
2610,TripEase,Akasa Air,BOM,BLR,2026-09-22,2026-08-23 10:40:00,4333.3,2026-09-09 12:37:29,BOM-BLR,2026-08-23
2611,SkyFareHub,IndiGo,DEL,MAA,2026-08-30,2026-08-23 18:03:00,6444.44,2026-09-09 12:37:29,DEL-MAA,2026-08-23
2612,TripEase,IndiGo,DEL,MAA,2026-08-30,2026-08-23 19:30:00,6742.87,2026-09-09 12:37:29,DEL-MAA,2026-08-23
2613,SkyFareHub,Air India,DEL,MAA,2026-08-30,2026-08-23 06:48:00,6808.15,2026-09-09 12:37:29,DEL-MAA,2026-08-23
2614,TripEase,Air India,DEL,MAA,2026-08-30,2026-08-23 11:05:00,7099.84,2026-09-09 12:37:29,DEL-MAA,2026-08-23
2615,SkyFareHub,SpiceJet,DEL,MAA,2026-08-30,2026-08-23 08:19:00,5976.23,2026-09-09 12:37:29,DEL-MAA,2026-08-23
2616,TripEase,SpiceJet,DEL,MAA,2026-08-30,2026-08-23 19:33:00,6408.11,2026-09-09 12:37:29,DEL-MAA,2026-08-23
2617,SkyFareHub,Vistara,DEL,MAA,2026-08-30,2026-08-23 11:53:00,7558.72,2026-09-09 12:37:29,DEL-MAA,2026-08-23
2618,TripEase,Vistara,DEL,MAA,2026-08-30,2026-08-23 19:21:00,7462.67,2026-09-09 12:37:29,DEL-MAA,2026-08-23
2619,SkyFareHub,Akasa Air,DEL,MAA,2026-08-30,2026-08-23 12:22:00,6529.61,2026-09-09 12:37:29,DEL-MAA,2026-08-23
2620,TripEase,Akasa Air,DEL,MAA,2026-08-30,2026-08-23 11:44:00,6589.3,2026-09-09 12:37:29,DEL-MAA,2026-08-23
2621,SkyFareHub,IndiGo,DEL,MAA,2026-09-06,2026-08-23 18:52:00,6602.41,2026-09-09 12:37:29,DEL-MAA,2026-08-23
2622,TripEase,IndiGo,DEL,MAA,2026-09-06,2026-08-23 12:04:00,6330.98,2026-09-09 12:37:29,DEL-MAA,2026-08-23
2623,SkyFareHub,Air India,DEL,MAA,2026-09-06,2026-08-23 10:20:00,7150.38,2026-09-09 12:37:29,DEL-MAA,2026-08-23
2624,TripEase,Air India,DEL,MAA,2026-09-06,2026-08-23 16:00:00,7220.36,2026-09-09 12:37:29,DEL-MAA,2026-08-23
2625,SkyFareHub,SpiceJet,DEL,MAA,2026-09-06,2026-08-23 10:31:00,5963.88,2026-09-09 12:37:29,DEL-MAA,2026-08-23
2626,TripEase,SpiceJet,DEL,MAA,2026-09-06,2026-08-23 19:16:00,6187.78,2026-09-09 12:37:29,DEL-MAA,2026-08-23
2627,SkyFareHub,Vistara,DEL,MAA,2026-09-06,2026-08-23 20:53:00,7236.68,2026-09-09 12:37:29,DEL-MAA,2026-08-23
2628,TripEase,Vistara,DEL,MAA,2026-09-06,2026-08-23 09:02:00,7718.91,2026-09-09 12:37:29,DEL-MAA,2026-08-23
2629,SkyFareHub,Akasa Air,DEL,MAA,2026-09-06,2026-08-23 19:44:00,6319.75,2026-09-09 12:37:29,DEL-MAA,2026-08-23
2630,TripEase,Akasa Air,DEL,MAA,2026-09-06,2026-08-23 18:13:00,6177.95,2026-09-09 12:37:29,DEL-MAA,2026-08-23
2631,SkyFareHub,IndiGo,DEL,MAA,2026-09-22,2026-08-23 06:23:00,6355.56,2026-09-09 12:37:29,DEL-MAA,2026-08-23
2632,TripEase,IndiGo,DEL,MAA,2026-09-22,2026-08-23 15:32:00,6237.11,2026-09-09 12:37:29,DEL-MAA,2026-08-23
2633,SkyFareHub,Air India,DEL,MAA,2026-09-22,2026-08-23 21:41:00,6782.98,2026-09-09 12:37:29,DEL-MAA,2026-08-23
2634,TripEase,Air India,DEL,MAA,2026-09-22,2026-08-23 17:22:00,6997.75,2026-09-09 12:37:29,DEL-MAA,2026-08-23
2635,SkyFareHub,SpiceJet,DEL,MAA,2026-09-22,2026-08-23 16:07:00,6078.33,2026-09-09 12:37:29,DEL-MAA,2026-08-23
2636,TripEase,SpiceJet,DEL,MAA,2026-09-22,2026-08-23 17:11:00,6136.81,2026-09-09 12:37:29,DEL-MAA,2026-08-23
2637,SkyFareHub,Vistara,DEL,MAA,2026-09-22,2026-08-23 19:24:00,7085.59,2026-09-09 12:37:29,DEL-MAA,2026-08-23
2638,TripEase,Vistara,DEL,MAA,2026-09-22,2026-08-23 19:40:00,7146.07,2026-09-09 12:37:29,DEL-MAA,2026-08-23
2639,SkyFareHub,Akasa Air,DEL,MAA,2026-09-22,2026-08-23 09:05:00,6012.39,2026-09-09 12:37:29,DEL-MAA,2026-08-23
2640,TripEase,Akasa Air,DEL,MAA,2026-09-22,2026-08-23 06:39:00,6078.12,2026-09-09 12:37:29,DEL-MAA,2026-08-23
2641,SkyFareHub,IndiGo,BOM,MAA,2026-08-30,2026-08-23 09:40:00,5924.2,2026-09-09 12:37:29,BOM-MAA,2026-08-23
2642,TripEase,IndiGo,BOM,MAA,2026-08-30,2026-08-23 07:42:00,5863.14,2026-09-09 12:37:29,BOM-MAA,2026-08-23
2643,SkyFareHub,Air India,BOM,MAA,2026-08-30,2026-08-23 13:49:00,6193.12,2026-09-09 12:37:29,BOM-MAA,2026-08-23
2644,TripEase,Air India,BOM,MAA,2026-08-30,2026-08-23 12:54:00,6261.51,2026-09-09 12:37:29,BOM-MAA,2026-08-23
2645,SkyFareHub,SpiceJet,BOM,MAA,2026-08-30,2026-08-23 20:26:00,5428.73,2026-09-09 12:37:29,BOM-MAA,2026-08-23
2646,TripEase,SpiceJet,BOM,MAA,2026-08-30,2026-08-23 18:00:00,5797.87,2026-09-09 12:37:29,BOM-MAA,2026-08-23
2647,SkyFareHub,Vistara,BOM,MAA,2026-08-30,2026-08-23 22:18:00,7091.06,2026-09-09 12:37:29,BOM-MAA,2026-08-23
2648,TripEase,Vistara,BOM,MAA,2026-08-30,2026-08-23 15:53:00,6678.77,2026-09-09 12:37:29,BOM-MAA,2026-08-23
2649,SkyFareHub,Akasa Air,BOM,MAA,2026-08-30,2026-08-23 13:00:00,6007.72,2026-09-09 12:37:29,BOM-MAA,2026-08-23
2650,TripEase,Akasa Air,BOM,MAA,2026-08-30,2026-08-23 06:01:00,5837.82,2026-09-09 12:37:29,BOM-MAA,2026-08-23
2651,SkyFareHub,IndiGo,BOM,MAA,2026-09-06,2026-08-23 22:52:00,5573.82,2026-09-09 12:37:29,BOM-MAA,2026-08-23
2652,TripEase,IndiGo,BOM,MAA,2026-09-06,2026-08-23 11:36:00,5825.8,2026-09-09 12:37:29,BOM-MAA,2026-08-23
2653,SkyFareHub,Air India,BOM,MAA,2026-09-06,2026-08-23 18:12:00,6389.13,2026-09-09 12:37:29,BOM-MAA,2026-08-23
2654,TripEase,Air India,BOM,MAA,2026-09-06,2026-08-23 07:51:00,6257.87,2026-09-09 12:37:29,BOM-MAA,2026-08-23
2655,SkyFareHub,SpiceJet,BOM,MAA,2026-09-06,2026-08-23 18:46:00,5655.0,2026-09-09 12:37:29,BOM-MAA,2026-08-23
2656,TripEase,SpiceJet,BOM,MAA,2026-09-06,2026-08-23 22:10:00,5478.52,2026-09-09 12:37:29,BOM-MAA,2026-08-23
2657,SkyFareHub,Vistara,BOM,MAA,2026-09-06,2026-08-23 10:32:00,6451.3,2026-09-09 12:37:29,BOM-MAA,2026-08-23
2658,TripEase,Vistara,BOM,MAA,2026-09-06,2026-08-23 18:53:00,6472.02,2026-09-09 12:37:29,BOM-MAA,2026-08-23
2659,SkyFareHub,Akasa Air,BOM,MAA,2026-09-06,2026-08-23 11:20:00,5861.89,2026-09-09 12:37:29,BOM-MAA,2026-08-23
2660,TripEase,Akasa Air,BOM,MAA,2026-09-06,2026-08-23 19:00:00,5334.66,2026-09-09 12:37:29,BOM-MAA,2026-08-23
2661,SkyFareHub,IndiGo,BOM,MAA,2026-09-22,2026-08-23 06:39:00,5676.25,2026-09-09 12:37:29,BOM-MAA,2026-08-23
2662,TripEase,IndiGo,BOM,MAA,2026-09-22,2026-08-23 08:36:00,5821.14,2026-09-09 12:37:29,BOM-MAA,2026-08-23
2663,SkyFareHub,Air India,BOM,MAA,2026-09-22,2026-08-23 10:29:00,6065.32,2026-09-09 12:37:29,BOM-MAA,2026-08-23
2664,TripEase,Air India,BOM,MAA,2026-09-22,2026-08-23 11:15:00,6199.77,2026-09-09 12:37:29,BOM-MAA,2026-08-23
2665,SkyFareHub,SpiceJet,BOM,MAA,2026-09-22,2026-08-23 12:34:00,5284.14,2026-09-09 12:37:29,BOM-MAA,2026-08-23
2666,TripEase,SpiceJet,BOM,MAA,2026-09-22,2026-08-23 18:49:00,5524.64,2026-09-09 12:37:29,BOM-MAA,2026-08-23
2667,SkyFareHub,Vistara,BOM,MAA,2026-09-22,2026-08-23 08:59:00,6129.53,2026-09-09 12:37:29,BOM-MAA,2026-08-23
2668,TripEase,Vistara,BOM,MAA,2026-09-22,2026-08-23 09:07:00,6058.51,2026-09-09 12:37:29,BOM-MAA,2026-08-23
2669,SkyFareHub,Akasa Air,BOM,MAA,2026-09-22,2026-08-23 09:09:00,5433.2,2026-09-09 12:37:29,BOM-MAA,2026-08-23
2670,TripEase,Akasa Air,BOM,MAA,2026-09-22,2026-08-23 08:04:00,5453.74,2026-09-09 12:37:29,BOM-MAA,2026-08-23
2671,SkyFareHub,IndiGo,DEL,CCU,2026-08-30,2026-08-23 12:25:00,6209.99,2026-09-09 12:37:29,DEL-CCU,2026-08-23
2672,TripEase,IndiGo,DEL,CCU,2026-08-30,2026-08-23 19:04:00,6175.89,2026-09-09 12:37:29,DEL-CCU,2026-08-23
2673,SkyFareHub,Air India,DEL,CCU,2026-08-30,2026-08-23 12:43:00,6809.9,2026-09-09 12:37:29,DEL-CCU,2026-08-23
2674,TripEase,Air India,DEL,CCU,2026-08-30,2026-08-23 20:51:00,6881.03,2026-09-09 12:37:29,DEL-CCU,2026-08-23
2675,SkyFareHub,SpiceJet,DEL,CCU,2026-08-30,2026-08-23 11:42:00,5718.5,2026-09-09 12:37:29,DEL-CCU,2026-08-23
2676,TripEase,SpiceJet,DEL,CCU,2026-08-30,2026-08-23 07:07:00,6021.86,2026-09-09 12:37:29,DEL-CCU,2026-08-23
2677,SkyFareHub,Vistara,DEL,CCU,2026-08-30,2026-08-23 21:39:00,7692.47,2026-09-09 12:37:29,DEL-CCU,2026-08-23
2678,TripEase,Vistara,DEL,CCU,2026-08-30,2026-08-23 22:47:00,7048.38,2026-09-09 12:37:29,DEL-CCU,2026-08-23
2679,SkyFareHub,Akasa Air,DEL,CCU,2026-08-30,2026-08-23 06:34:00,5819.7,2026-09-09 12:37:29,DEL-CCU,2026-08-23
2680,TripEase,Akasa Air,DEL,CCU,2026-08-30,2026-08-23 10:13:00,5849.43,2026-09-09 12:37:29,DEL-CCU,2026-08-23
2681,SkyFareHub,IndiGo,DEL,CCU,2026-09-06,2026-08-23 12:01:00,6214.54,2026-09-09 12:37:29,DEL-CCU,2026-08-23
2682,TripEase,IndiGo,DEL,CCU,2026-09-06,2026-08-23 10:17:00,5986.97,2026-09-09 12:37:29,DEL-CCU,2026-08-23
2683,SkyFareHub,Air India,DEL,CCU,2026-09-06,2026-08-23 08:22:00,6428.96,2026-09-09 12:37:29,DEL-CCU,2026-08-23
2684,TripEase,Air India,DEL,CCU,2026-09-06,2026-08-23 20:47:00,6841.94,2026-09-09 12:37:29,DEL-CCU,2026-08-23
2685,SkyFareHub,SpiceJet,DEL,CCU,2026-09-06,2026-08-23 18:59:00,5989.75,2026-09-09 12:37:29,DEL-CCU,2026-08-23
2686,TripEase,SpiceJet,DEL,CCU,2026-09-06,2026-08-23 14:25:00,5608.02,2026-09-09 12:37:29,DEL-CCU,2026-08-23
2687,SkyFareHub,Vistara,DEL,CCU,2026-09-06,2026-08-23 15:10:00,7001.72,2026-09-09 12:37:29,DEL-CCU,2026-08-23
2688,TripEase,Vistara,DEL,CCU,2026-09-06,2026-08-23 21:27:00,7462.9,2026-09-09 12:37:29,DEL-CCU,2026-08-23
2689,SkyFareHub,Akasa Air,DEL,CCU,2026-09-06,2026-08-23 14:52:00,6146.82,2026-09-09 12:37:29,DEL-CCU,2026-08-23
2690,TripEase,Akasa Air,DEL,CCU,2026-09-06,2026-08-23 18:27:00,5762.81,2026-09-09 12:37:29,DEL-CCU,2026-08-23
2691,SkyFareHub,IndiGo,DEL,CCU,2026-09-22,2026-08-23 08:28:00,5776.51,2026-09-09 12:37:29,DEL-CCU,2026-08-23
2692,TripEase,IndiGo,DEL,CCU,2026-09-22,2026-08-23 22:16:00,5646.62,2026-09-09 12:37:29,DEL-CCU,2026-08-23
2693,SkyFareHub,Air India,DEL,CCU,2026-09-22,2026-08-23 22:22:00,6415.41,2026-09-09 12:37:29,DEL-CCU,2026-08-23
2694,TripEase,Air India,DEL,CCU,2026-09-22,2026-08-23 16:27:00,6248.89,2026-09-09 12:37:29,DEL-CCU,2026-08-23
2695,SkyFareHub,SpiceJet,DEL,CCU,2026-09-22,2026-08-23 08:13:00,5757.68,2026-09-09 12:37:29,DEL-CCU,2026-08-23
2696,TripEase,SpiceJet,DEL,CCU,2026-09-22,2026-08-23 16:07:00,5701.72,2026-09-09 12:37:29,DEL-CCU,2026-08-23
2697,SkyFareHub,Vistara,DEL,CCU,2026-09-22,2026-08-23 16:13:00,6676.75,2026-09-09 12:37:29,DEL-CCU,2026-08-23
2698,TripEase,Vistara,DEL,CCU,2026-09-22,2026-08-23 13:35:00,6971.25,2026-09-09 12:37:29,DEL-CCU,2026-08-23
2699,SkyFareHub,Akasa Air,DEL,CCU,2026-09-22,2026-08-23 12:33:00,5517.25,2026-09-09 12:37:29,DEL-CCU,2026-08-23
2700,TripEase,Akasa Air,DEL,CCU,2026-09-22,2026-08-23 08:36:00,5683.75,2026-09-09 12:37:29,DEL-CCU,2026-08-23
2701,SkyFareHub,IndiGo,BLR,HYD,2026-08-30,2026-08-23 19:20:00,3942.42,2026-09-09 12:37:29,BLR-HYD,2026-08-23
2702,TripEase,IndiGo,BLR,HYD,2026-08-30,2026-08-23 07:51:00,3866.55,2026-09-09 12:37:29,BLR-HYD,2026-08-23
2703,SkyFareHub,Air India,BLR,HYD,2026-08-30,2026-08-23 14:26:00,4032.23,2026-09-09 12:37:29,BLR-HYD,2026-08-23
2704,TripEase,Air India,BLR,HYD,2026-08-30,2026-08-23 16:37:00,4008.95,2026-09-09 12:37:29,BLR-HYD,2026-08-23
2705,SkyFareHub,SpiceJet,BLR,HYD,2026-08-30,2026-08-23 15:01:00,3630.37,2026-09-09 12:37:29,BLR-HYD,2026-08-23
2706,TripEase,SpiceJet,BLR,HYD,2026-08-30,2026-08-23 06:58:00,3767.7,2026-09-09 12:37:29,BLR-HYD,2026-08-23
2707,SkyFareHub,Vistara,BLR,HYD,2026-08-30,2026-08-23 18:02:00,4304.54,2026-09-09 12:37:29,BLR-HYD,2026-08-23
2708,TripEase,Vistara,BLR,HYD,2026-08-30,2026-08-23 07:21:00,4666.39,2026-09-09 12:37:29,BLR-HYD,2026-08-23
2709,SkyFareHub,Akasa Air,BLR,HYD,2026-08-30,2026-08-23 09:53:00,3671.55,2026-09-09 12:37:29,BLR-HYD,2026-08-23
2710,TripEase,Akasa Air,BLR,HYD,2026-08-30,2026-08-23 14:20:00,3864.66,2026-09-09 12:37:29,BLR-HYD,2026-08-23
2711,SkyFareHub,IndiGo,BLR,HYD,2026-09-06,2026-08-23 16:31:00,3839.49,2026-09-09 12:37:29,BLR-HYD,2026-08-23
2712,TripEase,IndiGo,BLR,HYD,2026-09-06,2026-08-23 20:31:00,3795.09,2026-09-09 12:37:29,BLR-HYD,2026-08-23
2713,SkyFareHub,Air India,BLR,HYD,2026-09-06,2026-08-23 09:53:00,4316.75,2026-09-09 12:37:29,BLR-HYD,2026-08-23
2714,TripEase,Air India,BLR,HYD,2026-09-06,2026-08-23 06:14:00,4075.83,2026-09-09 12:37:29,BLR-HYD,2026-08-23
2715,SkyFareHub,SpiceJet,BLR,HYD,2026-09-06,2026-08-23 09:20:00,3360.32,2026-09-09 12:37:29,BLR-HYD,2026-08-23
2716,TripEase,SpiceJet,BLR,HYD,2026-09-06,2026-08-23 13:10:00,3748.39,2026-09-09 12:37:29,BLR-HYD,2026-08-23
2717,SkyFareHub,Vistara,BLR,HYD,2026-09-06,2026-08-23 17:52:00,4268.16,2026-09-09 12:37:29,BLR-HYD,2026-08-23
2718,TripEase,Vistara,BLR,HYD,2026-09-06,2026-08-23 07:16:00,4621.27,2026-09-09 12:37:29,BLR-HYD,2026-08-23
2719,SkyFareHub,Akasa Air,BLR,HYD,2026-09-06,2026-08-23 07:19:00,3683.68,2026-09-09 12:37:29,BLR-HYD,2026-08-23
2720,TripEase,Akasa Air,BLR,HYD,2026-09-06,2026-08-23 18:17:00,3509.32,2026-09-09 12:37:29,BLR-HYD,2026-08-23
2721,SkyFareHub,IndiGo,BLR,HYD,2026-09-22,2026-08-23 20:07:00,3812.18,2026-09-09 12:37:29,BLR-HYD,2026-08-23
2722,TripEase,IndiGo,BLR,HYD,2026-09-22,2026-08-23 19:40:00,3630.73,2026-09-09 12:37:29,BLR-HYD,2026-08-23
2723,SkyFareHub,Air India,BLR,HYD,2026-09-22,2026-08-23 22:15:00,3847.13,2026-09-09 12:37:29,BLR-HYD,2026-08-23
2724,TripEase,Air India,BLR,HYD,2026-09-22,2026-08-23 14:20:00,4016.43,2026-09-09 12:37:29,BLR-HYD,2026-08-23
2725,SkyFareHub,SpiceJet,BLR,HYD,2026-09-22,2026-08-23 08:16:00,3549.89,2026-09-09 12:37:29,BLR-HYD,2026-08-23
2726,TripEase,SpiceJet,BLR,HYD,2026-09-22,2026-08-23 17:35:00,3595.82,2026-09-09 12:37:29,BLR-HYD,2026-08-23
2727,SkyFareHub,Vistara,BLR,HYD,2026-09-22,2026-08-23 12:44:00,4257.72,2026-09-09 12:37:29,BLR-HYD,2026-08-23
2728,TripEase,Vistara,BLR,HYD,2026-09-22,2026-08-23 07:13:00,4186.83,2026-09-09 12:37:29,BLR-HYD,2026-08-23
2729,SkyFareHub,Akasa Air,BLR,HYD,2026-09-22,2026-08-23 18:12:00,3352.08,2026-09-09 12:37:29,BLR-HYD,2026-08-23
2730,TripEase,Akasa Air,BLR,HYD,2026-09-22,2026-08-23 22:32:00,3513.36,2026-09-09 12:37:29,BLR-HYD,2026-08-23
2731,SkyFareHub,IndiGo,DEL,BOM,2026-08-31,2026-08-24 15:45:00,5815.59,2026-09-09 12:37:29,DEL-BOM,2026-08-24
2732,TripEase,IndiGo,DEL,BOM,2026-08-31,2026-08-24 22:06:00,5432.77,2026-09-09 12:37:29,DEL-BOM,2026-08-24
2733,SkyFareHub,Air India,DEL,BOM,2026-08-31,2026-08-24 17:24:00,6112.15,2026-09-09 12:37:29,DEL-BOM,2026-08-24
2734,TripEase,Air India,DEL,BOM,2026-08-31,2026-08-24 22:12:00,6375.69,2026-09-09 12:37:29,DEL-BOM,2026-08-24
2735,SkyFareHub,SpiceJet,DEL,BOM,2026-08-31,2026-08-24 14:27:00,5309.88,2026-09-09 12:37:29,DEL-BOM,2026-08-24
2736,TripEase,SpiceJet,DEL,BOM,2026-08-31,2026-08-24 09:09:00,5087.08,2026-09-09 12:37:29,DEL-BOM,2026-08-24
2737,SkyFareHub,Vistara,DEL,BOM,2026-08-31,2026-08-24 09:15:00,6233.24,2026-09-09 12:37:29,DEL-BOM,2026-08-24
2738,TripEase,Vistara,DEL,BOM,2026-08-31,2026-08-24 14:01:00,6141.48,2026-09-09 12:37:29,DEL-BOM,2026-08-24
2739,SkyFareHub,Akasa Air,DEL,BOM,2026-08-31,2026-08-24 17:16:00,5401.54,2026-09-09 12:37:29,DEL-BOM,2026-08-24
2740,TripEase,Akasa Air,DEL,BOM,2026-08-31,2026-08-24 17:27:00,5253.16,2026-09-09 12:37:29,DEL-BOM,2026-08-24
2741,SkyFareHub,IndiGo,DEL,BOM,2026-09-07,2026-08-24 19:32:00,5329.38,2026-09-09 12:37:29,DEL-BOM,2026-08-24
2742,TripEase,IndiGo,DEL,BOM,2026-09-07,2026-08-24 17:06:00,5397.45,2026-09-09 12:37:29,DEL-BOM,2026-08-24
2743,SkyFareHub,Air India,DEL,BOM,2026-09-07,2026-08-24 19:12:00,5673.33,2026-09-09 12:37:29,DEL-BOM,2026-08-24
2744,TripEase,Air India,DEL,BOM,2026-09-07,2026-08-24 14:33:00,5796.65,2026-09-09 12:37:29,DEL-BOM,2026-08-24
2745,SkyFareHub,SpiceJet,DEL,BOM,2026-09-07,2026-08-24 09:43:00,5265.96,2026-09-09 12:37:29,DEL-BOM,2026-08-24
2746,TripEase,SpiceJet,DEL,BOM,2026-09-07,2026-08-24 09:14:00,4948.94,2026-09-09 12:37:29,DEL-BOM,2026-08-24
2747,SkyFareHub,Vistara,DEL,BOM,2026-09-07,2026-08-24 14:15:00,6268.55,2026-09-09 12:37:29,DEL-BOM,2026-08-24
2748,TripEase,Vistara,DEL,BOM,2026-09-07,2026-08-24 13:56:00,5942.86,2026-09-09 12:37:29,DEL-BOM,2026-08-24
2749,SkyFareHub,Akasa Air,DEL,BOM,2026-09-07,2026-08-24 18:25:00,5445.27,2026-09-09 12:37:29,DEL-BOM,2026-08-24
2750,TripEase,Akasa Air,DEL,BOM,2026-09-07,2026-08-24 14:31:00,5229.99,2026-09-09 12:37:29,DEL-BOM,2026-08-24
2751,SkyFareHub,IndiGo,DEL,BOM,2026-09-23,2026-08-24 17:40:00,5275.08,2026-09-09 12:37:29,DEL-BOM,2026-08-24
2752,TripEase,IndiGo,DEL,BOM,2026-09-23,2026-08-24 06:06:00,5249.69,2026-09-09 12:37:29,DEL-BOM,2026-08-24
2753,SkyFareHub,Air India,DEL,BOM,2026-09-23,2026-08-24 21:47:00,5729.61,2026-09-09 12:37:29,DEL-BOM,2026-08-24
2754,TripEase,Air India,DEL,BOM,2026-09-23,2026-08-24 13:10:00,5784.39,2026-09-09 12:37:29,DEL-BOM,2026-08-24
2755,SkyFareHub,SpiceJet,DEL,BOM,2026-09-23,2026-08-24 11:21:00,4838.71,2026-09-09 12:37:29,DEL-BOM,2026-08-24
2756,TripEase,SpiceJet,DEL,BOM,2026-09-23,2026-08-24 06:42:00,5096.56,2026-09-09 12:37:29,DEL-BOM,2026-08-24
2757,SkyFareHub,Vistara,DEL,BOM,2026-09-23,2026-08-24 11:16:00,6032.22,2026-09-09 12:37:29,DEL-BOM,2026-08-24
2758,TripEase,Vistara,DEL,BOM,2026-09-23,2026-08-24 06:38:00,6171.01,2026-09-09 12:37:29,DEL-BOM,2026-08-24
2759,SkyFareHub,Akasa Air,DEL,BOM,2026-09-23,2026-08-24 06:31:00,5080.78,2026-09-09 12:37:29,DEL-BOM,2026-08-24
2760,TripEase,Akasa Air,DEL,BOM,2026-09-23,2026-08-24 07:52:00,5295.07,2026-09-09 12:37:29,DEL-BOM,2026-08-24
2761,SkyFareHub,IndiGo,DEL,BLR,2026-08-31,2026-08-24 15:53:00,5906.2,2026-09-09 12:37:29,DEL-BLR,2026-08-24
2762,TripEase,IndiGo,DEL,BLR,2026-08-31,2026-08-24 10:49:00,5944.21,2026-09-09 12:37:29,DEL-BLR,2026-08-24
2763,SkyFareHub,Air India,DEL,BLR,2026-08-31,2026-08-24 16:28:00,6271.06,2026-09-09 12:37:29,DEL-BLR,2026-08-24
2764,TripEase,Air India,DEL,BLR,2026-08-31,2026-08-24 14:42:00,6497.49,2026-09-09 12:37:29,DEL-BLR,2026-08-24
2765,SkyFareHub,SpiceJet,DEL,BLR,2026-08-31,2026-08-24 06:52:00,5718.13,2026-09-09 12:37:29,DEL-BLR,2026-08-24
2766,TripEase,SpiceJet,DEL,BLR,2026-08-31,2026-08-24 22:49:00,5776.09,2026-09-09 12:37:29,DEL-BLR,2026-08-24
2767,SkyFareHub,Vistara,DEL,BLR,2026-08-31,2026-08-24 21:07:00,7231.07,2026-09-09 12:37:29,DEL-BLR,2026-08-24
2768,TripEase,Vistara,DEL,BLR,2026-08-31,2026-08-24 06:09:00,6865.9,2026-09-09 12:37:29,DEL-BLR,2026-08-24
2769,SkyFareHub,Akasa Air,DEL,BLR,2026-08-31,2026-08-24 10:22:00,6244.48,2026-09-09 12:37:29,DEL-BLR,2026-08-24
2770,TripEase,Akasa Air,DEL,BLR,2026-08-31,2026-08-24 19:23:00,5801.46,2026-09-09 12:37:29,DEL-BLR,2026-08-24
2771,SkyFareHub,IndiGo,DEL,BLR,2026-09-07,2026-08-24 18:40:00,5700.56,2026-09-09 12:37:29,DEL-BLR,2026-08-24
2772,TripEase,IndiGo,DEL,BLR,2026-09-07,2026-08-24 20:56:00,5719.78,2026-09-09 12:37:29,DEL-BLR,2026-08-24
2773,SkyFareHub,Air India,DEL,BLR,2026-09-07,2026-08-24 17:56:00,6390.81,2026-09-09 12:37:29,DEL-BLR,2026-08-24
2774,TripEase,Air India,DEL,BLR,2026-09-07,2026-08-24 14:19:00,6415.22,2026-09-09 12:37:29,DEL-BLR,2026-08-24
2775,SkyFareHub,SpiceJet,DEL,BLR,2026-09-07,2026-08-24 16:53:00,5575.73,2026-09-09 12:37:29,DEL-BLR,2026-08-24
2776,TripEase,SpiceJet,DEL,BLR,2026-09-07,2026-08-24 20:36:00,5717.85,2026-09-09 12:37:29,DEL-BLR,2026-08-24
2777,SkyFareHub,Vistara,DEL,BLR,2026-09-07,2026-08-24 15:07:00,7265.93,2026-09-09 12:37:29,DEL-BLR,2026-08-24
2778,TripEase,Vistara,DEL,BLR,2026-09-07,2026-08-24 10:29:00,7145.41,2026-09-09 12:37:29,DEL-BLR,2026-08-24
2779,SkyFareHub,Akasa Air,DEL,BLR,2026-09-07,2026-08-24 15:39:00,5901.36,2026-09-09 12:37:29,DEL-BLR,2026-08-24
2780,TripEase,Akasa Air,DEL,BLR,2026-09-07,2026-08-24 21:18:00,5718.62,2026-09-09 12:37:29,DEL-BLR,2026-08-24
2781,SkyFareHub,IndiGo,DEL,BLR,2026-09-23,2026-08-24 20:02:00,5518.63,2026-09-09 12:37:29,DEL-BLR,2026-08-24
2782,TripEase,IndiGo,DEL,BLR,2026-09-23,2026-08-24 09:03:00,5773.82,2026-09-09 12:37:29,DEL-BLR,2026-08-24
2783,SkyFareHub,Air India,DEL,BLR,2026-09-23,2026-08-24 17:42:00,6063.47,2026-09-09 12:37:29,DEL-BLR,2026-08-24
2784,TripEase,Air India,DEL,BLR,2026-09-23,2026-08-24 10:22:00,6253.3,2026-09-09 12:37:29,DEL-BLR,2026-08-24
2785,SkyFareHub,SpiceJet,DEL,BLR,2026-09-23,2026-08-24 22:42:00,5762.99,2026-09-09 12:37:29,DEL-BLR,2026-08-24
2786,TripEase,SpiceJet,DEL,BLR,2026-09-23,2026-08-24 08:45:00,5723.99,2026-09-09 12:37:29,DEL-BLR,2026-08-24
2787,SkyFareHub,Vistara,DEL,BLR,2026-09-23,2026-08-24 12:27:00,6736.44,2026-09-09 12:37:29,DEL-BLR,2026-08-24
2788,TripEase,Vistara,DEL,BLR,2026-09-23,2026-08-24 13:02:00,6538.31,2026-09-09 12:37:29,DEL-BLR,2026-08-24
2789,SkyFareHub,Akasa Air,DEL,BLR,2026-09-23,2026-08-24 18:27:00,5556.89,2026-09-09 12:37:29,DEL-BLR,2026-08-24
2790,TripEase,Akasa Air,DEL,BLR,2026-09-23,2026-08-24 14:58:00,5708.84,2026-09-09 12:37:29,DEL-BLR,2026-08-24
2791,SkyFareHub,IndiGo,BOM,BLR,2026-08-31,2026-08-24 19:43:00,4432.43,2026-09-09 12:37:29,BOM-BLR,2026-08-24
2792,TripEase,IndiGo,BOM,BLR,2026-08-31,2026-08-24 10:43:00,4776.58,2026-09-09 12:37:29,BOM-BLR,2026-08-24
2793,SkyFareHub,Air India,BOM,BLR,2026-08-31,2026-08-24 19:35:00,4952.41,2026-09-09 12:37:29,BOM-BLR,2026-08-24
2794,TripEase,Air India,BOM,BLR,2026-08-31,2026-08-24 15:36:00,4744.98,2026-09-09 12:37:29,BOM-BLR,2026-08-24
2795,SkyFareHub,SpiceJet,BOM,BLR,2026-08-31,2026-08-24 11:24:00,4466.34,2026-09-09 12:37:29,BOM-BLR,2026-08-24
2796,TripEase,SpiceJet,BOM,BLR,2026-08-31,2026-08-24 09:08:00,4513.02,2026-09-09 12:37:29,BOM-BLR,2026-08-24
2797,SkyFareHub,Vistara,BOM,BLR,2026-08-31,2026-08-24 22:59:00,5311.96,2026-09-09 12:37:29,BOM-BLR,2026-08-24
2798,TripEase,Vistara,BOM,BLR,2026-08-31,2026-08-24 17:27:00,5272.63,2026-09-09 12:37:29,BOM-BLR,2026-08-24
2799,SkyFareHub,Akasa Air,BOM,BLR,2026-08-31,2026-08-24 20:01:00,4530.19,2026-09-09 12:37:29,BOM-BLR,2026-08-24
2800,TripEase,Akasa Air,BOM,BLR,2026-08-31,2026-08-24 19:05:00,4439.94,2026-09-09 12:37:29,BOM-BLR,2026-08-24
2801,SkyFareHub,IndiGo,BOM,BLR,2026-09-07,2026-08-24 15:50:00,4614.63,2026-09-09 12:37:29,BOM-BLR,2026-08-24
2802,TripEase,IndiGo,BOM,BLR,2026-09-07,2026-08-24 10:39:00,4402.46,2026-09-09 12:37:29,BOM-BLR,2026-08-24
2803,SkyFareHub,Air India,BOM,BLR,2026-09-07,2026-08-24 15:03:00,4886.86,2026-09-09 12:37:29,BOM-BLR,2026-08-24
2804,TripEase,Air India,BOM,BLR,2026-09-07,2026-08-24 18:42:00,4918.82,2026-09-09 12:37:29,BOM-BLR,2026-08-24
2805,SkyFareHub,SpiceJet,BOM,BLR,2026-09-07,2026-08-24 22:29:00,4177.14,2026-09-09 12:37:29,BOM-BLR,2026-08-24
2806,TripEase,SpiceJet,BOM,BLR,2026-09-07,2026-08-24 14:53:00,4276.52,2026-09-09 12:37:29,BOM-BLR,2026-08-24
2807,SkyFareHub,Vistara,BOM,BLR,2026-09-07,2026-08-24 09:52:00,5244.51,2026-09-09 12:37:29,BOM-BLR,2026-08-24
2808,TripEase,Vistara,BOM,BLR,2026-09-07,2026-08-24 16:55:00,5073.11,2026-09-09 12:37:29,BOM-BLR,2026-08-24
2809,SkyFareHub,Akasa Air,BOM,BLR,2026-09-07,2026-08-24 22:47:00,4266.7,2026-09-09 12:37:29,BOM-BLR,2026-08-24
2810,TripEase,Akasa Air,BOM,BLR,2026-09-07,2026-08-24 22:09:00,4485.21,2026-09-09 12:37:29,BOM-BLR,2026-08-24
2811,SkyFareHub,IndiGo,BOM,BLR,2026-09-23,2026-08-24 10:14:00,4487.12,2026-09-09 12:37:29,BOM-BLR,2026-08-24
2812,TripEase,IndiGo,BOM,BLR,2026-09-23,2026-08-24 10:19:00,4517.46,2026-09-09 12:37:29,BOM-BLR,2026-08-24
2813,SkyFareHub,Air India,BOM,BLR,2026-09-23,2026-08-24 06:51:00,4801.09,2026-09-09 12:37:29,BOM-BLR,2026-08-24
2814,TripEase,Air India,BOM,BLR,2026-09-23,2026-08-24 09:04:00,4738.48,2026-09-09 12:37:29,BOM-BLR,2026-08-24
2815,SkyFareHub,SpiceJet,BOM,BLR,2026-09-23,2026-08-24 09:33:00,3987.23,2026-09-09 12:37:29,BOM-BLR,2026-08-24
2816,TripEase,SpiceJet,BOM,BLR,2026-09-23,2026-08-24 21:01:00,3920.28,2026-09-09 12:37:29,BOM-BLR,2026-08-24
2817,SkyFareHub,Vistara,BOM,BLR,2026-09-23,2026-08-24 07:59:00,5111.47,2026-09-09 12:37:29,BOM-BLR,2026-08-24
2818,TripEase,Vistara,BOM,BLR,2026-09-23,2026-08-24 11:52:00,4815.6,2026-09-09 12:37:29,BOM-BLR,2026-08-24
2819,SkyFareHub,Akasa Air,BOM,BLR,2026-09-23,2026-08-24 14:52:00,4212.02,2026-09-09 12:37:29,BOM-BLR,2026-08-24
2820,TripEase,Akasa Air,BOM,BLR,2026-09-23,2026-08-24 09:27:00,4236.08,2026-09-09 12:37:29,BOM-BLR,2026-08-24
2821,SkyFareHub,IndiGo,DEL,MAA,2026-08-31,2026-08-24 10:52:00,6206.24,2026-09-09 12:37:29,DEL-MAA,2026-08-24
2822,TripEase,IndiGo,DEL,MAA,2026-08-31,2026-08-24 22:47:00,6607.76,2026-09-09 12:37:29,DEL-MAA,2026-08-24
2823,SkyFareHub,Air India,DEL,MAA,2026-08-31,2026-08-24 21:18:00,7093.61,2026-09-09 12:37:29,DEL-MAA,2026-08-24
2824,TripEase,Air India,DEL,MAA,2026-08-31,2026-08-24 21:23:00,6817.58,2026-09-09 12:37:29,DEL-MAA,2026-08-24
2825,SkyFareHub,SpiceJet,DEL,MAA,2026-08-31,2026-08-24 09:29:00,6295.37,2026-09-09 12:37:29,DEL-MAA,2026-08-24
2826,TripEase,SpiceJet,DEL,MAA,2026-08-31,2026-08-24 06:18:00,6182.55,2026-09-09 12:37:29,DEL-MAA,2026-08-24
2827,SkyFareHub,Vistara,DEL,MAA,2026-08-31,2026-08-24 06:37:00,7571.76,2026-09-09 12:37:29,DEL-MAA,2026-08-24
2828,TripEase,Vistara,DEL,MAA,2026-08-31,2026-08-24 20:02:00,7515.06,2026-09-09 12:37:29,DEL-MAA,2026-08-24
2829,SkyFareHub,Akasa Air,DEL,MAA,2026-08-31,2026-08-24 10:29:00,6536.72,2026-09-09 12:37:29,DEL-MAA,2026-08-24
2830,TripEase,Akasa Air,DEL,MAA,2026-08-31,2026-08-24 06:10:00,6563.3,2026-09-09 12:37:29,DEL-MAA,2026-08-24
2831,SkyFareHub,IndiGo,DEL,MAA,2026-09-07,2026-08-24 22:13:00,6552.62,2026-09-09 12:37:29,DEL-MAA,2026-08-24
2832,TripEase,IndiGo,DEL,MAA,2026-09-07,2026-08-24 18:32:00,6489.75,2026-09-09 12:37:29,DEL-MAA,2026-08-24
2833,SkyFareHub,Air India,DEL,MAA,2026-09-07,2026-08-24 17:41:00,6827.42,2026-09-09 12:37:29,DEL-MAA,2026-08-24
2834,TripEase,Air India,DEL,MAA,2026-09-07,2026-08-24 10:17:00,7062.28,2026-09-09 12:37:29,DEL-MAA,2026-08-24
2835,SkyFareHub,SpiceJet,DEL,MAA,2026-09-07,2026-08-24 18:04:00,6362.64,2026-09-09 12:37:29,DEL-MAA,2026-08-24
2836,TripEase,SpiceJet,DEL,MAA,2026-09-07,2026-08-24 18:30:00,6422.41,2026-09-09 12:37:29,DEL-MAA,2026-08-24
2837,SkyFareHub,Vistara,DEL,MAA,2026-09-07,2026-08-24 22:49:00,7381.21,2026-09-09 12:37:29,DEL-MAA,2026-08-24
2838,TripEase,Vistara,DEL,MAA,2026-09-07,2026-08-24 16:37:00,7448.18,2026-09-09 12:37:29,DEL-MAA,2026-08-24
2839,SkyFareHub,Akasa Air,DEL,MAA,2026-09-07,2026-08-24 18:04:00,6465.11,2026-09-09 12:37:29,DEL-MAA,2026-08-24
2840,TripEase,Akasa Air,DEL,MAA,2026-09-07,2026-08-24 11:14:00,6197.11,2026-09-09 12:37:29,DEL-MAA,2026-08-24
2841,SkyFareHub,IndiGo,DEL,MAA,2026-09-23,2026-08-24 21:20:00,5923.58,2026-09-09 12:37:29,DEL-MAA,2026-08-24
2842,TripEase,IndiGo,DEL,MAA,2026-09-23,2026-08-24 13:06:00,6586.0,2026-09-09 12:37:29,DEL-MAA,2026-08-24
2843,SkyFareHub,Air India,DEL,MAA,2026-09-23,2026-08-24 18:48:00,6860.47,2026-09-09 12:37:29,DEL-MAA,2026-08-24
2844,TripEase,Air India,DEL,MAA,2026-09-23,2026-08-24 07:39:00,7204.6,2026-09-09 12:37:29,DEL-MAA,2026-08-24
2845,SkyFareHub,SpiceJet,DEL,MAA,2026-09-23,2026-08-24 08:28:00,5676.2,2026-09-09 12:37:29,DEL-MAA,2026-08-24
2846,TripEase,SpiceJet,DEL,MAA,2026-09-23,2026-08-24 06:59:00,6124.3,2026-09-09 12:37:29,DEL-MAA,2026-08-24
2847,SkyFareHub,Vistara,DEL,MAA,2026-09-23,2026-08-24 20:24:00,6857.49,2026-09-09 12:37:29,DEL-MAA,2026-08-24
2848,TripEase,Vistara,DEL,MAA,2026-09-23,2026-08-24 12:12:00,7063.25,2026-09-09 12:37:29,DEL-MAA,2026-08-24
2849,SkyFareHub,Akasa Air,DEL,MAA,2026-09-23,2026-08-24 15:14:00,5942.78,2026-09-09 12:37:29,DEL-MAA,2026-08-24
2850,TripEase,Akasa Air,DEL,MAA,2026-09-23,2026-08-24 22:51:00,5817.23,2026-09-09 12:37:29,DEL-MAA,2026-08-24
2851,SkyFareHub,IndiGo,BOM,MAA,2026-08-31,2026-08-24 06:40:00,5862.99,2026-09-09 12:37:29,BOM-MAA,2026-08-24
2852,TripEase,IndiGo,BOM,MAA,2026-08-31,2026-08-24 07:51:00,5946.37,2026-09-09 12:37:29,BOM-MAA,2026-08-24
2853,SkyFareHub,Air India,BOM,MAA,2026-08-31,2026-08-24 19:36:00,5971.77,2026-09-09 12:37:29,BOM-MAA,2026-08-24
2854,TripEase,Air India,BOM,MAA,2026-08-31,2026-08-24 11:43:00,6203.17,2026-09-09 12:37:29,BOM-MAA,2026-08-24
2855,SkyFareHub,SpiceJet,BOM,MAA,2026-08-31,2026-08-24 22:31:00,5819.2,2026-09-09 12:37:29,BOM-MAA,2026-08-24
2856,TripEase,SpiceJet,BOM,MAA,2026-08-31,2026-08-24 21:32:00,5342.77,2026-09-09 12:37:29,BOM-MAA,2026-08-24
2857,SkyFareHub,Vistara,BOM,MAA,2026-08-31,2026-08-24 10:51:00,6721.61,2026-09-09 12:37:29,BOM-MAA,2026-08-24
2858,TripEase,Vistara,BOM,MAA,2026-08-31,2026-08-24 18:55:00,6490.28,2026-09-09 12:37:29,BOM-MAA,2026-08-24
2859,SkyFareHub,Akasa Air,BOM,MAA,2026-08-31,2026-08-24 22:19:00,5356.69,2026-09-09 12:37:29,BOM-MAA,2026-08-24
2860,TripEase,Akasa Air,BOM,MAA,2026-08-31,2026-08-24 07:38:00,5514.13,2026-09-09 12:37:29,BOM-MAA,2026-08-24
2861,SkyFareHub,IndiGo,BOM,MAA,2026-09-07,2026-08-24 15:59:00,5642.16,2026-09-09 12:37:29,BOM-MAA,2026-08-24
2862,TripEase,IndiGo,BOM,MAA,2026-09-07,2026-08-24 17:04:00,5903.15,2026-09-09 12:37:29,BOM-MAA,2026-08-24
2863,SkyFareHub,Air India,BOM,MAA,2026-09-07,2026-08-24 15:04:00,6310.31,2026-09-09 12:37:29,BOM-MAA,2026-08-24
2864,TripEase,Air India,BOM,MAA,2026-09-07,2026-08-24 22:59:00,6172.58,2026-09-09 12:37:29,BOM-MAA,2026-08-24
2865,SkyFareHub,SpiceJet,BOM,MAA,2026-09-07,2026-08-24 07:34:00,5486.76,2026-09-09 12:37:29,BOM-MAA,2026-08-24
2866,TripEase,SpiceJet,BOM,MAA,2026-09-07,2026-08-24 21:59:00,5458.27,2026-09-09 12:37:29,BOM-MAA,2026-08-24
2867,SkyFareHub,Vistara,BOM,MAA,2026-09-07,2026-08-24 06:02:00,6785.27,2026-09-09 12:37:29,BOM-MAA,2026-08-24
2868,TripEase,Vistara,BOM,MAA,2026-09-07,2026-08-24 16:56:00,6475.84,2026-09-09 12:37:29,BOM-MAA,2026-08-24
2869,SkyFareHub,Akasa Air,BOM,MAA,2026-09-07,2026-08-24 16:59:00,5612.95,2026-09-09 12:37:29,BOM-MAA,2026-08-24
2870,TripEase,Akasa Air,BOM,MAA,2026-09-07,2026-08-24 07:15:00,5870.09,2026-09-09 12:37:29,BOM-MAA,2026-08-24
2871,SkyFareHub,IndiGo,BOM,MAA,2026-09-23,2026-08-24 07:22:00,5698.43,2026-09-09 12:37:29,BOM-MAA,2026-08-24
2872,TripEase,IndiGo,BOM,MAA,2026-09-23,2026-08-24 08:56:00,5965.23,2026-09-09 12:37:29,BOM-MAA,2026-08-24
2873,SkyFareHub,Air India,BOM,MAA,2026-09-23,2026-08-24 14:46:00,6233.43,2026-09-09 12:37:29,BOM-MAA,2026-08-24
2874,TripEase,Air India,BOM,MAA,2026-09-23,2026-08-24 22:14:00,5656.38,2026-09-09 12:37:29,BOM-MAA,2026-08-24
2875,SkyFareHub,SpiceJet,BOM,MAA,2026-09-23,2026-08-24 15:50:00,5360.82,2026-09-09 12:37:29,BOM-MAA,2026-08-24
2876,TripEase,SpiceJet,BOM,MAA,2026-09-23,2026-08-24 06:59:00,5618.02,2026-09-09 12:37:29,BOM-MAA,2026-08-24
2877,SkyFareHub,Vistara,BOM,MAA,2026-09-23,2026-08-24 12:34:00,6315.11,2026-09-09 12:37:29,BOM-MAA,2026-08-24
2878,TripEase,Vistara,BOM,MAA,2026-09-23,2026-08-24 06:35:00,6447.54,2026-09-09 12:37:29,BOM-MAA,2026-08-24
2879,SkyFareHub,Akasa Air,BOM,MAA,2026-09-23,2026-08-24 18:44:00,5386.16,2026-09-09 12:37:29,BOM-MAA,2026-08-24
2880,TripEase,Akasa Air,BOM,MAA,2026-09-23,2026-08-24 10:07:00,5333.47,2026-09-09 12:37:29,BOM-MAA,2026-08-24
2881,SkyFareHub,IndiGo,DEL,CCU,2026-08-31,2026-08-24 17:22:00,6396.05,2026-09-09 12:37:29,DEL-CCU,2026-08-24
2882,TripEase,IndiGo,DEL,CCU,2026-08-31,2026-08-24 07:15:00,6099.86,2026-09-09 12:37:29,DEL-CCU,2026-08-24
2883,SkyFareHub,Air India,DEL,CCU,2026-08-31,2026-08-24 13:26:00,6670.54,2026-09-09 12:37:29,DEL-CCU,2026-08-24
2884,TripEase,Air India,DEL,CCU,2026-08-31,2026-08-24 07:51:00,7072.03,2026-09-09 12:37:29,DEL-CCU,2026-08-24
2885,SkyFareHub,SpiceJet,DEL,CCU,2026-08-31,2026-08-24 07:04:00,5810.96,2026-09-09 12:37:29,DEL-CCU,2026-08-24
2886,TripEase,SpiceJet,DEL,CCU,2026-08-31,2026-08-24 15:02:00,5730.24,2026-09-09 12:37:29,DEL-CCU,2026-08-24
2887,SkyFareHub,Vistara,DEL,CCU,2026-08-31,2026-08-24 13:18:00,7156.28,2026-09-09 12:37:29,DEL-CCU,2026-08-24
2888,TripEase,Vistara,DEL,CCU,2026-08-31,2026-08-24 09:42:00,6961.15,2026-09-09 12:37:29,DEL-CCU,2026-08-24
2889,SkyFareHub,Akasa Air,DEL,CCU,2026-08-31,2026-08-24 12:31:00,5791.87,2026-09-09 12:37:29,DEL-CCU,2026-08-24
2890,TripEase,Akasa Air,DEL,CCU,2026-08-31,2026-08-24 13:28:00,6303.8,2026-09-09 12:37:29,DEL-CCU,2026-08-24
2891,SkyFareHub,IndiGo,DEL,CCU,2026-09-07,2026-08-24 15:55:00,6457.91,2026-09-09 12:37:29,DEL-CCU,2026-08-24
2892,TripEase,IndiGo,DEL,CCU,2026-09-07,2026-08-24 14:20:00,6274.52,2026-09-09 12:37:29,DEL-CCU,2026-08-24
2893,SkyFareHub,Air India,DEL,CCU,2026-09-07,2026-08-24 07:22:00,6790.7,2026-09-09 12:37:29,DEL-CCU,2026-08-24
2894,TripEase,Air India,DEL,CCU,2026-09-07,2026-08-24 21:17:00,6980.08,2026-09-09 12:37:29,DEL-CCU,2026-08-24
2895,SkyFareHub,SpiceJet,DEL,CCU,2026-09-07,2026-08-24 22:14:00,5826.15,2026-09-09 12:37:29,DEL-CCU,2026-08-24
2896,TripEase,SpiceJet,DEL,CCU,2026-09-07,2026-08-24 09:23:00,5806.01,2026-09-09 12:37:29,DEL-CCU,2026-08-24
2897,SkyFareHub,Vistara,DEL,CCU,2026-09-07,2026-08-24 07:15:00,7367.77,2026-09-09 12:37:29,DEL-CCU,2026-08-24
2898,TripEase,Vistara,DEL,CCU,2026-09-07,2026-08-24 20:07:00,7293.7,2026-09-09 12:37:29,DEL-CCU,2026-08-24
2899,SkyFareHub,Akasa Air,DEL,CCU,2026-09-07,2026-08-24 14:17:00,5894.08,2026-09-09 12:37:29,DEL-CCU,2026-08-24
2900,TripEase,Akasa Air,DEL,CCU,2026-09-07,2026-08-24 08:03:00,5973.32,2026-09-09 12:37:29,DEL-CCU,2026-08-24
2901,SkyFareHub,IndiGo,DEL,CCU,2026-09-23,2026-08-24 21:01:00,5918.4,2026-09-09 12:37:29,DEL-CCU,2026-08-24
2902,TripEase,IndiGo,DEL,CCU,2026-09-23,2026-08-24 07:14:00,6117.03,2026-09-09 12:37:29,DEL-CCU,2026-08-24
2903,SkyFareHub,Air India,DEL,CCU,2026-09-23,2026-08-24 19:34:00,6188.99,2026-09-09 12:37:29,DEL-CCU,2026-08-24
2904,TripEase,Air India,DEL,CCU,2026-09-23,2026-08-24 17:59:00,6156.45,2026-09-09 12:37:29,DEL-CCU,2026-08-24
2905,SkyFareHub,SpiceJet,DEL,CCU,2026-09-23,2026-08-24 16:59:00,5507.01,2026-09-09 12:37:29,DEL-CCU,2026-08-24
2906,TripEase,SpiceJet,DEL,CCU,2026-09-23,2026-08-24 12:48:00,5753.77,2026-09-09 12:37:29,DEL-CCU,2026-08-24
2907,SkyFareHub,Vistara,DEL,CCU,2026-09-23,2026-08-24 19:55:00,6715.46,2026-09-09 12:37:29,DEL-CCU,2026-08-24
2908,TripEase,Vistara,DEL,CCU,2026-09-23,2026-08-24 07:51:00,6937.23,2026-09-09 12:37:29,DEL-CCU,2026-08-24
2909,SkyFareHub,Akasa Air,DEL,CCU,2026-09-23,2026-08-24 15:54:00,5584.75,2026-09-09 12:37:29,DEL-CCU,2026-08-24
2910,TripEase,Akasa Air,DEL,CCU,2026-09-23,2026-08-24 19:36:00,6045.3,2026-09-09 12:37:29,DEL-CCU,2026-08-24
2911,SkyFareHub,IndiGo,BLR,HYD,2026-08-31,2026-08-24 14:10:00,3977.16,2026-09-09 12:37:29,BLR-HYD,2026-08-24
2912,TripEase,IndiGo,BLR,HYD,2026-08-31,2026-08-24 13:08:00,3981.72,2026-09-09 12:37:29,BLR-HYD,2026-08-24
2913,SkyFareHub,Air India,BLR,HYD,2026-08-31,2026-08-24 14:05:00,4236.24,2026-09-09 12:37:29,BLR-HYD,2026-08-24
2914,TripEase,Air India,BLR,HYD,2026-08-31,2026-08-24 15:21:00,4388.85,2026-09-09 12:37:29,BLR-HYD,2026-08-24
2915,SkyFareHub,SpiceJet,BLR,HYD,2026-08-31,2026-08-24 14:23:00,3574.79,2026-09-09 12:37:29,BLR-HYD,2026-08-24
2916,TripEase,SpiceJet,BLR,HYD,2026-08-31,2026-08-24 06:07:00,3532.86,2026-09-09 12:37:29,BLR-HYD,2026-08-24
2917,SkyFareHub,Vistara,BLR,HYD,2026-08-31,2026-08-24 14:54:00,4399.04,2026-09-09 12:37:29,BLR-HYD,2026-08-24
2918,TripEase,Vistara,BLR,HYD,2026-08-31,2026-08-24 20:00:00,4301.11,2026-09-09 12:37:29,BLR-HYD,2026-08-24
2919,SkyFareHub,Akasa Air,BLR,HYD,2026-08-31,2026-08-24 21:40:00,3826.45,2026-09-09 12:37:29,BLR-HYD,2026-08-24
2920,TripEase,Akasa Air,BLR,HYD,2026-08-31,2026-08-24 07:37:00,3771.77,2026-09-09 12:37:29,BLR-HYD,2026-08-24
2921,SkyFareHub,IndiGo,BLR,HYD,2026-09-07,2026-08-24 16:04:00,3875.23,2026-09-09 12:37:29,BLR-HYD,2026-08-24
2922,TripEase,IndiGo,BLR,HYD,2026-09-07,2026-08-24 14:16:00,3719.8,2026-09-09 12:37:29,BLR-HYD,2026-08-24
2923,SkyFareHub,Air India,BLR,HYD,2026-09-07,2026-08-24 11:09:00,4125.7,2026-09-09 12:37:29,BLR-HYD,2026-08-24
2924,TripEase,Air India,BLR,HYD,2026-09-07,2026-08-24 13:07:00,4256.38,2026-09-09 12:37:29,BLR-HYD,2026-08-24
2925,SkyFareHub,SpiceJet,BLR,HYD,2026-09-07,2026-08-24 22:55:00,3579.6,2026-09-09 12:37:29,BLR-HYD,2026-08-24
2926,TripEase,SpiceJet,BLR,HYD,2026-09-07,2026-08-24 13:03:00,3546.6,2026-09-09 12:37:29,BLR-HYD,2026-08-24
2927,SkyFareHub,Vistara,BLR,HYD,2026-09-07,2026-08-24 14:01:00,4648.26,2026-09-09 12:37:29,BLR-HYD,2026-08-24
2928,TripEase,Vistara,BLR,HYD,2026-09-07,2026-08-24 17:34:00,4517.7,2026-09-09 12:37:29,BLR-HYD,2026-08-24
2929,SkyFareHub,Akasa Air,BLR,HYD,2026-09-07,2026-08-24 17:06:00,3765.62,2026-09-09 12:37:29,BLR-HYD,2026-08-24
2930,TripEase,Akasa Air,BLR,HYD,2026-09-07,2026-08-24 22:04:00,3542.39,2026-09-09 12:37:29,BLR-HYD,2026-08-24
2931,SkyFareHub,IndiGo,BLR,HYD,2026-09-23,2026-08-24 17:53:00,3552.55,2026-09-09 12:37:29,BLR-HYD,2026-08-24
2932,TripEase,IndiGo,BLR,HYD,2026-09-23,2026-08-24 19:56:00,3744.27,2026-09-09 12:37:29,BLR-HYD,2026-08-24
2933,SkyFareHub,Air India,BLR,HYD,2026-09-23,2026-08-24 17:21:00,3779.8,2026-09-09 12:37:29,BLR-HYD,2026-08-24
2934,TripEase,Air India,BLR,HYD,2026-09-23,2026-08-24 17:30:00,4206.55,2026-09-09 12:37:29,BLR-HYD,2026-08-24
2935,SkyFareHub,SpiceJet,BLR,HYD,2026-09-23,2026-08-24 06:10:00,3564.97,2026-09-09 12:37:29,BLR-HYD,2026-08-24
2936,TripEase,SpiceJet,BLR,HYD,2026-09-23,2026-08-24 10:58:00,3404.23,2026-09-09 12:37:29,BLR-HYD,2026-08-24
2937,SkyFareHub,Vistara,BLR,HYD,2026-09-23,2026-08-24 12:51:00,4149.41,2026-09-09 12:37:29,BLR-HYD,2026-08-24
2938,TripEase,Vistara,BLR,HYD,2026-09-23,2026-08-24 22:50:00,4209.83,2026-09-09 12:37:29,BLR-HYD,2026-08-24
2939,SkyFareHub,Akasa Air,BLR,HYD,2026-09-23,2026-08-24 12:24:00,3547.93,2026-09-09 12:37:29,BLR-HYD,2026-08-24
2940,TripEase,Akasa Air,BLR,HYD,2026-09-23,2026-08-24 10:24:00,3552.39,2026-09-09 12:37:29,BLR-HYD,2026-08-24
2941,SkyFareHub,IndiGo,DEL,BOM,2026-09-01,2026-08-25 08:59:00,5747.27,2026-09-09 12:37:29,DEL-BOM,2026-08-25
2942,TripEase,IndiGo,DEL,BOM,2026-09-01,2026-08-25 19:34:00,5821.75,2026-09-09 12:37:29,DEL-BOM,2026-08-25
2943,SkyFareHub,Air India,DEL,BOM,2026-09-01,2026-08-25 22:51:00,6264.53,2026-09-09 12:37:29,DEL-BOM,2026-08-25
2944,TripEase,Air India,DEL,BOM,2026-09-01,2026-08-25 22:33:00,5800.22,2026-09-09 12:37:29,DEL-BOM,2026-08-25
2945,SkyFareHub,SpiceJet,DEL,BOM,2026-09-01,2026-08-25 15:58:00,5202.65,2026-09-09 12:37:29,DEL-BOM,2026-08-25
2946,TripEase,SpiceJet,DEL,BOM,2026-09-01,2026-08-25 17:14:00,5110.8,2026-09-09 12:37:29,DEL-BOM,2026-08-25
2947,SkyFareHub,Vistara,DEL,BOM,2026-09-01,2026-08-25 09:44:00,6489.97,2026-09-09 12:37:29,DEL-BOM,2026-08-25
2948,TripEase,Vistara,DEL,BOM,2026-09-01,2026-08-25 19:23:00,6373.79,2026-09-09 12:37:29,DEL-BOM,2026-08-25
2949,SkyFareHub,Akasa Air,DEL,BOM,2026-09-01,2026-08-25 08:58:00,5250.31,2026-09-09 12:37:29,DEL-BOM,2026-08-25
2950,TripEase,Akasa Air,DEL,BOM,2026-09-01,2026-08-25 13:28:00,5347.9,2026-09-09 12:37:29,DEL-BOM,2026-08-25
2951,SkyFareHub,IndiGo,DEL,BOM,2026-09-08,2026-08-25 10:59:00,5537.65,2026-09-09 12:37:29,DEL-BOM,2026-08-25
2952,TripEase,IndiGo,DEL,BOM,2026-09-08,2026-08-25 19:43:00,5608.65,2026-09-09 12:37:29,DEL-BOM,2026-08-25
2953,SkyFareHub,Air India,DEL,BOM,2026-09-08,2026-08-25 14:50:00,5852.21,2026-09-09 12:37:29,DEL-BOM,2026-08-25
2954,TripEase,Air India,DEL,BOM,2026-09-08,2026-08-25 08:26:00,5773.27,2026-09-09 12:37:29,DEL-BOM,2026-08-25
2955,SkyFareHub,SpiceJet,DEL,BOM,2026-09-08,2026-08-25 21:40:00,5344.31,2026-09-09 12:37:29,DEL-BOM,2026-08-25
2956,TripEase,SpiceJet,DEL,BOM,2026-09-08,2026-08-25 11:56:00,5290.62,2026-09-09 12:37:29,DEL-BOM,2026-08-25
2957,SkyFareHub,Vistara,DEL,BOM,2026-09-08,2026-08-25 19:16:00,6176.25,2026-09-09 12:37:29,DEL-BOM,2026-08-25
2958,TripEase,Vistara,DEL,BOM,2026-09-08,2026-08-25 21:47:00,6540.58,2026-09-09 12:37:29,DEL-BOM,2026-08-25
2959,SkyFareHub,Akasa Air,DEL,BOM,2026-09-08,2026-08-25 19:01:00,5283.78,2026-09-09 12:37:29,DEL-BOM,2026-08-25
2960,TripEase,Akasa Air,DEL,BOM,2026-09-08,2026-08-25 10:32:00,5573.8,2026-09-09 12:37:29,DEL-BOM,2026-08-25
2961,SkyFareHub,IndiGo,DEL,BOM,2026-09-24,2026-08-25 19:22:00,5609.51,2026-09-09 12:37:29,DEL-BOM,2026-08-25
2962,TripEase,IndiGo,DEL,BOM,2026-09-24,2026-08-25 13:45:00,5224.06,2026-09-09 12:37:29,DEL-BOM,2026-08-25
2963,SkyFareHub,Air India,DEL,BOM,2026-09-24,2026-08-25 16:37:00,5594.11,2026-09-09 12:37:29,DEL-BOM,2026-08-25
2964,TripEase,Air India,DEL,BOM,2026-09-24,2026-08-25 07:04:00,5660.11,2026-09-09 12:37:29,DEL-BOM,2026-08-25
2965,SkyFareHub,SpiceJet,DEL,BOM,2026-09-24,2026-08-25 20:58:00,5106.31,2026-09-09 12:37:29,DEL-BOM,2026-08-25
2966,TripEase,SpiceJet,DEL,BOM,2026-09-24,2026-08-25 19:18:00,5001.69,2026-09-09 12:37:29,DEL-BOM,2026-08-25
2967,SkyFareHub,Vistara,DEL,BOM,2026-09-24,2026-08-25 11:46:00,6317.27,2026-09-09 12:37:29,DEL-BOM,2026-08-25
2968,TripEase,Vistara,DEL,BOM,2026-09-24,2026-08-25 22:05:00,6400.7,2026-09-09 12:37:29,DEL-BOM,2026-08-25
2969,SkyFareHub,Akasa Air,DEL,BOM,2026-09-24,2026-08-25 17:43:00,4864.21,2026-09-09 12:37:29,DEL-BOM,2026-08-25
2970,TripEase,Akasa Air,DEL,BOM,2026-09-24,2026-08-25 20:11:00,5184.49,2026-09-09 12:37:29,DEL-BOM,2026-08-25
2971,SkyFareHub,IndiGo,DEL,BLR,2026-09-01,2026-08-25 09:14:00,6123.75,2026-09-09 12:37:29,DEL-BLR,2026-08-25
2972,TripEase,IndiGo,DEL,BLR,2026-09-01,2026-08-25 22:57:00,5930.64,2026-09-09 12:37:29,DEL-BLR,2026-08-25
2973,SkyFareHub,Air India,DEL,BLR,2026-09-01,2026-08-25 19:18:00,6590.84,2026-09-09 12:37:29,DEL-BLR,2026-08-25
2974,TripEase,Air India,DEL,BLR,2026-09-01,2026-08-25 11:09:00,6409.59,2026-09-09 12:37:29,DEL-BLR,2026-08-25
2975,SkyFareHub,SpiceJet,DEL,BLR,2026-09-01,2026-08-25 12:27:00,5725.5,2026-09-09 12:37:29,DEL-BLR,2026-08-25
2976,TripEase,SpiceJet,DEL,BLR,2026-09-01,2026-08-25 16:06:00,5817.92,2026-09-09 12:37:29,DEL-BLR,2026-08-25
2977,SkyFareHub,Vistara,DEL,BLR,2026-09-01,2026-08-25 15:17:00,6774.51,2026-09-09 12:37:29,DEL-BLR,2026-08-25
2978,TripEase,Vistara,DEL,BLR,2026-09-01,2026-08-25 11:18:00,6876.9,2026-09-09 12:37:29,DEL-BLR,2026-08-25
2979,SkyFareHub,Akasa Air,DEL,BLR,2026-09-01,2026-08-25 09:59:00,6026.98,2026-09-09 12:37:29,DEL-BLR,2026-08-25
2980,TripEase,Akasa Air,DEL,BLR,2026-09-01,2026-08-25 09:13:00,5699.56,2026-09-09 12:37:29,DEL-BLR,2026-08-25
2981,SkyFareHub,IndiGo,DEL,BLR,2026-09-08,2026-08-25 11:01:00,6029.1,2026-09-09 12:37:29,DEL-BLR,2026-08-25
2982,TripEase,IndiGo,DEL,BLR,2026-09-08,2026-08-25 12:00:00,5882.44,2026-09-09 12:37:29,DEL-BLR,2026-08-25
2983,SkyFareHub,Air India,DEL,BLR,2026-09-08,2026-08-25 17:13:00,6600.34,2026-09-09 12:37:29,DEL-BLR,2026-08-25
2984,TripEase,Air India,DEL,BLR,2026-09-08,2026-08-25 19:46:00,6542.05,2026-09-09 12:37:29,DEL-BLR,2026-08-25
2985,SkyFareHub,SpiceJet,DEL,BLR,2026-09-08,2026-08-25 20:18:00,5547.85,2026-09-09 12:37:29,DEL-BLR,2026-08-25
2986,TripEase,SpiceJet,DEL,BLR,2026-09-08,2026-08-25 09:28:00,5965.49,2026-09-09 12:37:29,DEL-BLR,2026-08-25
2987,SkyFareHub,Vistara,DEL,BLR,2026-09-08,2026-08-25 08:55:00,7112.97,2026-09-09 12:37:29,DEL-BLR,2026-08-25
2988,TripEase,Vistara,DEL,BLR,2026-09-08,2026-08-25 09:22:00,6608.82,2026-09-09 12:37:29,DEL-BLR,2026-08-25
2989,SkyFareHub,Akasa Air,DEL,BLR,2026-09-08,2026-08-25 13:46:00,6047.61,2026-09-09 12:37:29,DEL-BLR,2026-08-25
2990,TripEase,Akasa Air,DEL,BLR,2026-09-08,2026-08-25 16:17:00,5502.8,2026-09-09 12:37:29,DEL-BLR,2026-08-25
2991,SkyFareHub,IndiGo,DEL,BLR,2026-09-24,2026-08-25 08:45:00,5863.77,2026-09-09 12:37:29,DEL-BLR,2026-08-25
2992,TripEase,IndiGo,DEL,BLR,2026-09-24,2026-08-25 07:27:00,6027.21,2026-09-09 12:37:29,DEL-BLR,2026-08-25
2993,SkyFareHub,Air India,DEL,BLR,2026-09-24,2026-08-25 22:20:00,6144.42,2026-09-09 12:37:29,DEL-BLR,2026-08-25
2994,TripEase,Air India,DEL,BLR,2026-09-24,2026-08-25 07:40:00,6134.27,2026-09-09 12:37:29,DEL-BLR,2026-08-25
2995,SkyFareHub,SpiceJet,DEL,BLR,2026-09-24,2026-08-25 18:55:00,5485.29,2026-09-09 12:37:29,DEL-BLR,2026-08-25
2996,TripEase,SpiceJet,DEL,BLR,2026-09-24,2026-08-25 14:30:00,5766.0,2026-09-09 12:37:29,DEL-BLR,2026-08-25
2997,SkyFareHub,Vistara,DEL,BLR,2026-09-24,2026-08-25 21:18:00,6613.45,2026-09-09 12:37:29,DEL-BLR,2026-08-25
2998,TripEase,Vistara,DEL,BLR,2026-09-24,2026-08-25 08:33:00,6531.25,2026-09-09 12:37:29,DEL-BLR,2026-08-25
2999,SkyFareHub,Akasa Air,DEL,BLR,2026-09-24,2026-08-25 06:27:00,5874.36,2026-09-09 12:37:29,DEL-BLR,2026-08-25
3000,TripEase,Akasa Air,DEL,BLR,2026-09-24,2026-08-25 12:45:00,5453.89,2026-09-09 12:37:29,DEL-BLR,2026-08-25
3001,SkyFareHub,IndiGo,BOM,BLR,2026-09-01,2026-08-25 14:39:00,4425.54,2026-09-09 12:37:29,BOM-BLR,2026-08-25
3002,TripEase,IndiGo,BOM,BLR,2026-09-01,2026-08-25 17:30:00,4544.78,2026-09-09 12:37:29,BOM-BLR,2026-08-25
3003,SkyFareHub,Air India,BOM,BLR,2026-09-01,2026-08-25 15:53:00,5077.19,2026-09-09 12:37:29,BOM-BLR,2026-08-25
3004,TripEase,Air India,BOM,BLR,2026-09-01,2026-08-25 21:31:00,4763.5,2026-09-09 12:37:29,BOM-BLR,2026-08-25
3005,SkyFareHub,SpiceJet,BOM,BLR,2026-09-01,2026-08-25 17:34:00,4412.16,2026-09-09 12:37:29,BOM-BLR,2026-08-25
3006,TripEase,SpiceJet,BOM,BLR,2026-09-01,2026-08-25 09:56:00,4225.64,2026-09-09 12:37:29,BOM-BLR,2026-08-25
3007,SkyFareHub,Vistara,BOM,BLR,2026-09-01,2026-08-25 19:28:00,5500.17,2026-09-09 12:37:29,BOM-BLR,2026-08-25
3008,TripEase,Vistara,BOM,BLR,2026-09-01,2026-08-25 09:11:00,5228.18,2026-09-09 12:37:29,BOM-BLR,2026-08-25
3009,SkyFareHub,Akasa Air,BOM,BLR,2026-09-01,2026-08-25 09:22:00,4367.94,2026-09-09 12:37:29,BOM-BLR,2026-08-25
3010,TripEase,Akasa Air,BOM,BLR,2026-09-01,2026-08-25 21:53:00,4552.76,2026-09-09 12:37:29,BOM-BLR,2026-08-25
3011,SkyFareHub,IndiGo,BOM,BLR,2026-09-08,2026-08-25 19:43:00,4607.49,2026-09-09 12:37:29,BOM-BLR,2026-08-25
3012,TripEase,IndiGo,BOM,BLR,2026-09-08,2026-08-25 22:13:00,4348.77,2026-09-09 12:37:29,BOM-BLR,2026-08-25
3013,SkyFareHub,Air India,BOM,BLR,2026-09-08,2026-08-25 07:35:00,5094.82,2026-09-09 12:37:29,BOM-BLR,2026-08-25
3014,TripEase,Air India,BOM,BLR,2026-09-08,2026-08-25 16:26:00,4896.92,2026-09-09 12:37:29,BOM-BLR,2026-08-25
3015,SkyFareHub,SpiceJet,BOM,BLR,2026-09-08,2026-08-25 18:16:00,4223.61,2026-09-09 12:37:29,BOM-BLR,2026-08-25
3016,TripEase,SpiceJet,BOM,BLR,2026-09-08,2026-08-25 13:21:00,4357.28,2026-09-09 12:37:29,BOM-BLR,2026-08-25
3017,SkyFareHub,Vistara,BOM,BLR,2026-09-08,2026-08-25 20:26:00,5091.12,2026-09-09 12:37:29,BOM-BLR,2026-08-25
3018,TripEase,Vistara,BOM,BLR,2026-09-08,2026-08-25 12:49:00,5177.05,2026-09-09 12:37:29,BOM-BLR,2026-08-25
3019,SkyFareHub,Akasa Air,BOM,BLR,2026-09-08,2026-08-25 16:08:00,4526.75,2026-09-09 12:37:29,BOM-BLR,2026-08-25
3020,TripEase,Akasa Air,BOM,BLR,2026-09-08,2026-08-25 06:51:00,4276.58,2026-09-09 12:37:29,BOM-BLR,2026-08-25
3021,SkyFareHub,IndiGo,BOM,BLR,2026-09-24,2026-08-25 16:58:00,4383.69,2026-09-09 12:37:29,BOM-BLR,2026-08-25
3022,TripEase,IndiGo,BOM,BLR,2026-09-24,2026-08-25 08:41:00,4370.7,2026-09-09 12:37:29,BOM-BLR,2026-08-25
3023,SkyFareHub,Air India,BOM,BLR,2026-09-24,2026-08-25 12:10:00,4449.54,2026-09-09 12:37:29,BOM-BLR,2026-08-25
3024,TripEase,Air India,BOM,BLR,2026-09-24,2026-08-25 13:18:00,4798.42,2026-09-09 12:37:29,BOM-BLR,2026-08-25
3025,SkyFareHub,SpiceJet,BOM,BLR,2026-09-24,2026-08-25 16:26:00,4336.44,2026-09-09 12:37:29,BOM-BLR,2026-08-25
3026,TripEase,SpiceJet,BOM,BLR,2026-09-24,2026-08-25 06:02:00,4098.71,2026-09-09 12:37:29,BOM-BLR,2026-08-25
3027,SkyFareHub,Vistara,BOM,BLR,2026-09-24,2026-08-25 22:06:00,5220.36,2026-09-09 12:37:29,BOM-BLR,2026-08-25
3028,TripEase,Vistara,BOM,BLR,2026-09-24,2026-08-25 07:10:00,5093.5,2026-09-09 12:37:29,BOM-BLR,2026-08-25
3029,SkyFareHub,Akasa Air,BOM,BLR,2026-09-24,2026-08-25 13:02:00,4028.17,2026-09-09 12:37:29,BOM-BLR,2026-08-25
3030,TripEase,Akasa Air,BOM,BLR,2026-09-24,2026-08-25 18:41:00,4049.76,2026-09-09 12:37:29,BOM-BLR,2026-08-25
3031,SkyFareHub,IndiGo,DEL,MAA,2026-09-01,2026-08-25 14:55:00,6668.22,2026-09-09 12:37:29,DEL-MAA,2026-08-25
3032,TripEase,IndiGo,DEL,MAA,2026-09-01,2026-08-25 19:01:00,6207.05,2026-09-09 12:37:29,DEL-MAA,2026-08-25
3033,SkyFareHub,Air India,DEL,MAA,2026-09-01,2026-08-25 10:06:00,6986.85,2026-09-09 12:37:29,DEL-MAA,2026-08-25
3034,TripEase,Air India,DEL,MAA,2026-09-01,2026-08-25 12:53:00,7381.65,2026-09-09 12:37:29,DEL-MAA,2026-08-25
3035,SkyFareHub,SpiceJet,DEL,MAA,2026-09-01,2026-08-25 16:27:00,6247.28,2026-09-09 12:37:29,DEL-MAA,2026-08-25
3036,TripEase,SpiceJet,DEL,MAA,2026-09-01,2026-08-25 14:29:00,6091.96,2026-09-09 12:37:29,DEL-MAA,2026-08-25
3037,SkyFareHub,Vistara,DEL,MAA,2026-09-01,2026-08-25 21:24:00,7296.18,2026-09-09 12:37:29,DEL-MAA,2026-08-25
3038,TripEase,Vistara,DEL,MAA,2026-09-01,2026-08-25 19:35:00,7272.01,2026-09-09 12:37:29,DEL-MAA,2026-08-25
3039,SkyFareHub,Akasa Air,DEL,MAA,2026-09-01,2026-08-25 22:15:00,6200.74,2026-09-09 12:37:29,DEL-MAA,2026-08-25
3040,TripEase,Akasa Air,DEL,MAA,2026-09-01,2026-08-25 18:23:00,6525.9,2026-09-09 12:37:29,DEL-MAA,2026-08-25
3041,SkyFareHub,IndiGo,DEL,MAA,2026-09-08,2026-08-25 20:14:00,6721.33,2026-09-09 12:37:29,DEL-MAA,2026-08-25
3042,TripEase,IndiGo,DEL,MAA,2026-09-08,2026-08-25 13:28:00,6356.19,2026-09-09 12:37:29,DEL-MAA,2026-08-25
3043,SkyFareHub,Air India,DEL,MAA,2026-09-08,2026-08-25 15:21:00,6974.57,2026-09-09 12:37:29,DEL-MAA,2026-08-25
3044,TripEase,Air India,DEL,MAA,2026-09-08,2026-08-25 08:06:00,6875.72,2026-09-09 12:37:29,DEL-MAA,2026-08-25
3045,SkyFareHub,SpiceJet,DEL,MAA,2026-09-08,2026-08-25 21:37:00,6097.72,2026-09-09 12:37:29,DEL-MAA,2026-08-25
3046,TripEase,SpiceJet,DEL,MAA,2026-09-08,2026-08-25 21:33:00,5919.51,2026-09-09 12:37:29,DEL-MAA,2026-08-25
3047,SkyFareHub,Vistara,DEL,MAA,2026-09-08,2026-08-25 13:03:00,7639.44,2026-09-09 12:37:29,DEL-MAA,2026-08-25
3048,TripEase,Vistara,DEL,MAA,2026-09-08,2026-08-25 15:47:00,7524.86,2026-09-09 12:37:29,DEL-MAA,2026-08-25
3049,SkyFareHub,Akasa Air,DEL,MAA,2026-09-08,2026-08-25 16:44:00,6091.99,2026-09-09 12:37:29,DEL-MAA,2026-08-25
3050,TripEase,Akasa Air,DEL,MAA,2026-09-08,2026-08-25 06:17:00,6303.56,2026-09-09 12:37:29,DEL-MAA,2026-08-25
3051,SkyFareHub,IndiGo,DEL,MAA,2026-09-24,2026-08-25 21:34:00,6478.95,2026-09-09 12:37:29,DEL-MAA,2026-08-25
3052,TripEase,IndiGo,DEL,MAA,2026-09-24,2026-08-25 13:20:00,6460.21,2026-09-09 12:37:29,DEL-MAA,2026-08-25
3053,SkyFareHub,Air India,DEL,MAA,2026-09-24,2026-08-25 08:58:00,6762.03,2026-09-09 12:37:29,DEL-MAA,2026-08-25
3054,TripEase,Air India,DEL,MAA,2026-09-24,2026-08-25 18:08:00,6656.58,2026-09-09 12:37:29,DEL-MAA,2026-08-25
3055,SkyFareHub,SpiceJet,DEL,MAA,2026-09-24,2026-08-25 09:10:00,5974.28,2026-09-09 12:37:29,DEL-MAA,2026-08-25
3056,TripEase,SpiceJet,DEL,MAA,2026-09-24,2026-08-25 09:02:00,5960.53,2026-09-09 12:37:29,DEL-MAA,2026-08-25
3057,SkyFareHub,Vistara,DEL,MAA,2026-09-24,2026-08-25 22:31:00,7450.91,2026-09-09 12:37:29,DEL-MAA,2026-08-25
3058,TripEase,Vistara,DEL,MAA,2026-09-24,2026-08-25 19:25:00,7184.06,2026-09-09 12:37:29,DEL-MAA,2026-08-25
3059,SkyFareHub,Akasa Air,DEL,MAA,2026-09-24,2026-08-25 15:46:00,5719.02,2026-09-09 12:37:29,DEL-MAA,2026-08-25
3060,TripEase,Akasa Air,DEL,MAA,2026-09-24,2026-08-25 22:20:00,6368.89,2026-09-09 12:37:29,DEL-MAA,2026-08-25
3061,SkyFareHub,IndiGo,BOM,MAA,2026-09-01,2026-08-25 11:09:00,5893.31,2026-09-09 12:37:29,BOM-MAA,2026-08-25
3062,TripEase,IndiGo,BOM,MAA,2026-09-01,2026-08-25 17:33:00,5851.01,2026-09-09 12:37:29,BOM-MAA,2026-08-25
3063,SkyFareHub,Air India,BOM,MAA,2026-09-01,2026-08-25 12:59:00,6397.71,2026-09-09 12:37:29,BOM-MAA,2026-08-25
3064,TripEase,Air India,BOM,MAA,2026-09-01,2026-08-25 10:10:00,6362.96,2026-09-09 12:37:29,BOM-MAA,2026-08-25
3065,SkyFareHub,SpiceJet,BOM,MAA,2026-09-01,2026-08-25 06:20:00,5711.62,2026-09-09 12:37:29,BOM-MAA,2026-08-25
3066,TripEase,SpiceJet,BOM,MAA,2026-09-01,2026-08-25 08:00:00,5435.52,2026-09-09 12:37:29,BOM-MAA,2026-08-25
3067,SkyFareHub,Vistara,BOM,MAA,2026-09-01,2026-08-25 09:34:00,6538.44,2026-09-09 12:37:29,BOM-MAA,2026-08-25
3068,TripEase,Vistara,BOM,MAA,2026-09-01,2026-08-25 20:38:00,6580.14,2026-09-09 12:37:29,BOM-MAA,2026-08-25
3069,SkyFareHub,Akasa Air,BOM,MAA,2026-09-01,2026-08-25 13:22:00,5499.82,2026-09-09 12:37:29,BOM-MAA,2026-08-25
3070,TripEase,Akasa Air,BOM,MAA,2026-09-01,2026-08-25 14:18:00,5913.28,2026-09-09 12:37:29,BOM-MAA,2026-08-25
3071,SkyFareHub,IndiGo,BOM,MAA,2026-09-08,2026-08-25 15:23:00,6077.87,2026-09-09 12:37:29,BOM-MAA,2026-08-25
3072,TripEase,IndiGo,BOM,MAA,2026-09-08,2026-08-25 14:35:00,5825.01,2026-09-09 12:37:29,BOM-MAA,2026-08-25
3073,SkyFareHub,Air India,BOM,MAA,2026-09-08,2026-08-25 08:37:00,6345.43,2026-09-09 12:37:29,BOM-MAA,2026-08-25
3074,TripEase,Air India,BOM,MAA,2026-09-08,2026-08-25 14:11:00,6177.47,2026-09-09 12:37:29,BOM-MAA,2026-08-25
3075,SkyFareHub,SpiceJet,BOM,MAA,2026-09-08,2026-08-25 22:37:00,5274.85,2026-09-09 12:37:29,BOM-MAA,2026-08-25
3076,TripEase,SpiceJet,BOM,MAA,2026-09-08,2026-08-25 14:51:00,5536.0,2026-09-09 12:37:29,BOM-MAA,2026-08-25
3077,SkyFareHub,Vistara,BOM,MAA,2026-09-08,2026-08-25 21:13:00,6844.04,2026-09-09 12:37:29,BOM-MAA,2026-08-25
3078,TripEase,Vistara,BOM,MAA,2026-09-08,2026-08-25 12:05:00,6607.32,2026-09-09 12:37:29,BOM-MAA,2026-08-25
3079,SkyFareHub,Akasa Air,BOM,MAA,2026-09-08,2026-08-25 10:10:00,5859.03,2026-09-09 12:37:29,BOM-MAA,2026-08-25
3080,TripEase,Akasa Air,BOM,MAA,2026-09-08,2026-08-25 08:57:00,5447.1,2026-09-09 12:37:29,BOM-MAA,2026-08-25
3081,SkyFareHub,IndiGo,BOM,MAA,2026-09-24,2026-08-25 20:27:00,5698.59,2026-09-09 12:37:29,BOM-MAA,2026-08-25
3082,TripEase,IndiGo,BOM,MAA,2026-09-24,2026-08-25 22:48:00,5625.7,2026-09-09 12:37:29,BOM-MAA,2026-08-25
3083,SkyFareHub,Air India,BOM,MAA,2026-09-24,2026-08-25 18:49:00,5895.08,2026-09-09 12:37:29,BOM-MAA,2026-08-25
3084,TripEase,Air India,BOM,MAA,2026-09-24,2026-08-25 15:53:00,5993.95,2026-09-09 12:37:29,BOM-MAA,2026-08-25
3085,SkyFareHub,SpiceJet,BOM,MAA,2026-09-24,2026-08-25 12:10:00,5348.61,2026-09-09 12:37:29,BOM-MAA,2026-08-25
3086,TripEase,SpiceJet,BOM,MAA,2026-09-24,2026-08-25 10:53:00,5626.04,2026-09-09 12:37:29,BOM-MAA,2026-08-25
3087,SkyFareHub,Vistara,BOM,MAA,2026-09-24,2026-08-25 14:43:00,6396.43,2026-09-09 12:37:29,BOM-MAA,2026-08-25
3088,TripEase,Vistara,BOM,MAA,2026-09-24,2026-08-25 17:11:00,6410.15,2026-09-09 12:37:29,BOM-MAA,2026-08-25
3089,SkyFareHub,Akasa Air,BOM,MAA,2026-09-24,2026-08-25 20:49:00,5191.12,2026-09-09 12:37:29,BOM-MAA,2026-08-25
3090,TripEase,Akasa Air,BOM,MAA,2026-09-24,2026-08-25 12:39:00,5590.25,2026-09-09 12:37:29,BOM-MAA,2026-08-25
3091,SkyFareHub,IndiGo,DEL,CCU,2026-09-01,2026-08-25 12:24:00,6508.28,2026-09-09 12:37:29,DEL-CCU,2026-08-25
3092,TripEase,IndiGo,DEL,CCU,2026-09-01,2026-08-25 06:12:00,6390.46,2026-09-09 12:37:29,DEL-CCU,2026-08-25
3093,SkyFareHub,Air India,DEL,CCU,2026-09-01,2026-08-25 06:37:00,6772.61,2026-09-09 12:37:29,DEL-CCU,2026-08-25
3094,TripEase,Air India,DEL,CCU,2026-09-01,2026-08-25 17:58:00,6525.0,2026-09-09 12:37:29,DEL-CCU,2026-08-25
3095,SkyFareHub,SpiceJet,DEL,CCU,2026-09-01,2026-08-25 14:02:00,6009.19,2026-09-09 12:37:29,DEL-CCU,2026-08-25
3096,TripEase,SpiceJet,DEL,CCU,2026-09-01,2026-08-25 18:02:00,6096.93,2026-09-09 12:37:29,DEL-CCU,2026-08-25
3097,SkyFareHub,Vistara,DEL,CCU,2026-09-01,2026-08-25 14:40:00,7609.36,2026-09-09 12:37:29,DEL-CCU,2026-08-25
3098,TripEase,Vistara,DEL,CCU,2026-09-01,2026-08-25 06:55:00,7008.91,2026-09-09 12:37:29,DEL-CCU,2026-08-25
3099,SkyFareHub,Akasa Air,DEL,CCU,2026-09-01,2026-08-25 20:31:00,6197.3,2026-09-09 12:37:29,DEL-CCU,2026-08-25
3100,TripEase,Akasa Air,DEL,CCU,2026-09-01,2026-08-25 09:02:00,6033.82,2026-09-09 12:37:29,DEL-CCU,2026-08-25
3101,SkyFareHub,IndiGo,DEL,CCU,2026-09-08,2026-08-25 10:45:00,6178.25,2026-09-09 12:37:29,DEL-CCU,2026-08-25
3102,TripEase,IndiGo,DEL,CCU,2026-09-08,2026-08-25 10:05:00,6456.13,2026-09-09 12:37:29,DEL-CCU,2026-08-25
3103,SkyFareHub,Air India,DEL,CCU,2026-09-08,2026-08-25 07:28:00,6792.9,2026-09-09 12:37:29,DEL-CCU,2026-08-25
3104,TripEase,Air India,DEL,CCU,2026-09-08,2026-08-25 09:54:00,6594.82,2026-09-09 12:37:29,DEL-CCU,2026-08-25
3105,SkyFareHub,SpiceJet,DEL,CCU,2026-09-08,2026-08-25 12:41:00,6082.55,2026-09-09 12:37:29,DEL-CCU,2026-08-25
3106,TripEase,SpiceJet,DEL,CCU,2026-09-08,2026-08-25 16:57:00,5773.8,2026-09-09 12:37:29,DEL-CCU,2026-08-25
3107,SkyFareHub,Vistara,DEL,CCU,2026-09-08,2026-08-25 17:33:00,7424.11,2026-09-09 12:37:29,DEL-CCU,2026-08-25
3108,TripEase,Vistara,DEL,CCU,2026-09-08,2026-08-25 19:53:00,6924.32,2026-09-09 12:37:29,DEL-CCU,2026-08-25
3109,SkyFareHub,Akasa Air,DEL,CCU,2026-09-08,2026-08-25 12:52:00,5937.38,2026-09-09 12:37:29,DEL-CCU,2026-08-25
3110,TripEase,Akasa Air,DEL,CCU,2026-09-08,2026-08-25 14:05:00,6013.45,2026-09-09 12:37:29,DEL-CCU,2026-08-25
3111,SkyFareHub,IndiGo,DEL,CCU,2026-09-24,2026-08-25 12:44:00,5675.85,2026-09-09 12:37:29,DEL-CCU,2026-08-25
3112,TripEase,IndiGo,DEL,CCU,2026-09-24,2026-08-25 06:19:00,5881.76,2026-09-09 12:37:29,DEL-CCU,2026-08-25
3113,SkyFareHub,Air India,DEL,CCU,2026-09-24,2026-08-25 16:29:00,6301.31,2026-09-09 12:37:29,DEL-CCU,2026-08-25
3114,TripEase,Air India,DEL,CCU,2026-09-24,2026-08-25 20:05:00,6588.16,2026-09-09 12:37:29,DEL-CCU,2026-08-25
3115,SkyFareHub,SpiceJet,DEL,CCU,2026-09-24,2026-08-25 08:11:00,5382.13,2026-09-09 12:37:29,DEL-CCU,2026-08-25
3116,TripEase,SpiceJet,DEL,CCU,2026-09-24,2026-08-25 06:49:00,5657.08,2026-09-09 12:37:29,DEL-CCU,2026-08-25
3117,SkyFareHub,Vistara,DEL,CCU,2026-09-24,2026-08-25 17:29:00,6511.33,2026-09-09 12:37:29,DEL-CCU,2026-08-25
3118,TripEase,Vistara,DEL,CCU,2026-09-24,2026-08-25 13:19:00,6758.12,2026-09-09 12:37:29,DEL-CCU,2026-08-25
3119,SkyFareHub,Akasa Air,DEL,CCU,2026-09-24,2026-08-25 12:47:00,6023.54,2026-09-09 12:37:29,DEL-CCU,2026-08-25
3120,TripEase,Akasa Air,DEL,CCU,2026-09-24,2026-08-25 07:24:00,5807.78,2026-09-09 12:37:29,DEL-CCU,2026-08-25
3121,SkyFareHub,IndiGo,BLR,HYD,2026-09-01,2026-08-25 10:36:00,3844.35,2026-09-09 12:37:29,BLR-HYD,2026-08-25
3122,TripEase,IndiGo,BLR,HYD,2026-09-01,2026-08-25 12:17:00,3735.05,2026-09-09 12:37:29,BLR-HYD,2026-08-25
3123,SkyFareHub,Air India,BLR,HYD,2026-09-01,2026-08-25 15:16:00,4210.86,2026-09-09 12:37:29,BLR-HYD,2026-08-25
3124,TripEase,Air India,BLR,HYD,2026-09-01,2026-08-25 21:22:00,4170.74,2026-09-09 12:37:29,BLR-HYD,2026-08-25
3125,SkyFareHub,SpiceJet,BLR,HYD,2026-09-01,2026-08-25 22:28:00,3652.41,2026-09-09 12:37:29,BLR-HYD,2026-08-25
3126,TripEase,SpiceJet,BLR,HYD,2026-09-01,2026-08-25 11:02:00,3800.21,2026-09-09 12:37:29,BLR-HYD,2026-08-25
3127,SkyFareHub,Vistara,BLR,HYD,2026-09-01,2026-08-25 10:34:00,4615.79,2026-09-09 12:37:29,BLR-HYD,2026-08-25
3128,TripEase,Vistara,BLR,HYD,2026-09-01,2026-08-25 19:22:00,4589.35,2026-09-09 12:37:29,BLR-HYD,2026-08-25
3129,SkyFareHub,Akasa Air,BLR,HYD,2026-09-01,2026-08-25 15:13:00,3824.19,2026-09-09 12:37:29,BLR-HYD,2026-08-25
3130,TripEase,Akasa Air,BLR,HYD,2026-09-01,2026-08-25 14:05:00,3797.57,2026-09-09 12:37:29,BLR-HYD,2026-08-25
3131,SkyFareHub,IndiGo,BLR,HYD,2026-09-08,2026-08-25 12:29:00,3738.66,2026-09-09 12:37:29,BLR-HYD,2026-08-25
3132,TripEase,IndiGo,BLR,HYD,2026-09-08,2026-08-25 22:42:00,3824.09,2026-09-09 12:37:29,BLR-HYD,2026-08-25
3133,SkyFareHub,Air India,BLR,HYD,2026-09-08,2026-08-25 20:37:00,4141.58,2026-09-09 12:37:29,BLR-HYD,2026-08-25
3134,TripEase,Air India,BLR,HYD,2026-09-08,2026-08-25 07:20:00,4062.21,2026-09-09 12:37:29,BLR-HYD,2026-08-25
3135,SkyFareHub,SpiceJet,BLR,HYD,2026-09-08,2026-08-25 06:10:00,3696.75,2026-09-09 12:37:29,BLR-HYD,2026-08-25
3136,TripEase,SpiceJet,BLR,HYD,2026-09-08,2026-08-25 09:11:00,3552.05,2026-09-09 12:37:29,BLR-HYD,2026-08-25
3137,SkyFareHub,Vistara,BLR,HYD,2026-09-08,2026-08-25 20:34:00,4464.33,2026-09-09 12:37:29,BLR-HYD,2026-08-25
3138,TripEase,Vistara,BLR,HYD,2026-09-08,2026-08-25 20:37:00,4135.52,2026-09-09 12:37:29,BLR-HYD,2026-08-25
3139,SkyFareHub,Akasa Air,BLR,HYD,2026-09-08,2026-08-25 18:30:00,3694.59,2026-09-09 12:37:29,BLR-HYD,2026-08-25
3140,TripEase,Akasa Air,BLR,HYD,2026-09-08,2026-08-25 17:38:00,3730.37,2026-09-09 12:37:29,BLR-HYD,2026-08-25
3141,SkyFareHub,IndiGo,BLR,HYD,2026-09-24,2026-08-25 15:02:00,3667.17,2026-09-09 12:37:29,BLR-HYD,2026-08-25
3142,TripEase,IndiGo,BLR,HYD,2026-09-24,2026-08-25 22:06:00,3897.12,2026-09-09 12:37:29,BLR-HYD,2026-08-25
3143,SkyFareHub,Air India,BLR,HYD,2026-09-24,2026-08-25 18:37:00,4009.69,2026-09-09 12:37:29,BLR-HYD,2026-08-25
3144,TripEase,Air India,BLR,HYD,2026-09-24,2026-08-25 15:56:00,3822.7,2026-09-09 12:37:29,BLR-HYD,2026-08-25
3145,SkyFareHub,SpiceJet,BLR,HYD,2026-09-24,2026-08-25 22:12:00,3560.15,2026-09-09 12:37:29,BLR-HYD,2026-08-25
3146,TripEase,SpiceJet,BLR,HYD,2026-09-24,2026-08-25 10:08:00,3632.05,2026-09-09 12:37:29,BLR-HYD,2026-08-25
3147,SkyFareHub,Vistara,BLR,HYD,2026-09-24,2026-08-25 07:05:00,4355.22,2026-09-09 12:37:29,BLR-HYD,2026-08-25
3148,TripEase,Vistara,BLR,HYD,2026-09-24,2026-08-25 17:29:00,4229.71,2026-09-09 12:37:29,BLR-HYD,2026-08-25
3149,SkyFareHub,Akasa Air,BLR,HYD,2026-09-24,2026-08-25 10:12:00,3527.11,2026-09-09 12:37:29,BLR-HYD,2026-08-25
3150,TripEase,Akasa Air,BLR,HYD,2026-09-24,2026-08-25 08:11:00,3631.92,2026-09-09 12:37:29,BLR-HYD,2026-08-25
3151,SkyFareHub,IndiGo,DEL,BOM,2026-09-02,2026-08-26 08:46:00,5373.76,2026-09-09 12:37:29,DEL-BOM,2026-08-26
3152,TripEase,IndiGo,DEL,BOM,2026-09-02,2026-08-26 17:00:00,5539.09,2026-09-09 12:37:29,DEL-BOM,2026-08-26
3153,SkyFareHub,Air India,DEL,BOM,2026-09-02,2026-08-26 21:35:00,5971.4,2026-09-09 12:37:29,DEL-BOM,2026-08-26
3154,TripEase,Air India,DEL,BOM,2026-09-02,2026-08-26 21:42:00,6200.86,2026-09-09 12:37:29,DEL-BOM,2026-08-26
3155,SkyFareHub,SpiceJet,DEL,BOM,2026-09-02,2026-08-26 13:48:00,5247.53,2026-09-09 12:37:29,DEL-BOM,2026-08-26
3156,TripEase,SpiceJet,DEL,BOM,2026-09-02,2026-08-26 16:48:00,5453.08,2026-09-09 12:37:29,DEL-BOM,2026-08-26
3157,SkyFareHub,Vistara,DEL,BOM,2026-09-02,2026-08-26 16:57:00,6615.27,2026-09-09 12:37:29,DEL-BOM,2026-08-26
3158,TripEase,Vistara,DEL,BOM,2026-09-02,2026-08-26 19:38:00,6385.89,2026-09-09 12:37:29,DEL-BOM,2026-08-26
3159,SkyFareHub,Akasa Air,DEL,BOM,2026-09-02,2026-08-26 21:42:00,5238.12,2026-09-09 12:37:29,DEL-BOM,2026-08-26
3160,TripEase,Akasa Air,DEL,BOM,2026-09-02,2026-08-26 13:56:00,5556.0,2026-09-09 12:37:29,DEL-BOM,2026-08-26
3161,SkyFareHub,IndiGo,DEL,BOM,2026-09-09,2026-08-26 17:23:00,5648.34,2026-09-09 12:37:29,DEL-BOM,2026-08-26
3162,TripEase,IndiGo,DEL,BOM,2026-09-09,2026-08-26 18:58:00,5548.19,2026-09-09 12:37:29,DEL-BOM,2026-08-26
3163,SkyFareHub,Air India,DEL,BOM,2026-09-09,2026-08-26 21:12:00,5655.14,2026-09-09 12:37:29,DEL-BOM,2026-08-26
3164,TripEase,Air India,DEL,BOM,2026-09-09,2026-08-26 08:21:00,5665.08,2026-09-09 12:37:29,DEL-BOM,2026-08-26
3165,SkyFareHub,SpiceJet,DEL,BOM,2026-09-09,2026-08-26 10:18:00,5087.17,2026-09-09 12:37:29,DEL-BOM,2026-08-26
3166,TripEase,SpiceJet,DEL,BOM,2026-09-09,2026-08-26 21:02:00,5212.25,2026-09-09 12:37:29,DEL-BOM,2026-08-26
3167,SkyFareHub,Vistara,DEL,BOM,2026-09-09,2026-08-26 11:10:00,6390.56,2026-09-09 12:37:29,DEL-BOM,2026-08-26
3168,TripEase,Vistara,DEL,BOM,2026-09-09,2026-08-26 09:29:00,6293.68,2026-09-09 12:37:29,DEL-BOM,2026-08-26
3169,SkyFareHub,Akasa Air,DEL,BOM,2026-09-09,2026-08-26 09:41:00,5428.22,2026-09-09 12:37:29,DEL-BOM,2026-08-26
3170,TripEase,Akasa Air,DEL,BOM,2026-09-09,2026-08-26 06:10:00,5598.97,2026-09-09 12:37:29,DEL-BOM,2026-08-26
3171,SkyFareHub,IndiGo,DEL,BOM,2026-09-25,2026-08-26 18:43:00,5277.16,2026-09-09 12:37:29,DEL-BOM,2026-08-26
3172,TripEase,IndiGo,DEL,BOM,2026-09-25,2026-08-26 18:27:00,5306.69,2026-09-09 12:37:29,DEL-BOM,2026-08-26
3173,SkyFareHub,Air India,DEL,BOM,2026-09-25,2026-08-26 14:47:00,5813.8,2026-09-09 12:37:29,DEL-BOM,2026-08-26
3174,TripEase,Air India,DEL,BOM,2026-09-25,2026-08-26 20:32:00,5854.45,2026-09-09 12:37:29,DEL-BOM,2026-08-26
3175,SkyFareHub,SpiceJet,DEL,BOM,2026-09-25,2026-08-26 16:54:00,5004.37,2026-09-09 12:37:29,DEL-BOM,2026-08-26
3176,TripEase,SpiceJet,DEL,BOM,2026-09-25,2026-08-26 11:27:00,5037.05,2026-09-09 12:37:29,DEL-BOM,2026-08-26
3177,SkyFareHub,Vistara,DEL,BOM,2026-09-25,2026-08-26 08:09:00,6102.71,2026-09-09 12:37:29,DEL-BOM,2026-08-26
3178,TripEase,Vistara,DEL,BOM,2026-09-25,2026-08-26 14:12:00,6053.08,2026-09-09 12:37:29,DEL-BOM,2026-08-26
3179,SkyFareHub,Akasa Air,DEL,BOM,2026-09-25,2026-08-26 20:27:00,5212.22,2026-09-09 12:37:29,DEL-BOM,2026-08-26
3180,TripEase,Akasa Air,DEL,BOM,2026-09-25,2026-08-26 09:55:00,4916.07,2026-09-09 12:37:29,DEL-BOM,2026-08-26
3181,SkyFareHub,IndiGo,DEL,BLR,2026-09-02,2026-08-26 17:16:00,6045.9,2026-09-09 12:37:29,DEL-BLR,2026-08-26
3182,TripEase,IndiGo,DEL,BLR,2026-09-02,2026-08-26 06:34:00,6127.39,2026-09-09 12:37:29,DEL-BLR,2026-08-26
3183,SkyFareHub,Air India,DEL,BLR,2026-09-02,2026-08-26 19:01:00,6383.18,2026-09-09 12:37:29,DEL-BLR,2026-08-26
3184,TripEase,Air India,DEL,BLR,2026-09-02,2026-08-26 07:38:00,6479.55,2026-09-09 12:37:29,DEL-BLR,2026-08-26
3185,SkyFareHub,SpiceJet,DEL,BLR,2026-09-02,2026-08-26 18:15:00,5695.24,2026-09-09 12:37:29,DEL-BLR,2026-08-26
3186,TripEase,SpiceJet,DEL,BLR,2026-09-02,2026-08-26 10:46:00,5656.23,2026-09-09 12:37:29,DEL-BLR,2026-08-26
3187,SkyFareHub,Vistara,DEL,BLR,2026-09-02,2026-08-26 14:22:00,6812.37,2026-09-09 12:37:29,DEL-BLR,2026-08-26
3188,TripEase,Vistara,DEL,BLR,2026-09-02,2026-08-26 13:58:00,7358.87,2026-09-09 12:37:29,DEL-BLR,2026-08-26
3189,SkyFareHub,Akasa Air,DEL,BLR,2026-09-02,2026-08-26 22:36:00,6189.61,2026-09-09 12:37:29,DEL-BLR,2026-08-26
3190,TripEase,Akasa Air,DEL,BLR,2026-09-02,2026-08-26 17:02:00,5746.6,2026-09-09 12:37:29,DEL-BLR,2026-08-26
3191,SkyFareHub,IndiGo,DEL,BLR,2026-09-09,2026-08-26 09:24:00,6015.1,2026-09-09 12:37:29,DEL-BLR,2026-08-26
3192,TripEase,IndiGo,DEL,BLR,2026-09-09,2026-08-26 16:59:00,6100.39,2026-09-09 12:37:29,DEL-BLR,2026-08-26
3193,SkyFareHub,Air India,DEL,BLR,2026-09-09,2026-08-26 18:01:00,6487.92,2026-09-09 12:37:29,DEL-BLR,2026-08-26
3194,TripEase,Air India,DEL,BLR,2026-09-09,2026-08-26 08:53:00,6425.98,2026-09-09 12:37:29,DEL-BLR,2026-08-26
3195,SkyFareHub,SpiceJet,DEL,BLR,2026-09-09,2026-08-26 12:36:00,6060.21,2026-09-09 12:37:29,DEL-BLR,2026-08-26
3196,TripEase,SpiceJet,DEL,BLR,2026-09-09,2026-08-26 22:34:00,5535.66,2026-09-09 12:37:29,DEL-BLR,2026-08-26
3197,SkyFareHub,Vistara,DEL,BLR,2026-09-09,2026-08-26 07:23:00,7004.59,2026-09-09 12:37:29,DEL-BLR,2026-08-26
3198,TripEase,Vistara,DEL,BLR,2026-09-09,2026-08-26 19:17:00,6837.35,2026-09-09 12:37:29,DEL-BLR,2026-08-26
3199,SkyFareHub,Akasa Air,DEL,BLR,2026-09-09,2026-08-26 14:32:00,6045.19,2026-09-09 12:37:29,DEL-BLR,2026-08-26
3200,TripEase,Akasa Air,DEL,BLR,2026-09-09,2026-08-26 11:43:00,5949.21,2026-09-09 12:37:29,DEL-BLR,2026-08-26
3201,SkyFareHub,IndiGo,DEL,BLR,2026-09-25,2026-08-26 12:01:00,5542.29,2026-09-09 12:37:29,DEL-BLR,2026-08-26
3202,TripEase,IndiGo,DEL,BLR,2026-09-25,2026-08-26 14:17:00,6001.1,2026-09-09 12:37:29,DEL-BLR,2026-08-26
3203,SkyFareHub,Air India,DEL,BLR,2026-09-25,2026-08-26 16:06:00,6370.74,2026-09-09 12:37:29,DEL-BLR,2026-08-26
3204,TripEase,Air India,DEL,BLR,2026-09-25,2026-08-26 16:14:00,5958.63,2026-09-09 12:37:29,DEL-BLR,2026-08-26
3205,SkyFareHub,SpiceJet,DEL,BLR,2026-09-25,2026-08-26 20:37:00,5261.15,2026-09-09 12:37:29,DEL-BLR,2026-08-26
3206,TripEase,SpiceJet,DEL,BLR,2026-09-25,2026-08-26 18:30:00,5520.83,2026-09-09 12:37:29,DEL-BLR,2026-08-26
3207,SkyFareHub,Vistara,DEL,BLR,2026-09-25,2026-08-26 16:20:00,6721.69,2026-09-09 12:37:29,DEL-BLR,2026-08-26
3208,TripEase,Vistara,DEL,BLR,2026-09-25,2026-08-26 20:54:00,6582.78,2026-09-09 12:37:29,DEL-BLR,2026-08-26
3209,SkyFareHub,Akasa Air,DEL,BLR,2026-09-25,2026-08-26 11:43:00,5652.11,2026-09-09 12:37:29,DEL-BLR,2026-08-26
3210,TripEase,Akasa Air,DEL,BLR,2026-09-25,2026-08-26 08:40:00,5558.12,2026-09-09 12:37:29,DEL-BLR,2026-08-26
3211,SkyFareHub,IndiGo,BOM,BLR,2026-09-02,2026-08-26 08:13:00,4702.88,2026-09-09 12:37:29,BOM-BLR,2026-08-26
3212,TripEase,IndiGo,BOM,BLR,2026-09-02,2026-08-26 15:18:00,4673.59,2026-09-09 12:37:29,BOM-BLR,2026-08-26
3213,SkyFareHub,Air India,BOM,BLR,2026-09-02,2026-08-26 20:01:00,5025.45,2026-09-09 12:37:29,BOM-BLR,2026-08-26
3214,TripEase,Air India,BOM,BLR,2026-09-02,2026-08-26 17:36:00,4829.85,2026-09-09 12:37:29,BOM-BLR,2026-08-26
3215,SkyFareHub,SpiceJet,BOM,BLR,2026-09-02,2026-08-26 06:48:00,4451.45,2026-09-09 12:37:29,BOM-BLR,2026-08-26
3216,TripEase,SpiceJet,BOM,BLR,2026-09-02,2026-08-26 21:15:00,4525.26,2026-09-09 12:37:29,BOM-BLR,2026-08-26
3217,SkyFareHub,Vistara,BOM,BLR,2026-09-02,2026-08-26 18:38:00,5220.28,2026-09-09 12:37:29,BOM-BLR,2026-08-26
3218,TripEase,Vistara,BOM,BLR,2026-09-02,2026-08-26 18:13:00,5330.95,2026-09-09 12:37:29,BOM-BLR,2026-08-26
3219,SkyFareHub,Akasa Air,BOM,BLR,2026-09-02,2026-08-26 15:11:00,4231.31,2026-09-09 12:37:29,BOM-BLR,2026-08-26
3220,TripEase,Akasa Air,BOM,BLR,2026-09-02,2026-08-26 18:35:00,4638.05,2026-09-09 12:37:29,BOM-BLR,2026-08-26
3221,SkyFareHub,IndiGo,BOM,BLR,2026-09-09,2026-08-26 19:57:00,4544.73,2026-09-09 12:37:29,BOM-BLR,2026-08-26
3222,TripEase,IndiGo,BOM,BLR,2026-09-09,2026-08-26 17:40:00,4496.69,2026-09-09 12:37:29,BOM-BLR,2026-08-26
3223,SkyFareHub,Air India,BOM,BLR,2026-09-09,2026-08-26 16:32:00,4829.3,2026-09-09 12:37:29,BOM-BLR,2026-08-26
3224,TripEase,Air India,BOM,BLR,2026-09-09,2026-08-26 18:31:00,4852.9,2026-09-09 12:37:29,BOM-BLR,2026-08-26
3225,SkyFareHub,SpiceJet,BOM,BLR,2026-09-09,2026-08-26 20:10:00,4317.35,2026-09-09 12:37:29,BOM-BLR,2026-08-26
3226,TripEase,SpiceJet,BOM,BLR,2026-09-09,2026-08-26 15:00:00,4346.68,2026-09-09 12:37:29,BOM-BLR,2026-08-26
3227,SkyFareHub,Vistara,BOM,BLR,2026-09-09,2026-08-26 20:41:00,5148.12,2026-09-09 12:37:29,BOM-BLR,2026-08-26
3228,TripEase,Vistara,BOM,BLR,2026-09-09,2026-08-26 18:37:00,5176.97,2026-09-09 12:37:29,BOM-BLR,2026-08-26
3229,SkyFareHub,Akasa Air,BOM,BLR,2026-09-09,2026-08-26 19:12:00,4552.51,2026-09-09 12:37:29,BOM-BLR,2026-08-26
3230,TripEase,Akasa Air,BOM,BLR,2026-09-09,2026-08-26 10:39:00,4453.39,2026-09-09 12:37:29,BOM-BLR,2026-08-26
3231,SkyFareHub,IndiGo,BOM,BLR,2026-09-25,2026-08-26 19:01:00,4533.67,2026-09-09 12:37:29,BOM-BLR,2026-08-26
3232,TripEase,IndiGo,BOM,BLR,2026-09-25,2026-08-26 21:43:00,4234.79,2026-09-09 12:37:29,BOM-BLR,2026-08-26
3233,SkyFareHub,Air India,BOM,BLR,2026-09-25,2026-08-26 18:35:00,4519.39,2026-09-09 12:37:29,BOM-BLR,2026-08-26
3234,TripEase,Air India,BOM,BLR,2026-09-25,2026-08-26 11:29:00,4627.7,2026-09-09 12:37:29,BOM-BLR,2026-08-26
3235,SkyFareHub,SpiceJet,BOM,BLR,2026-09-25,2026-08-26 11:30:00,4192.95,2026-09-09 12:37:29,BOM-BLR,2026-08-26
3236,TripEase,SpiceJet,BOM,BLR,2026-09-25,2026-08-26 16:08:00,4392.86,2026-09-09 12:37:29,BOM-BLR,2026-08-26
3237,SkyFareHub,Vistara,BOM,BLR,2026-09-25,2026-08-26 12:36:00,5051.1,2026-09-09 12:37:29,BOM-BLR,2026-08-26
3238,TripEase,Vistara,BOM,BLR,2026-09-25,2026-08-26 20:15:00,4923.17,2026-09-09 12:37:29,BOM-BLR,2026-08-26
3239,SkyFareHub,Akasa Air,BOM,BLR,2026-09-25,2026-08-26 22:41:00,4450.88,2026-09-09 12:37:29,BOM-BLR,2026-08-26
3240,TripEase,Akasa Air,BOM,BLR,2026-09-25,2026-08-26 16:55:00,4125.24,2026-09-09 12:37:29,BOM-BLR,2026-08-26
3241,SkyFareHub,IndiGo,DEL,MAA,2026-09-02,2026-08-26 20:46:00,6694.92,2026-09-09 12:37:29,DEL-MAA,2026-08-26
3242,TripEase,IndiGo,DEL,MAA,2026-09-02,2026-08-26 07:43:00,6656.87,2026-09-09 12:37:29,DEL-MAA,2026-08-26
3243,SkyFareHub,Air India,DEL,MAA,2026-09-02,2026-08-26 21:55:00,7394.69,2026-09-09 12:37:29,DEL-MAA,2026-08-26
3244,TripEase,Air India,DEL,MAA,2026-09-02,2026-08-26 14:56:00,7192.25,2026-09-09 12:37:29,DEL-MAA,2026-08-26
3245,SkyFareHub,SpiceJet,DEL,MAA,2026-09-02,2026-08-26 06:28:00,6243.21,2026-09-09 12:37:29,DEL-MAA,2026-08-26
3246,TripEase,SpiceJet,DEL,MAA,2026-09-02,2026-08-26 15:51:00,6353.0,2026-09-09 12:37:29,DEL-MAA,2026-08-26
3247,SkyFareHub,Vistara,DEL,MAA,2026-09-02,2026-08-26 07:23:00,7684.28,2026-09-09 12:37:29,DEL-MAA,2026-08-26
3248,TripEase,Vistara,DEL,MAA,2026-09-02,2026-08-26 20:27:00,7732.81,2026-09-09 12:37:29,DEL-MAA,2026-08-26
3249,SkyFareHub,Akasa Air,DEL,MAA,2026-09-02,2026-08-26 14:48:00,6404.61,2026-09-09 12:37:29,DEL-MAA,2026-08-26
3250,TripEase,Akasa Air,DEL,MAA,2026-09-02,2026-08-26 09:46:00,6673.95,2026-09-09 12:37:29,DEL-MAA,2026-08-26
3251,SkyFareHub,IndiGo,DEL,MAA,2026-09-09,2026-08-26 16:09:00,6307.51,2026-09-09 12:37:29,DEL-MAA,2026-08-26
3252,TripEase,IndiGo,DEL,MAA,2026-09-09,2026-08-26 12:16:00,6844.8,2026-09-09 12:37:29,DEL-MAA,2026-08-26
3253,SkyFareHub,Air India,DEL,MAA,2026-09-09,2026-08-26 08:29:00,6868.41,2026-09-09 12:37:29,DEL-MAA,2026-08-26
3254,TripEase,Air India,DEL,MAA,2026-09-09,2026-08-26 13:48:00,7256.32,2026-09-09 12:37:29,DEL-MAA,2026-08-26
3255,SkyFareHub,SpiceJet,DEL,MAA,2026-09-09,2026-08-26 20:21:00,5993.55,2026-09-09 12:37:29,DEL-MAA,2026-08-26
3256,TripEase,SpiceJet,DEL,MAA,2026-09-09,2026-08-26 14:38:00,6404.74,2026-09-09 12:37:29,DEL-MAA,2026-08-26
3257,SkyFareHub,Vistara,DEL,MAA,2026-09-09,2026-08-26 22:18:00,7051.16,2026-09-09 12:37:29,DEL-MAA,2026-08-26
3258,TripEase,Vistara,DEL,MAA,2026-09-09,2026-08-26 17:45:00,7377.96,2026-09-09 12:37:29,DEL-MAA,2026-08-26
3259,SkyFareHub,Akasa Air,DEL,MAA,2026-09-09,2026-08-26 11:36:00,6381.75,2026-09-09 12:37:29,DEL-MAA,2026-08-26
3260,TripEase,Akasa Air,DEL,MAA,2026-09-09,2026-08-26 20:43:00,6376.97,2026-09-09 12:37:29,DEL-MAA,2026-08-26
3261,SkyFareHub,IndiGo,DEL,MAA,2026-09-25,2026-08-26 10:09:00,6288.37,2026-09-09 12:37:29,DEL-MAA,2026-08-26
3262,TripEase,IndiGo,DEL,MAA,2026-09-25,2026-08-26 14:40:00,6489.52,2026-09-09 12:37:29,DEL-MAA,2026-08-26
3263,SkyFareHub,Air India,DEL,MAA,2026-09-25,2026-08-26 15:09:00,6798.75,2026-09-09 12:37:29,DEL-MAA,2026-08-26
3264,TripEase,Air India,DEL,MAA,2026-09-25,2026-08-26 22:47:00,6751.23,2026-09-09 12:37:29,DEL-MAA,2026-08-26
3265,SkyFareHub,SpiceJet,DEL,MAA,2026-09-25,2026-08-26 21:39:00,6167.94,2026-09-09 12:37:29,DEL-MAA,2026-08-26
3266,TripEase,SpiceJet,DEL,MAA,2026-09-25,2026-08-26 10:37:00,6345.78,2026-09-09 12:37:29,DEL-MAA,2026-08-26
3267,SkyFareHub,Vistara,DEL,MAA,2026-09-25,2026-08-26 17:24:00,7368.2,2026-09-09 12:37:29,DEL-MAA,2026-08-26
3268,TripEase,Vistara,DEL,MAA,2026-09-25,2026-08-26 11:55:00,7449.93,2026-09-09 12:37:29,DEL-MAA,2026-08-26
3269,SkyFareHub,Akasa Air,DEL,MAA,2026-09-25,2026-08-26 18:00:00,6003.95,2026-09-09 12:37:29,DEL-MAA,2026-08-26
3270,TripEase,Akasa Air,DEL,MAA,2026-09-25,2026-08-26 13:19:00,6033.54,2026-09-09 12:37:29,DEL-MAA,2026-08-26
3271,SkyFareHub,IndiGo,BOM,MAA,2026-09-02,2026-08-26 09:41:00,5634.01,2026-09-09 12:37:29,BOM-MAA,2026-08-26
3272,TripEase,IndiGo,BOM,MAA,2026-09-02,2026-08-26 06:53:00,5752.9,2026-09-09 12:37:29,BOM-MAA,2026-08-26
3273,SkyFareHub,Air India,BOM,MAA,2026-09-02,2026-08-26 22:57:00,6615.28,2026-09-09 12:37:29,BOM-MAA,2026-08-26
3274,TripEase,Air India,BOM,MAA,2026-09-02,2026-08-26 07:25:00,6115.95,2026-09-09 12:37:29,BOM-MAA,2026-08-26
3275,SkyFareHub,SpiceJet,BOM,MAA,2026-09-02,2026-08-26 22:04:00,5810.03,2026-09-09 12:37:29,BOM-MAA,2026-08-26
3276,TripEase,SpiceJet,BOM,MAA,2026-09-02,2026-08-26 08:51:00,5654.22,2026-09-09 12:37:29,BOM-MAA,2026-08-26
3277,SkyFareHub,Vistara,BOM,MAA,2026-09-02,2026-08-26 13:15:00,6566.99,2026-09-09 12:37:29,BOM-MAA,2026-08-26
3278,TripEase,Vistara,BOM,MAA,2026-09-02,2026-08-26 13:14:00,6745.81,2026-09-09 12:37:29,BOM-MAA,2026-08-26
3279,SkyFareHub,Akasa Air,BOM,MAA,2026-09-02,2026-08-26 07:38:00,5791.08,2026-09-09 12:37:29,BOM-MAA,2026-08-26
3280,TripEase,Akasa Air,BOM,MAA,2026-09-02,2026-08-26 12:46:00,5535.85,2026-09-09 12:37:29,BOM-MAA,2026-08-26
3281,SkyFareHub,IndiGo,BOM,MAA,2026-09-09,2026-08-26 10:33:00,5814.16,2026-09-09 12:37:29,BOM-MAA,2026-08-26
3282,TripEase,IndiGo,BOM,MAA,2026-09-09,2026-08-26 13:37:00,5618.91,2026-09-09 12:37:29,BOM-MAA,2026-08-26
3283,SkyFareHub,Air India,BOM,MAA,2026-09-09,2026-08-26 09:34:00,6400.43,2026-09-09 12:37:29,BOM-MAA,2026-08-26
3284,TripEase,Air India,BOM,MAA,2026-09-09,2026-08-26 08:12:00,6300.14,2026-09-09 12:37:29,BOM-MAA,2026-08-26
3285,SkyFareHub,SpiceJet,BOM,MAA,2026-09-09,2026-08-26 21:12:00,5493.1,2026-09-09 12:37:29,BOM-MAA,2026-08-26
3286,TripEase,SpiceJet,BOM,MAA,2026-09-09,2026-08-26 21:19:00,5374.79,2026-09-09 12:37:29,BOM-MAA,2026-08-26
3287,SkyFareHub,Vistara,BOM,MAA,2026-09-09,2026-08-26 09:46:00,6754.29,2026-09-09 12:37:29,BOM-MAA,2026-08-26
3288,TripEase,Vistara,BOM,MAA,2026-09-09,2026-08-26 12:37:00,7002.39,2026-09-09 12:37:29,BOM-MAA,2026-08-26
3289,SkyFareHub,Akasa Air,BOM,MAA,2026-09-09,2026-08-26 20:00:00,5814.81,2026-09-09 12:37:29,BOM-MAA,2026-08-26
3290,TripEase,Akasa Air,BOM,MAA,2026-09-09,2026-08-26 14:31:00,5494.8,2026-09-09 12:37:29,BOM-MAA,2026-08-26
3291,SkyFareHub,IndiGo,BOM,MAA,2026-09-25,2026-08-26 21:32:00,5622.37,2026-09-09 12:37:29,BOM-MAA,2026-08-26
3292,TripEase,IndiGo,BOM,MAA,2026-09-25,2026-08-26 14:55:00,5572.95,2026-09-09 12:37:29,BOM-MAA,2026-08-26
3293,SkyFareHub,Air India,BOM,MAA,2026-09-25,2026-08-26 22:19:00,6028.67,2026-09-09 12:37:29,BOM-MAA,2026-08-26
3294,TripEase,Air India,BOM,MAA,2026-09-25,2026-08-26 11:31:00,5990.53,2026-09-09 12:37:29,BOM-MAA,2026-08-26
3295,SkyFareHub,SpiceJet,BOM,MAA,2026-09-25,2026-08-26 22:30:00,5255.36,2026-09-09 12:37:29,BOM-MAA,2026-08-26
3296,TripEase,SpiceJet,BOM,MAA,2026-09-25,2026-08-26 19:43:00,5235.42,2026-09-09 12:37:29,BOM-MAA,2026-08-26
3297,SkyFareHub,Vistara,BOM,MAA,2026-09-25,2026-08-26 20:21:00,6528.31,2026-09-09 12:37:29,BOM-MAA,2026-08-26
3298,TripEase,Vistara,BOM,MAA,2026-09-25,2026-08-26 11:12:00,6550.65,2026-09-09 12:37:29,BOM-MAA,2026-08-26
3299,SkyFareHub,Akasa Air,BOM,MAA,2026-09-25,2026-08-26 12:19:00,5660.17,2026-09-09 12:37:29,BOM-MAA,2026-08-26
3300,TripEase,Akasa Air,BOM,MAA,2026-09-25,2026-08-26 22:30:00,5394.46,2026-09-09 12:37:29,BOM-MAA,2026-08-26
3301,SkyFareHub,IndiGo,DEL,CCU,2026-09-02,2026-08-26 12:36:00,6027.09,2026-09-09 12:37:29,DEL-CCU,2026-08-26
3302,TripEase,IndiGo,DEL,CCU,2026-09-02,2026-08-26 12:49:00,6322.94,2026-09-09 12:37:29,DEL-CCU,2026-08-26
3303,SkyFareHub,Air India,DEL,CCU,2026-09-02,2026-08-26 11:39:00,6616.59,2026-09-09 12:37:29,DEL-CCU,2026-08-26
3304,TripEase,Air India,DEL,CCU,2026-09-02,2026-08-26 22:30:00,6824.5,2026-09-09 12:37:29,DEL-CCU,2026-08-26
3305,SkyFareHub,SpiceJet,DEL,CCU,2026-09-02,2026-08-26 14:14:00,6165.04,2026-09-09 12:37:29,DEL-CCU,2026-08-26
3306,TripEase,SpiceJet,DEL,CCU,2026-09-02,2026-08-26 15:23:00,6185.05,2026-09-09 12:37:29,DEL-CCU,2026-08-26
3307,SkyFareHub,Vistara,DEL,CCU,2026-09-02,2026-08-26 17:53:00,6970.18,2026-09-09 12:37:29,DEL-CCU,2026-08-26
3308,TripEase,Vistara,DEL,CCU,2026-09-02,2026-08-26 19:36:00,7368.68,2026-09-09 12:37:29,DEL-CCU,2026-08-26
3309,SkyFareHub,Akasa Air,DEL,CCU,2026-09-02,2026-08-26 18:03:00,6031.36,2026-09-09 12:37:29,DEL-CCU,2026-08-26
3310,TripEase,Akasa Air,DEL,CCU,2026-09-02,2026-08-26 10:29:00,6289.37,2026-09-09 12:37:29,DEL-CCU,2026-08-26
3311,SkyFareHub,IndiGo,DEL,CCU,2026-09-09,2026-08-26 12:13:00,6167.03,2026-09-09 12:37:29,DEL-CCU,2026-08-26
3312,TripEase,IndiGo,DEL,CCU,2026-09-09,2026-08-26 17:01:00,6202.99,2026-09-09 12:37:29,DEL-CCU,2026-08-26
3313,SkyFareHub,Air India,DEL,CCU,2026-09-09,2026-08-26 16:35:00,6731.99,2026-09-09 12:37:29,DEL-CCU,2026-08-26
3314,TripEase,Air India,DEL,CCU,2026-09-09,2026-08-26 12:39:00,6621.69,2026-09-09 12:37:29,DEL-CCU,2026-08-26
3315,SkyFareHub,SpiceJet,DEL,CCU,2026-09-09,2026-08-26 09:04:00,6030.37,2026-09-09 12:37:29,DEL-CCU,2026-08-26
3316,TripEase,SpiceJet,DEL,CCU,2026-09-09,2026-08-26 21:46:00,5719.65,2026-09-09 12:37:29,DEL-CCU,2026-08-26
3317,SkyFareHub,Vistara,DEL,CCU,2026-09-09,2026-08-26 07:49:00,7392.37,2026-09-09 12:37:29,DEL-CCU,2026-08-26
3318,TripEase,Vistara,DEL,CCU,2026-09-09,2026-08-26 21:15:00,7317.08,2026-09-09 12:37:29,DEL-CCU,2026-08-26
3319,SkyFareHub,Akasa Air,DEL,CCU,2026-09-09,2026-08-26 18:03:00,5959.6,2026-09-09 12:37:29,DEL-CCU,2026-08-26
3320,TripEase,Akasa Air,DEL,CCU,2026-09-09,2026-08-26 14:34:00,5885.35,2026-09-09 12:37:29,DEL-CCU,2026-08-26
3321,SkyFareHub,IndiGo,DEL,CCU,2026-09-25,2026-08-26 09:30:00,6098.84,2026-09-09 12:37:29,DEL-CCU,2026-08-26
3322,TripEase,IndiGo,DEL,CCU,2026-09-25,2026-08-26 16:49:00,5923.14,2026-09-09 12:37:29,DEL-CCU,2026-08-26
3323,SkyFareHub,Air India,DEL,CCU,2026-09-25,2026-08-26 10:37:00,6736.54,2026-09-09 12:37:29,DEL-CCU,2026-08-26
3324,TripEase,Air India,DEL,CCU,2026-09-25,2026-08-26 08:28:00,6268.34,2026-09-09 12:37:29,DEL-CCU,2026-08-26
3325,SkyFareHub,SpiceJet,DEL,CCU,2026-09-25,2026-08-26 14:35:00,5616.99,2026-09-09 12:37:29,DEL-CCU,2026-08-26
3326,TripEase,SpiceJet,DEL,CCU,2026-09-25,2026-08-26 06:08:00,5651.15,2026-09-09 12:37:29,DEL-CCU,2026-08-26
3327,SkyFareHub,Vistara,DEL,CCU,2026-09-25,2026-08-26 16:54:00,6881.51,2026-09-09 12:37:29,DEL-CCU,2026-08-26
3328,TripEase,Vistara,DEL,CCU,2026-09-25,2026-08-26 12:11:00,6946.55,2026-09-09 12:37:29,DEL-CCU,2026-08-26
3329,SkyFareHub,Akasa Air,DEL,CCU,2026-09-25,2026-08-26 17:21:00,5650.03,2026-09-09 12:37:29,DEL-CCU,2026-08-26
3330,TripEase,Akasa Air,DEL,CCU,2026-09-25,2026-08-26 14:16:00,5853.11,2026-09-09 12:37:29,DEL-CCU,2026-08-26
3331,SkyFareHub,IndiGo,BLR,HYD,2026-09-02,2026-08-26 10:07:00,3995.39,2026-09-09 12:37:29,BLR-HYD,2026-08-26
3332,TripEase,IndiGo,BLR,HYD,2026-09-02,2026-08-26 21:51:00,3890.2,2026-09-09 12:37:29,BLR-HYD,2026-08-26
3333,SkyFareHub,Air India,BLR,HYD,2026-09-02,2026-08-26 22:23:00,4028.38,2026-09-09 12:37:29,BLR-HYD,2026-08-26
3334,TripEase,Air India,BLR,HYD,2026-09-02,2026-08-26 07:32:00,3994.93,2026-09-09 12:37:29,BLR-HYD,2026-08-26
3335,SkyFareHub,SpiceJet,BLR,HYD,2026-09-02,2026-08-26 21:18:00,3741.38,2026-09-09 12:37:29,BLR-HYD,2026-08-26
3336,TripEase,SpiceJet,BLR,HYD,2026-09-02,2026-08-26 08:36:00,3721.48,2026-09-09 12:37:29,BLR-HYD,2026-08-26
3337,SkyFareHub,Vistara,BLR,HYD,2026-09-02,2026-08-26 09:34:00,4313.13,2026-09-09 12:37:29,BLR-HYD,2026-08-26
3338,TripEase,Vistara,BLR,HYD,2026-09-02,2026-08-26 08:36:00,4324.67,2026-09-09 12:37:29,BLR-HYD,2026-08-26
3339,SkyFareHub,Akasa Air,BLR,HYD,2026-09-02,2026-08-26 12:48:00,3898.58,2026-09-09 12:37:29,BLR-HYD,2026-08-26
3340,TripEase,Akasa Air,BLR,HYD,2026-09-02,2026-08-26 14:29:00,3660.57,2026-09-09 12:37:29,BLR-HYD,2026-08-26
3341,SkyFareHub,IndiGo,BLR,HYD,2026-09-09,2026-08-26 10:41:00,3880.34,2026-09-09 12:37:29,BLR-HYD,2026-08-26
3342,TripEase,IndiGo,BLR,HYD,2026-09-09,2026-08-26 16:29:00,3683.83,2026-09-09 12:37:29,BLR-HYD,2026-08-26
3343,SkyFareHub,Air India,BLR,HYD,2026-09-09,2026-08-26 19:56:00,4169.53,2026-09-09 12:37:29,BLR-HYD,2026-08-26
3344,TripEase,Air India,BLR,HYD,2026-09-09,2026-08-26 06:39:00,3973.88,2026-09-09 12:37:29,BLR-HYD,2026-08-26
3345,SkyFareHub,SpiceJet,BLR,HYD,2026-09-09,2026-08-26 13:20:00,3608.38,2026-09-09 12:37:29,BLR-HYD,2026-08-26
3346,TripEase,SpiceJet,BLR,HYD,2026-09-09,2026-08-26 13:37:00,3544.39,2026-09-09 12:37:29,BLR-HYD,2026-08-26
3347,SkyFareHub,Vistara,BLR,HYD,2026-09-09,2026-08-26 20:41:00,4395.06,2026-09-09 12:37:29,BLR-HYD,2026-08-26
3348,TripEase,Vistara,BLR,HYD,2026-09-09,2026-08-26 17:57:00,4508.34,2026-09-09 12:37:29,BLR-HYD,2026-08-26
3349,SkyFareHub,Akasa Air,BLR,HYD,2026-09-09,2026-08-26 10:12:00,3887.77,2026-09-09 12:37:29,BLR-HYD,2026-08-26
3350,TripEase,Akasa Air,BLR,HYD,2026-09-09,2026-08-26 11:06:00,3709.53,2026-09-09 12:37:29,BLR-HYD,2026-08-26
3351,SkyFareHub,IndiGo,BLR,HYD,2026-09-25,2026-08-26 07:49:00,3565.79,2026-09-09 12:37:29,BLR-HYD,2026-08-26
3352,TripEase,IndiGo,BLR,HYD,2026-09-25,2026-08-26 08:20:00,3539.58,2026-09-09 12:37:29,BLR-HYD,2026-08-26
3353,SkyFareHub,Air India,BLR,HYD,2026-09-25,2026-08-26 12:12:00,4197.65,2026-09-09 12:37:29,BLR-HYD,2026-08-26
3354,TripEase,Air India,BLR,HYD,2026-09-25,2026-08-26 14:14:00,3896.71,2026-09-09 12:37:29,BLR-HYD,2026-08-26
3355,SkyFareHub,SpiceJet,BLR,HYD,2026-09-25,2026-08-26 17:01:00,3561.47,2026-09-09 12:37:29,BLR-HYD,2026-08-26
3356,TripEase,SpiceJet,BLR,HYD,2026-09-25,2026-08-26 20:07:00,3480.93,2026-09-09 12:37:29,BLR-HYD,2026-08-26
3357,SkyFareHub,Vistara,BLR,HYD,2026-09-25,2026-08-26 20:55:00,4316.77,2026-09-09 12:37:29,BLR-HYD,2026-08-26
3358,TripEase,Vistara,BLR,HYD,2026-09-25,2026-08-26 18:03:00,4378.9,2026-09-09 12:37:29,BLR-HYD,2026-08-26
3359,SkyFareHub,Akasa Air,BLR,HYD,2026-09-25,2026-08-26 12:49:00,3535.56,2026-09-09 12:37:29,BLR-HYD,2026-08-26
3360,TripEase,Akasa Air,BLR,HYD,2026-09-25,2026-08-26 08:11:00,3605.63,2026-09-09 12:37:29,BLR-HYD,2026-08-26
3361,SkyFareHub,IndiGo,DEL,BOM,2026-09-03,2026-08-27 22:07:00,5631.85,2026-09-09 12:37:29,DEL-BOM,2026-08-27
3362,TripEase,IndiGo,DEL,BOM,2026-09-03,2026-08-27 21:47:00,5353.82,2026-09-09 12:37:29,DEL-BOM,2026-08-27
3363,SkyFareHub,Air India,DEL,BOM,2026-09-03,2026-08-27 16:26:00,6192.12,2026-09-09 12:37:29,DEL-BOM,2026-08-27
3364,TripEase,Air India,DEL,BOM,2026-09-03,2026-08-27 22:23:00,6077.27,2026-09-09 12:37:29,DEL-BOM,2026-08-27
3365,SkyFareHub,SpiceJet,DEL,BOM,2026-09-03,2026-08-27 20:01:00,5315.81,2026-09-09 12:37:29,DEL-BOM,2026-08-27
3366,TripEase,SpiceJet,DEL,BOM,2026-09-03,2026-08-27 18:54:00,5209.48,2026-09-09 12:37:29,DEL-BOM,2026-08-27
3367,SkyFareHub,Vistara,DEL,BOM,2026-09-03,2026-08-27 15:53:00,6182.79,2026-09-09 12:37:29,DEL-BOM,2026-08-27
3368,TripEase,Vistara,DEL,BOM,2026-09-03,2026-08-27 15:14:00,6391.23,2026-09-09 12:37:29,DEL-BOM,2026-08-27
3369,SkyFareHub,Akasa Air,DEL,BOM,2026-09-03,2026-08-27 18:56:00,5516.2,2026-09-09 12:37:29,DEL-BOM,2026-08-27
3370,TripEase,Akasa Air,DEL,BOM,2026-09-03,2026-08-27 14:46:00,5569.15,2026-09-09 12:37:29,DEL-BOM,2026-08-27
3371,SkyFareHub,IndiGo,DEL,BOM,2026-09-10,2026-08-27 10:54:00,5529.52,2026-09-09 12:37:29,DEL-BOM,2026-08-27
3372,TripEase,IndiGo,DEL,BOM,2026-09-10,2026-08-27 10:33:00,5433.47,2026-09-09 12:37:29,DEL-BOM,2026-08-27
3373,SkyFareHub,Air India,DEL,BOM,2026-09-10,2026-08-27 07:03:00,5870.36,2026-09-09 12:37:29,DEL-BOM,2026-08-27
3374,TripEase,Air India,DEL,BOM,2026-09-10,2026-08-27 15:23:00,5906.87,2026-09-09 12:37:29,DEL-BOM,2026-08-27
3375,SkyFareHub,SpiceJet,DEL,BOM,2026-09-10,2026-08-27 19:11:00,5397.93,2026-09-09 12:37:29,DEL-BOM,2026-08-27
3376,TripEase,SpiceJet,DEL,BOM,2026-09-10,2026-08-27 10:47:00,5116.11,2026-09-09 12:37:29,DEL-BOM,2026-08-27
3377,SkyFareHub,Vistara,DEL,BOM,2026-09-10,2026-08-27 17:56:00,6572.91,2026-09-09 12:37:29,DEL-BOM,2026-08-27
3378,TripEase,Vistara,DEL,BOM,2026-09-10,2026-08-27 06:31:00,6676.54,2026-09-09 12:37:29,DEL-BOM,2026-08-27
3379,SkyFareHub,Akasa Air,DEL,BOM,2026-09-10,2026-08-27 17:58:00,5199.49,2026-09-09 12:37:29,DEL-BOM,2026-08-27
3380,TripEase,Akasa Air,DEL,BOM,2026-09-10,2026-08-27 06:50:00,5542.8,2026-09-09 12:37:29,DEL-BOM,2026-08-27
3381,SkyFareHub,IndiGo,DEL,BOM,2026-09-26,2026-08-27 21:02:00,4987.43,2026-09-09 12:37:29,DEL-BOM,2026-08-27
3382,TripEase,IndiGo,DEL,BOM,2026-09-26,2026-08-27 19:02:00,5327.56,2026-09-09 12:37:29,DEL-BOM,2026-08-27
3383,SkyFareHub,Air India,DEL,BOM,2026-09-26,2026-08-27 22:10:00,5877.51,2026-09-09 12:37:29,DEL-BOM,2026-08-27
3384,TripEase,Air India,DEL,BOM,2026-09-26,2026-08-27 13:05:00,5442.81,2026-09-09 12:37:29,DEL-BOM,2026-08-27
3385,SkyFareHub,SpiceJet,DEL,BOM,2026-09-26,2026-08-27 21:29:00,4909.54,2026-09-09 12:37:29,DEL-BOM,2026-08-27
3386,TripEase,SpiceJet,DEL,BOM,2026-09-26,2026-08-27 20:08:00,5378.73,2026-09-09 12:37:29,DEL-BOM,2026-08-27
3387,SkyFareHub,Vistara,DEL,BOM,2026-09-26,2026-08-27 06:19:00,6431.73,2026-09-09 12:37:29,DEL-BOM,2026-08-27
3388,TripEase,Vistara,DEL,BOM,2026-09-26,2026-08-27 14:08:00,6277.89,2026-09-09 12:37:29,DEL-BOM,2026-08-27
3389,SkyFareHub,Akasa Air,DEL,BOM,2026-09-26,2026-08-27 09:30:00,5119.93,2026-09-09 12:37:29,DEL-BOM,2026-08-27
3390,TripEase,Akasa Air,DEL,BOM,2026-09-26,2026-08-27 12:08:00,5280.85,2026-09-09 12:37:29,DEL-BOM,2026-08-27
3391,SkyFareHub,IndiGo,DEL,BLR,2026-09-03,2026-08-27 10:14:00,5838.84,2026-09-09 12:37:29,DEL-BLR,2026-08-27
3392,TripEase,IndiGo,DEL,BLR,2026-09-03,2026-08-27 18:18:00,6278.86,2026-09-09 12:37:29,DEL-BLR,2026-08-27
3393,SkyFareHub,Air India,DEL,BLR,2026-09-03,2026-08-27 13:16:00,6648.76,2026-09-09 12:37:29,DEL-BLR,2026-08-27
3394,TripEase,Air India,DEL,BLR,2026-09-03,2026-08-27 16:45:00,6497.37,2026-09-09 12:37:29,DEL-BLR,2026-08-27
3395,SkyFareHub,SpiceJet,DEL,BLR,2026-09-03,2026-08-27 22:33:00,6085.05,2026-09-09 12:37:29,DEL-BLR,2026-08-27
3396,TripEase,SpiceJet,DEL,BLR,2026-09-03,2026-08-27 10:20:00,5975.72,2026-09-09 12:37:29,DEL-BLR,2026-08-27
3397,SkyFareHub,Vistara,DEL,BLR,2026-09-03,2026-08-27 07:47:00,7052.75,2026-09-09 12:37:29,DEL-BLR,2026-08-27
3398,TripEase,Vistara,DEL,BLR,2026-09-03,2026-08-27 07:50:00,7208.43,2026-09-09 12:37:29,DEL-BLR,2026-08-27
3399,SkyFareHub,Akasa Air,DEL,BLR,2026-09-03,2026-08-27 10:40:00,5672.15,2026-09-09 12:37:29,DEL-BLR,2026-08-27
3400,TripEase,Akasa Air,DEL,BLR,2026-09-03,2026-08-27 11:25:00,5812.38,2026-09-09 12:37:29,DEL-BLR,2026-08-27
3401,SkyFareHub,IndiGo,DEL,BLR,2026-09-10,2026-08-27 21:54:00,5965.58,2026-09-09 12:37:29,DEL-BLR,2026-08-27
3402,TripEase,IndiGo,DEL,BLR,2026-09-10,2026-08-27 18:28:00,5996.35,2026-09-09 12:37:29,DEL-BLR,2026-08-27
3403,SkyFareHub,Air India,DEL,BLR,2026-09-10,2026-08-27 14:34:00,6745.27,2026-09-09 12:37:29,DEL-BLR,2026-08-27
3404,TripEase,Air India,DEL,BLR,2026-09-10,2026-08-27 22:59:00,6571.4,2026-09-09 12:37:29,DEL-BLR,2026-08-27
3405,SkyFareHub,SpiceJet,DEL,BLR,2026-09-10,2026-08-27 11:16:00,5819.9,2026-09-09 12:37:29,DEL-BLR,2026-08-27
3406,TripEase,SpiceJet,DEL,BLR,2026-09-10,2026-08-27 20:42:00,5778.74,2026-09-09 12:37:29,DEL-BLR,2026-08-27
3407,SkyFareHub,Vistara,DEL,BLR,2026-09-10,2026-08-27 22:16:00,6853.25,2026-09-09 12:37:29,DEL-BLR,2026-08-27
3408,TripEase,Vistara,DEL,BLR,2026-09-10,2026-08-27 06:34:00,6630.7,2026-09-09 12:37:29,DEL-BLR,2026-08-27
3409,SkyFareHub,Akasa Air,DEL,BLR,2026-09-10,2026-08-27 20:53:00,5573.87,2026-09-09 12:37:29,DEL-BLR,2026-08-27
3410,TripEase,Akasa Air,DEL,BLR,2026-09-10,2026-08-27 15:08:00,5680.19,2026-09-09 12:37:29,DEL-BLR,2026-08-27
3411,SkyFareHub,IndiGo,DEL,BLR,2026-09-26,2026-08-27 19:35:00,5933.25,2026-09-09 12:37:29,DEL-BLR,2026-08-27
3412,TripEase,IndiGo,DEL,BLR,2026-09-26,2026-08-27 22:11:00,5906.66,2026-09-09 12:37:29,DEL-BLR,2026-08-27
3413,SkyFareHub,Air India,DEL,BLR,2026-09-26,2026-08-27 22:12:00,6407.87,2026-09-09 12:37:29,DEL-BLR,2026-08-27
3414,TripEase,Air India,DEL,BLR,2026-09-26,2026-08-27 06:12:00,6180.65,2026-09-09 12:37:29,DEL-BLR,2026-08-27
3415,SkyFareHub,SpiceJet,DEL,BLR,2026-09-26,2026-08-27 10:36:00,5590.22,2026-09-09 12:37:29,DEL-BLR,2026-08-27
3416,TripEase,SpiceJet,DEL,BLR,2026-09-26,2026-08-27 17:34:00,5703.07,2026-09-09 12:37:29,DEL-BLR,2026-08-27
3417,SkyFareHub,Vistara,DEL,BLR,2026-09-26,2026-08-27 22:10:00,6735.98,2026-09-09 12:37:29,DEL-BLR,2026-08-27
3418,TripEase,Vistara,DEL,BLR,2026-09-26,2026-08-27 11:40:00,6472.66,2026-09-09 12:37:29,DEL-BLR,2026-08-27
3419,SkyFareHub,Akasa Air,DEL,BLR,2026-09-26,2026-08-27 10:34:00,5752.71,2026-09-09 12:37:29,DEL-BLR,2026-08-27
3420,TripEase,Akasa Air,DEL,BLR,2026-09-26,2026-08-27 12:17:00,5889.03,2026-09-09 12:37:29,DEL-BLR,2026-08-27
3421,SkyFareHub,IndiGo,BOM,BLR,2026-09-03,2026-08-27 18:18:00,4547.49,2026-09-09 12:37:29,BOM-BLR,2026-08-27
3422,TripEase,IndiGo,BOM,BLR,2026-09-03,2026-08-27 19:57:00,4549.44,2026-09-09 12:37:29,BOM-BLR,2026-08-27
3423,SkyFareHub,Air India,BOM,BLR,2026-09-03,2026-08-27 15:00:00,4888.41,2026-09-09 12:37:29,BOM-BLR,2026-08-27
3424,TripEase,Air India,BOM,BLR,2026-09-03,2026-08-27 15:13:00,4844.1,2026-09-09 12:37:29,BOM-BLR,2026-08-27
3425,SkyFareHub,SpiceJet,BOM,BLR,2026-09-03,2026-08-27 08:03:00,4531.62,2026-09-09 12:37:29,BOM-BLR,2026-08-27
3426,TripEase,SpiceJet,BOM,BLR,2026-09-03,2026-08-27 21:52:00,4349.6,2026-09-09 12:37:29,BOM-BLR,2026-08-27
3427,SkyFareHub,Vistara,BOM,BLR,2026-09-03,2026-08-27 13:25:00,5277.5,2026-09-09 12:37:29,BOM-BLR,2026-08-27
3428,TripEase,Vistara,BOM,BLR,2026-09-03,2026-08-27 18:37:00,5438.41,2026-09-09 12:37:29,BOM-BLR,2026-08-27
3429,SkyFareHub,Akasa Air,BOM,BLR,2026-09-03,2026-08-27 08:14:00,4426.49,2026-09-09 12:37:29,BOM-BLR,2026-08-27
3430,TripEase,Akasa Air,BOM,BLR,2026-09-03,2026-08-27 18:07:00,4551.48,2026-09-09 12:37:29,BOM-BLR,2026-08-27
3431,SkyFareHub,IndiGo,BOM,BLR,2026-09-10,2026-08-27 10:13:00,4623.78,2026-09-09 12:37:29,BOM-BLR,2026-08-27
3432,TripEase,IndiGo,BOM,BLR,2026-09-10,2026-08-27 16:00:00,4545.03,2026-09-09 12:37:29,BOM-BLR,2026-08-27
3433,SkyFareHub,Air India,BOM,BLR,2026-09-10,2026-08-27 22:06:00,4939.73,2026-09-09 12:37:29,BOM-BLR,2026-08-27
3434,TripEase,Air India,BOM,BLR,2026-09-10,2026-08-27 13:42:00,5015.19,2026-09-09 12:37:29,BOM-BLR,2026-08-27
3435,SkyFareHub,SpiceJet,BOM,BLR,2026-09-10,2026-08-27 20:09:00,4354.66,2026-09-09 12:37:29,BOM-BLR,2026-08-27
3436,TripEase,SpiceJet,BOM,BLR,2026-09-10,2026-08-27 16:56:00,4268.69,2026-09-09 12:37:29,BOM-BLR,2026-08-27
3437,SkyFareHub,Vistara,BOM,BLR,2026-09-10,2026-08-27 18:53:00,5254.01,2026-09-09 12:37:29,BOM-BLR,2026-08-27
3438,TripEase,Vistara,BOM,BLR,2026-09-10,2026-08-27 20:27:00,5238.5,2026-09-09 12:37:29,BOM-BLR,2026-08-27
3439,SkyFareHub,Akasa Air,BOM,BLR,2026-09-10,2026-08-27 21:48:00,4511.98,2026-09-09 12:37:29,BOM-BLR,2026-08-27
3440,TripEase,Akasa Air,BOM,BLR,2026-09-10,2026-08-27 08:46:00,4315.99,2026-09-09 12:37:29,BOM-BLR,2026-08-27
3441,SkyFareHub,IndiGo,BOM,BLR,2026-09-26,2026-08-27 17:15:00,4432.12,2026-09-09 12:37:29,BOM-BLR,2026-08-27
3442,TripEase,IndiGo,BOM,BLR,2026-09-26,2026-08-27 19:26:00,4542.4,2026-09-09 12:37:29,BOM-BLR,2026-08-27
3443,SkyFareHub,Air India,BOM,BLR,2026-09-26,2026-08-27 14:53:00,4440.43,2026-09-09 12:37:29,BOM-BLR,2026-08-27
3444,TripEase,Air India,BOM,BLR,2026-09-26,2026-08-27 14:40:00,4740.76,2026-09-09 12:37:29,BOM-BLR,2026-08-27
3445,SkyFareHub,SpiceJet,BOM,BLR,2026-09-26,2026-08-27 14:22:00,4134.11,2026-09-09 12:37:29,BOM-BLR,2026-08-27
3446,TripEase,SpiceJet,BOM,BLR,2026-09-26,2026-08-27 21:15:00,3913.71,2026-09-09 12:37:29,BOM-BLR,2026-08-27
3447,SkyFareHub,Vistara,BOM,BLR,2026-09-26,2026-08-27 19:42:00,4976.01,2026-09-09 12:37:29,BOM-BLR,2026-08-27
3448,TripEase,Vistara,BOM,BLR,2026-09-26,2026-08-27 21:35:00,5081.31,2026-09-09 12:37:29,BOM-BLR,2026-08-27
3449,SkyFareHub,Akasa Air,BOM,BLR,2026-09-26,2026-08-27 22:55:00,4291.78,2026-09-09 12:37:29,BOM-BLR,2026-08-27
3450,TripEase,Akasa Air,BOM,BLR,2026-09-26,2026-08-27 09:37:00,4353.27,2026-09-09 12:37:29,BOM-BLR,2026-08-27
3451,SkyFareHub,IndiGo,DEL,MAA,2026-09-03,2026-08-27 09:36:00,6856.99,2026-09-09 12:37:29,DEL-MAA,2026-08-27
3452,TripEase,IndiGo,DEL,MAA,2026-09-03,2026-08-27 13:23:00,6592.01,2026-09-09 12:37:29,DEL-MAA,2026-08-27
3453,SkyFareHub,Air India,DEL,MAA,2026-09-03,2026-08-27 19:52:00,7286.49,2026-09-09 12:37:29,DEL-MAA,2026-08-27
3454,TripEase,Air India,DEL,MAA,2026-09-03,2026-08-27 17:41:00,7194.89,2026-09-09 12:37:29,DEL-MAA,2026-08-27
3455,SkyFareHub,SpiceJet,DEL,MAA,2026-09-03,2026-08-27 22:02:00,6568.03,2026-09-09 12:37:29,DEL-MAA,2026-08-27
3456,TripEase,SpiceJet,DEL,MAA,2026-09-03,2026-08-27 19:42:00,6629.8,2026-09-09 12:37:29,DEL-MAA,2026-08-27
3457,SkyFareHub,Vistara,DEL,MAA,2026-09-03,2026-08-27 11:01:00,7733.19,2026-09-09 12:37:29,DEL-MAA,2026-08-27
3458,TripEase,Vistara,DEL,MAA,2026-09-03,2026-08-27 15:58:00,7615.7,2026-09-09 12:37:29,DEL-MAA,2026-08-27
3459,SkyFareHub,Akasa Air,DEL,MAA,2026-09-03,2026-08-27 20:54:00,6195.64,2026-09-09 12:37:29,DEL-MAA,2026-08-27
3460,TripEase,Akasa Air,DEL,MAA,2026-09-03,2026-08-27 17:22:00,6568.9,2026-09-09 12:37:29,DEL-MAA,2026-08-27
3461,SkyFareHub,IndiGo,DEL,MAA,2026-09-10,2026-08-27 20:50:00,6676.02,2026-09-09 12:37:29,DEL-MAA,2026-08-27
3462,TripEase,IndiGo,DEL,MAA,2026-09-10,2026-08-27 14:49:00,6274.65,2026-09-09 12:37:29,DEL-MAA,2026-08-27
3463,SkyFareHub,Air India,DEL,MAA,2026-09-10,2026-08-27 16:47:00,7092.0,2026-09-09 12:37:29,DEL-MAA,2026-08-27
3464,TripEase,Air India,DEL,MAA,2026-09-10,2026-08-27 11:54:00,6929.61,2026-09-09 12:37:29,DEL-MAA,2026-08-27
3465,SkyFareHub,SpiceJet,DEL,MAA,2026-09-10,2026-08-27 17:39:00,6047.75,2026-09-09 12:37:29,DEL-MAA,2026-08-27
3466,TripEase,SpiceJet,DEL,MAA,2026-09-10,2026-08-27 13:20:00,6333.29,2026-09-09 12:37:29,DEL-MAA,2026-08-27
3467,SkyFareHub,Vistara,DEL,MAA,2026-09-10,2026-08-27 08:40:00,7524.03,2026-09-09 12:37:29,DEL-MAA,2026-08-27
3468,TripEase,Vistara,DEL,MAA,2026-09-10,2026-08-27 11:48:00,7504.67,2026-09-09 12:37:29,DEL-MAA,2026-08-27
3469,SkyFareHub,Akasa Air,DEL,MAA,2026-09-10,2026-08-27 21:22:00,6182.52,2026-09-09 12:37:29,DEL-MAA,2026-08-27
3470,TripEase,Akasa Air,DEL,MAA,2026-09-10,2026-08-27 17:48:00,6225.13,2026-09-09 12:37:29,DEL-MAA,2026-08-27
3471,SkyFareHub,IndiGo,DEL,MAA,2026-09-26,2026-08-27 06:07:00,6014.64,2026-09-09 12:37:29,DEL-MAA,2026-08-27
3472,TripEase,IndiGo,DEL,MAA,2026-09-26,2026-08-27 22:44:00,6083.85,2026-09-09 12:37:29,DEL-MAA,2026-08-27
3473,SkyFareHub,Air India,DEL,MAA,2026-09-26,2026-08-27 11:25:00,6811.5,2026-09-09 12:37:29,DEL-MAA,2026-08-27
3474,TripEase,Air India,DEL,MAA,2026-09-26,2026-08-27 08:05:00,6708.4,2026-09-09 12:37:29,DEL-MAA,2026-08-27
3475,SkyFareHub,SpiceJet,DEL,MAA,2026-09-26,2026-08-27 18:54:00,6247.4,2026-09-09 12:37:29,DEL-MAA,2026-08-27
3476,TripEase,SpiceJet,DEL,MAA,2026-09-26,2026-08-27 17:25:00,5960.81,2026-09-09 12:37:29,DEL-MAA,2026-08-27
3477,SkyFareHub,Vistara,DEL,MAA,2026-09-26,2026-08-27 15:39:00,6996.01,2026-09-09 12:37:29,DEL-MAA,2026-08-27
3478,TripEase,Vistara,DEL,MAA,2026-09-26,2026-08-27 13:28:00,7117.85,2026-09-09 12:37:29,DEL-MAA,2026-08-27
3479,SkyFareHub,Akasa Air,DEL,MAA,2026-09-26,2026-08-27 10:42:00,6189.3,2026-09-09 12:37:29,DEL-MAA,2026-08-27
3480,TripEase,Akasa Air,DEL,MAA,2026-09-26,2026-08-27 13:53:00,6190.22,2026-09-09 12:37:29,DEL-MAA,2026-08-27
3481,SkyFareHub,IndiGo,BOM,MAA,2026-09-03,2026-08-27 13:28:00,5900.7,2026-09-09 12:37:29,BOM-MAA,2026-08-27
3482,TripEase,IndiGo,BOM,MAA,2026-09-03,2026-08-27 06:18:00,5877.33,2026-09-09 12:37:29,BOM-MAA,2026-08-27
3483,SkyFareHub,Air India,BOM,MAA,2026-09-03,2026-08-27 21:53:00,6066.45,2026-09-09 12:37:29,BOM-MAA,2026-08-27
3484,TripEase,Air India,BOM,MAA,2026-09-03,2026-08-27 12:26:00,6371.16,2026-09-09 12:37:29,BOM-MAA,2026-08-27
3485,SkyFareHub,SpiceJet,BOM,MAA,2026-09-03,2026-08-27 18:40:00,5478.0,2026-09-09 12:37:29,BOM-MAA,2026-08-27
3486,TripEase,SpiceJet,BOM,MAA,2026-09-03,2026-08-27 18:47:00,5782.08,2026-09-09 12:37:29,BOM-MAA,2026-08-27
3487,SkyFareHub,Vistara,BOM,MAA,2026-09-03,2026-08-27 17:51:00,6785.68,2026-09-09 12:37:29,BOM-MAA,2026-08-27
3488,TripEase,Vistara,BOM,MAA,2026-09-03,2026-08-27 17:57:00,6930.33,2026-09-09 12:37:29,BOM-MAA,2026-08-27
3489,SkyFareHub,Akasa Air,BOM,MAA,2026-09-03,2026-08-27 17:04:00,5834.73,2026-09-09 12:37:29,BOM-MAA,2026-08-27
3490,TripEase,Akasa Air,BOM,MAA,2026-09-03,2026-08-27 13:50:00,5815.21,2026-09-09 12:37:29,BOM-MAA,2026-08-27
3491,SkyFareHub,IndiGo,BOM,MAA,2026-09-10,2026-08-27 22:45:00,5712.33,2026-09-09 12:37:29,BOM-MAA,2026-08-27
3492,TripEase,IndiGo,BOM,MAA,2026-09-10,2026-08-27 13:46:00,5747.74,2026-09-09 12:37:29,BOM-MAA,2026-08-27
3493,SkyFareHub,Air India,BOM,MAA,2026-09-10,2026-08-27 13:29:00,6290.14,2026-09-09 12:37:29,BOM-MAA,2026-08-27
3494,TripEase,Air India,BOM,MAA,2026-09-10,2026-08-27 20:39:00,6301.03,2026-09-09 12:37:29,BOM-MAA,2026-08-27
3495,SkyFareHub,SpiceJet,BOM,MAA,2026-09-10,2026-08-27 08:10:00,5535.74,2026-09-09 12:37:29,BOM-MAA,2026-08-27
3496,TripEase,SpiceJet,BOM,MAA,2026-09-10,2026-08-27 07:57:00,5304.37,2026-09-09 12:37:29,BOM-MAA,2026-08-27
3497,SkyFareHub,Vistara,BOM,MAA,2026-09-10,2026-08-27 10:04:00,6763.92,2026-09-09 12:37:29,BOM-MAA,2026-08-27
3498,TripEase,Vistara,BOM,MAA,2026-09-10,2026-08-27 14:36:00,6620.73,2026-09-09 12:37:29,BOM-MAA,2026-08-27
3499,SkyFareHub,Akasa Air,BOM,MAA,2026-09-10,2026-08-27 06:45:00,5671.83,2026-09-09 12:37:29,BOM-MAA,2026-08-27
3500,TripEase,Akasa Air,BOM,MAA,2026-09-10,2026-08-27 10:25:00,5670.22,2026-09-09 12:37:29,BOM-MAA,2026-08-27
3501,SkyFareHub,IndiGo,BOM,MAA,2026-09-26,2026-08-27 15:21:00,5487.97,2026-09-09 12:37:29,BOM-MAA,2026-08-27
3502,TripEase,IndiGo,BOM,MAA,2026-09-26,2026-08-27 22:26:00,5612.82,2026-09-09 12:37:29,BOM-MAA,2026-08-27
3503,SkyFareHub,Air India,BOM,MAA,2026-09-26,2026-08-27 16:55:00,5924.4,2026-09-09 12:37:29,BOM-MAA,2026-08-27
3504,TripEase,Air India,BOM,MAA,2026-09-26,2026-08-27 17:37:00,5883.05,2026-09-09 12:37:29,BOM-MAA,2026-08-27
3505,SkyFareHub,SpiceJet,BOM,MAA,2026-09-26,2026-08-27 08:33:00,5341.31,2026-09-09 12:37:29,BOM-MAA,2026-08-27
3506,TripEase,SpiceJet,BOM,MAA,2026-09-26,2026-08-27 12:15:00,5205.15,2026-09-09 12:37:29,BOM-MAA,2026-08-27
3507,SkyFareHub,Vistara,BOM,MAA,2026-09-26,2026-08-27 11:53:00,6832.35,2026-09-09 12:37:29,BOM-MAA,2026-08-27
3508,TripEase,Vistara,BOM,MAA,2026-09-26,2026-08-27 21:46:00,6370.24,2026-09-09 12:37:29,BOM-MAA,2026-08-27
3509,SkyFareHub,Akasa Air,BOM,MAA,2026-09-26,2026-08-27 18:36:00,5162.5,2026-09-09 12:37:29,BOM-MAA,2026-08-27
3510,TripEase,Akasa Air,BOM,MAA,2026-09-26,2026-08-27 19:24:00,5612.09,2026-09-09 12:37:29,BOM-MAA,2026-08-27
3511,SkyFareHub,IndiGo,DEL,CCU,2026-09-03,2026-08-27 16:11:00,6277.82,2026-09-09 12:37:29,DEL-CCU,2026-08-27
3512,TripEase,IndiGo,DEL,CCU,2026-09-03,2026-08-27 19:56:00,6056.49,2026-09-09 12:37:29,DEL-CCU,2026-08-27
3513,SkyFareHub,Air India,DEL,CCU,2026-09-03,2026-08-27 14:25:00,6518.0,2026-09-09 12:37:29,DEL-CCU,2026-08-27
3514,TripEase,Air India,DEL,CCU,2026-09-03,2026-08-27 08:21:00,6596.55,2026-09-09 12:37:29,DEL-CCU,2026-08-27
3515,SkyFareHub,SpiceJet,DEL,CCU,2026-09-03,2026-08-27 14:01:00,5830.47,2026-09-09 12:37:29,DEL-CCU,2026-08-27
3516,TripEase,SpiceJet,DEL,CCU,2026-09-03,2026-08-27 07:43:00,6023.78,2026-09-09 12:37:29,DEL-CCU,2026-08-27
3517,SkyFareHub,Vistara,DEL,CCU,2026-09-03,2026-08-27 22:00:00,7044.74,2026-09-09 12:37:29,DEL-CCU,2026-08-27
3518,TripEase,Vistara,DEL,CCU,2026-09-03,2026-08-27 06:51:00,6924.87,2026-09-09 12:37:29,DEL-CCU,2026-08-27
3519,SkyFareHub,Akasa Air,DEL,CCU,2026-09-03,2026-08-27 08:11:00,6347.95,2026-09-09 12:37:29,DEL-CCU,2026-08-27
3520,TripEase,Akasa Air,DEL,CCU,2026-09-03,2026-08-27 11:34:00,6017.86,2026-09-09 12:37:29,DEL-CCU,2026-08-27
3521,SkyFareHub,IndiGo,DEL,CCU,2026-09-10,2026-08-27 10:38:00,6027.82,2026-09-09 12:37:29,DEL-CCU,2026-08-27
3522,TripEase,IndiGo,DEL,CCU,2026-09-10,2026-08-27 20:45:00,6042.54,2026-09-09 12:37:29,DEL-CCU,2026-08-27
3523,SkyFareHub,Air India,DEL,CCU,2026-09-10,2026-08-27 22:09:00,7019.8,2026-09-09 12:37:29,DEL-CCU,2026-08-27
3524,TripEase,Air India,DEL,CCU,2026-09-10,2026-08-27 07:59:00,6870.92,2026-09-09 12:37:29,DEL-CCU,2026-08-27
3525,SkyFareHub,SpiceJet,DEL,CCU,2026-09-10,2026-08-27 09:51:00,6094.93,2026-09-09 12:37:29,DEL-CCU,2026-08-27
3526,TripEase,SpiceJet,DEL,CCU,2026-09-10,2026-08-27 09:22:00,6274.45,2026-09-09 12:37:29,DEL-CCU,2026-08-27
3527,SkyFareHub,Vistara,DEL,CCU,2026-09-10,2026-08-27 11:57:00,7303.32,2026-09-09 12:37:29,DEL-CCU,2026-08-27
3528,TripEase,Vistara,DEL,CCU,2026-09-10,2026-08-27 10:39:00,6798.69,2026-09-09 12:37:29,DEL-CCU,2026-08-27
3529,SkyFareHub,Akasa Air,DEL,CCU,2026-09-10,2026-08-27 18:50:00,6400.67,2026-09-09 12:37:29,DEL-CCU,2026-08-27
3530,TripEase,Akasa Air,DEL,CCU,2026-09-10,2026-08-27 08:21:00,5874.96,2026-09-09 12:37:29,DEL-CCU,2026-08-27
3531,SkyFareHub,IndiGo,DEL,CCU,2026-09-26,2026-08-27 21:12:00,5769.14,2026-09-09 12:37:29,DEL-CCU,2026-08-27
3532,TripEase,IndiGo,DEL,CCU,2026-09-26,2026-08-27 07:58:00,5996.96,2026-09-09 12:37:29,DEL-CCU,2026-08-27
3533,SkyFareHub,Air India,DEL,CCU,2026-09-26,2026-08-27 09:54:00,6745.88,2026-09-09 12:37:29,DEL-CCU,2026-08-27
3534,TripEase,Air India,DEL,CCU,2026-09-26,2026-08-27 16:58:00,6576.72,2026-09-09 12:37:29,DEL-CCU,2026-08-27
3535,SkyFareHub,SpiceJet,DEL,CCU,2026-09-26,2026-08-27 22:25:00,5758.16,2026-09-09 12:37:29,DEL-CCU,2026-08-27
3536,TripEase,SpiceJet,DEL,CCU,2026-09-26,2026-08-27 15:20:00,5886.59,2026-09-09 12:37:29,DEL-CCU,2026-08-27
3537,SkyFareHub,Vistara,DEL,CCU,2026-09-26,2026-08-27 15:40:00,6831.63,2026-09-09 12:37:29,DEL-CCU,2026-08-27
3538,TripEase,Vistara,DEL,CCU,2026-09-26,2026-08-27 08:31:00,6856.31,2026-09-09 12:37:29,DEL-CCU,2026-08-27
3539,SkyFareHub,Akasa Air,DEL,CCU,2026-09-26,2026-08-27 21:39:00,5479.17,2026-09-09 12:37:29,DEL-CCU,2026-08-27
3540,TripEase,Akasa Air,DEL,CCU,2026-09-26,2026-08-27 15:49:00,5787.51,2026-09-09 12:37:29,DEL-CCU,2026-08-27
3541,SkyFareHub,IndiGo,BLR,HYD,2026-09-03,2026-08-27 07:12:00,3824.5,2026-09-09 12:37:29,BLR-HYD,2026-08-27
3542,TripEase,IndiGo,BLR,HYD,2026-09-03,2026-08-27 11:41:00,3964.39,2026-09-09 12:37:29,BLR-HYD,2026-08-27
3543,SkyFareHub,Air India,BLR,HYD,2026-09-03,2026-08-27 06:03:00,4004.79,2026-09-09 12:37:29,BLR-HYD,2026-08-27
3544,TripEase,Air India,BLR,HYD,2026-09-03,2026-08-27 17:34:00,4307.73,2026-09-09 12:37:29,BLR-HYD,2026-08-27
3545,SkyFareHub,SpiceJet,BLR,HYD,2026-09-03,2026-08-27 19:47:00,3617.42,2026-09-09 12:37:29,BLR-HYD,2026-08-27
3546,TripEase,SpiceJet,BLR,HYD,2026-09-03,2026-08-27 22:23:00,3756.81,2026-09-09 12:37:29,BLR-HYD,2026-08-27
3547,SkyFareHub,Vistara,BLR,HYD,2026-09-03,2026-08-27 12:06:00,4394.36,2026-09-09 12:37:29,BLR-HYD,2026-08-27
3548,TripEase,Vistara,BLR,HYD,2026-09-03,2026-08-27 13:45:00,4352.28,2026-09-09 12:37:29,BLR-HYD,2026-08-27
3549,SkyFareHub,Akasa Air,BLR,HYD,2026-09-03,2026-08-27 21:13:00,3748.95,2026-09-09 12:37:29,BLR-HYD,2026-08-27
3550,TripEase,Akasa Air,BLR,HYD,2026-09-03,2026-08-27 07:59:00,3801.54,2026-09-09 12:37:29,BLR-HYD,2026-08-27
3551,SkyFareHub,IndiGo,BLR,HYD,2026-09-10,2026-08-27 09:59:00,3871.35,2026-09-09 12:37:29,BLR-HYD,2026-08-27
3552,TripEase,IndiGo,BLR,HYD,2026-09-10,2026-08-27 16:11:00,3844.49,2026-09-09 12:37:29,BLR-HYD,2026-08-27
3553,SkyFareHub,Air India,BLR,HYD,2026-09-10,2026-08-27 17:58:00,4362.48,2026-09-09 12:37:29,BLR-HYD,2026-08-27
3554,TripEase,Air India,BLR,HYD,2026-09-10,2026-08-27 10:38:00,4119.94,2026-09-09 12:37:29,BLR-HYD,2026-08-27
3555,SkyFareHub,SpiceJet,BLR,HYD,2026-09-10,2026-08-27 19:43:00,3588.12,2026-09-09 12:37:29,BLR-HYD,2026-08-27
3556,TripEase,SpiceJet,BLR,HYD,2026-09-10,2026-08-27 15:13:00,3724.65,2026-09-09 12:37:29,BLR-HYD,2026-08-27
3557,SkyFareHub,Vistara,BLR,HYD,2026-09-10,2026-08-27 14:26:00,4583.19,2026-09-09 12:37:29,BLR-HYD,2026-08-27
3558,TripEase,Vistara,BLR,HYD,2026-09-10,2026-08-27 19:24:00,4432.91,2026-09-09 12:37:29,BLR-HYD,2026-08-27
3559,SkyFareHub,Akasa Air,BLR,HYD,2026-09-10,2026-08-27 21:16:00,3724.76,2026-09-09 12:37:29,BLR-HYD,2026-08-27
3560,TripEase,Akasa Air,BLR,HYD,2026-09-10,2026-08-27 18:02:00,3759.15,2026-09-09 12:37:29,BLR-HYD,2026-08-27
3561,SkyFareHub,IndiGo,BLR,HYD,2026-09-26,2026-08-27 13:04:00,3736.85,2026-09-09 12:37:29,BLR-HYD,2026-08-27
3562,TripEase,IndiGo,BLR,HYD,2026-09-26,2026-08-27 21:04:00,3645.68,2026-09-09 12:37:29,BLR-HYD,2026-08-27
3563,SkyFareHub,Air India,BLR,HYD,2026-09-26,2026-08-27 14:43:00,3843.23,2026-09-09 12:37:29,BLR-HYD,2026-08-27
3564,TripEase,Air India,BLR,HYD,2026-09-26,2026-08-27 15:34:00,4100.66,2026-09-09 12:37:29,BLR-HYD,2026-08-27
3565,SkyFareHub,SpiceJet,BLR,HYD,2026-09-26,2026-08-27 14:06:00,3520.62,2026-09-09 12:37:29,BLR-HYD,2026-08-27
3566,TripEase,SpiceJet,BLR,HYD,2026-09-26,2026-08-27 12:05:00,3556.82,2026-09-09 12:37:29,BLR-HYD,2026-08-27
3567,SkyFareHub,Vistara,BLR,HYD,2026-09-26,2026-08-27 10:33:00,4261.85,2026-09-09 12:37:29,BLR-HYD,2026-08-27
3568,TripEase,Vistara,BLR,HYD,2026-09-26,2026-08-27 09:07:00,4404.12,2026-09-09 12:37:29,BLR-HYD,2026-08-27
3569,SkyFareHub,Akasa Air,BLR,HYD,2026-09-26,2026-08-27 11:05:00,3573.37,2026-09-09 12:37:29,BLR-HYD,2026-08-27
3570,TripEase,Akasa Air,BLR,HYD,2026-09-26,2026-08-27 13:27:00,3720.53,2026-09-09 12:37:29,BLR-HYD,2026-08-27
3571,SkyFareHub,IndiGo,DEL,BOM,2026-09-04,2026-08-28 10:28:00,5644.68,2026-09-09 12:37:29,DEL-BOM,2026-08-28
3572,TripEase,IndiGo,DEL,BOM,2026-09-04,2026-08-28 22:49:00,5502.72,2026-09-09 12:37:29,DEL-BOM,2026-08-28
3573,SkyFareHub,Air India,DEL,BOM,2026-09-04,2026-08-28 16:02:00,6390.68,2026-09-09 12:37:29,DEL-BOM,2026-08-28
3574,TripEase,Air India,DEL,BOM,2026-09-04,2026-08-28 16:55:00,6259.39,2026-09-09 12:37:29,DEL-BOM,2026-08-28
3575,SkyFareHub,SpiceJet,DEL,BOM,2026-09-04,2026-08-28 17:29:00,5660.2,2026-09-09 12:37:29,DEL-BOM,2026-08-28
3576,TripEase,SpiceJet,DEL,BOM,2026-09-04,2026-08-28 18:24:00,5251.46,2026-09-09 12:37:29,DEL-BOM,2026-08-28
3577,SkyFareHub,Vistara,DEL,BOM,2026-09-04,2026-08-28 08:14:00,6195.99,2026-09-09 12:37:29,DEL-BOM,2026-08-28
3578,TripEase,Vistara,DEL,BOM,2026-09-04,2026-08-28 20:01:00,6174.18,2026-09-09 12:37:29,DEL-BOM,2026-08-28
3579,SkyFareHub,Akasa Air,DEL,BOM,2026-09-04,2026-08-28 13:38:00,5466.4,2026-09-09 12:37:29,DEL-BOM,2026-08-28
3580,TripEase,Akasa Air,DEL,BOM,2026-09-04,2026-08-28 10:35:00,5476.34,2026-09-09 12:37:29,DEL-BOM,2026-08-28
3581,SkyFareHub,IndiGo,DEL,BOM,2026-09-11,2026-08-28 08:26:00,5592.34,2026-09-09 12:37:29,DEL-BOM,2026-08-28
3582,TripEase,IndiGo,DEL,BOM,2026-09-11,2026-08-28 11:46:00,5381.8,2026-09-09 12:37:29,DEL-BOM,2026-08-28
3583,SkyFareHub,Air India,DEL,BOM,2026-09-11,2026-08-28 10:57:00,6137.21,2026-09-09 12:37:29,DEL-BOM,2026-08-28
3584,TripEase,Air India,DEL,BOM,2026-09-11,2026-08-28 18:00:00,5691.8,2026-09-09 12:37:29,DEL-BOM,2026-08-28
3585,SkyFareHub,SpiceJet,DEL,BOM,2026-09-11,2026-08-28 09:54:00,5382.66,2026-09-09 12:37:29,DEL-BOM,2026-08-28
3586,TripEase,SpiceJet,DEL,BOM,2026-09-11,2026-08-28 08:01:00,5181.93,2026-09-09 12:37:29,DEL-BOM,2026-08-28
3587,SkyFareHub,Vistara,DEL,BOM,2026-09-11,2026-08-28 18:18:00,6596.79,2026-09-09 12:37:29,DEL-BOM,2026-08-28
3588,TripEase,Vistara,DEL,BOM,2026-09-11,2026-08-28 13:43:00,6415.4,2026-09-09 12:37:29,DEL-BOM,2026-08-28
3589,SkyFareHub,Akasa Air,DEL,BOM,2026-09-11,2026-08-28 20:30:00,5283.45,2026-09-09 12:37:29,DEL-BOM,2026-08-28
3590,TripEase,Akasa Air,DEL,BOM,2026-09-11,2026-08-28 17:14:00,5436.41,2026-09-09 12:37:29,DEL-BOM,2026-08-28
3591,SkyFareHub,IndiGo,DEL,BOM,2026-09-27,2026-08-28 11:24:00,5243.62,2026-09-09 12:37:29,DEL-BOM,2026-08-28
3592,TripEase,IndiGo,DEL,BOM,2026-09-27,2026-08-28 17:47:00,5688.19,2026-09-09 12:37:29,DEL-BOM,2026-08-28
3593,SkyFareHub,Air India,DEL,BOM,2026-09-27,2026-08-28 10:02:00,5664.4,2026-09-09 12:37:29,DEL-BOM,2026-08-28
3594,TripEase,Air India,DEL,BOM,2026-09-27,2026-08-28 13:25:00,5834.53,2026-09-09 12:37:29,DEL-BOM,2026-08-28
3595,SkyFareHub,SpiceJet,DEL,BOM,2026-09-27,2026-08-28 12:25:00,4970.32,2026-09-09 12:37:29,DEL-BOM,2026-08-28
3596,TripEase,SpiceJet,DEL,BOM,2026-09-27,2026-08-28 20:28:00,5027.08,2026-09-09 12:37:29,DEL-BOM,2026-08-28
3597,SkyFareHub,Vistara,DEL,BOM,2026-09-27,2026-08-28 16:20:00,6363.88,2026-09-09 12:37:29,DEL-BOM,2026-08-28
3598,TripEase,Vistara,DEL,BOM,2026-09-27,2026-08-28 22:13:00,6100.56,2026-09-09 12:37:29,DEL-BOM,2026-08-28
3599,SkyFareHub,Akasa Air,DEL,BOM,2026-09-27,2026-08-28 12:55:00,5152.02,2026-09-09 12:37:29,DEL-BOM,2026-08-28
3600,TripEase,Akasa Air,DEL,BOM,2026-09-27,2026-08-28 17:57:00,5375.02,2026-09-09 12:37:29,DEL-BOM,2026-08-28
3601,SkyFareHub,IndiGo,DEL,BLR,2026-09-04,2026-08-28 19:23:00,6239.31,2026-09-09 12:37:29,DEL-BLR,2026-08-28
3602,TripEase,IndiGo,DEL,BLR,2026-09-04,2026-08-28 10:30:00,6089.36,2026-09-09 12:37:29,DEL-BLR,2026-08-28
3603,SkyFareHub,Air India,DEL,BLR,2026-09-04,2026-08-28 15:57:00,6467.35,2026-09-09 12:37:29,DEL-BLR,2026-08-28
3604,TripEase,Air India,DEL,BLR,2026-09-04,2026-08-28 19:03:00,6899.11,2026-09-09 12:37:29,DEL-BLR,2026-08-28
3605,SkyFareHub,SpiceJet,DEL,BLR,2026-09-04,2026-08-28 11:42:00,5621.31,2026-09-09 12:37:29,DEL-BLR,2026-08-28
3606,TripEase,SpiceJet,DEL,BLR,2026-09-04,2026-08-28 11:28:00,5770.13,2026-09-09 12:37:29,DEL-BLR,2026-08-28
3607,SkyFareHub,Vistara,DEL,BLR,2026-09-04,2026-08-28 11:17:00,6650.37,2026-09-09 12:37:29,DEL-BLR,2026-08-28
3608,TripEase,Vistara,DEL,BLR,2026-09-04,2026-08-28 10:41:00,7391.51,2026-09-09 12:37:29,DEL-BLR,2026-08-28
3609,SkyFareHub,Akasa Air,DEL,BLR,2026-09-04,2026-08-28 12:09:00,5994.19,2026-09-09 12:37:29,DEL-BLR,2026-08-28
3610,TripEase,Akasa Air,DEL,BLR,2026-09-04,2026-08-28 10:48:00,5887.0,2026-09-09 12:37:29,DEL-BLR,2026-08-28
3611,SkyFareHub,IndiGo,DEL,BLR,2026-09-11,2026-08-28 22:47:00,6178.84,2026-09-09 12:37:29,DEL-BLR,2026-08-28
3612,TripEase,IndiGo,DEL,BLR,2026-09-11,2026-08-28 09:50:00,5930.66,2026-09-09 12:37:29,DEL-BLR,2026-08-28
3613,SkyFareHub,Air India,DEL,BLR,2026-09-11,2026-08-28 07:21:00,6106.18,2026-09-09 12:37:29,DEL-BLR,2026-08-28
3614,TripEase,Air India,DEL,BLR,2026-09-11,2026-08-28 17:12:00,6630.97,2026-09-09 12:37:29,DEL-BLR,2026-08-28
3615,SkyFareHub,SpiceJet,DEL,BLR,2026-09-11,2026-08-28 15:53:00,6004.62,2026-09-09 12:37:29,DEL-BLR,2026-08-28
3616,TripEase,SpiceJet,DEL,BLR,2026-09-11,2026-08-28 16:37:00,5578.56,2026-09-09 12:37:29,DEL-BLR,2026-08-28
3617,SkyFareHub,Vistara,DEL,BLR,2026-09-11,2026-08-28 16:45:00,7145.13,2026-09-09 12:37:29,DEL-BLR,2026-08-28
3618,TripEase,Vistara,DEL,BLR,2026-09-11,2026-08-28 11:57:00,6680.34,2026-09-09 12:37:29,DEL-BLR,2026-08-28
3619,SkyFareHub,Akasa Air,DEL,BLR,2026-09-11,2026-08-28 09:34:00,5915.98,2026-09-09 12:37:29,DEL-BLR,2026-08-28
3620,TripEase,Akasa Air,DEL,BLR,2026-09-11,2026-08-28 21:44:00,6016.46,2026-09-09 12:37:29,DEL-BLR,2026-08-28
3621,SkyFareHub,IndiGo,DEL,BLR,2026-09-27,2026-08-28 13:07:00,6130.65,2026-09-09 12:37:29,DEL-BLR,2026-08-28
3622,TripEase,IndiGo,DEL,BLR,2026-09-27,2026-08-28 20:06:00,5791.13,2026-09-09 12:37:29,DEL-BLR,2026-08-28
3623,SkyFareHub,Air India,DEL,BLR,2026-09-27,2026-08-28 18:30:00,6296.55,2026-09-09 12:37:29,DEL-BLR,2026-08-28
3624,TripEase,Air India,DEL,BLR,2026-09-27,2026-08-28 06:37:00,6119.92,2026-09-09 12:37:29,DEL-BLR,2026-08-28
3625,SkyFareHub,SpiceJet,DEL,BLR,2026-09-27,2026-08-28 20:37:00,5735.74,2026-09-09 12:37:29,DEL-BLR,2026-08-28
3626,TripEase,SpiceJet,DEL,BLR,2026-09-27,2026-08-28 06:31:00,5560.83,2026-09-09 12:37:29,DEL-BLR,2026-08-28
3627,SkyFareHub,Vistara,DEL,BLR,2026-09-27,2026-08-28 16:05:00,6980.92,2026-09-09 12:37:29,DEL-BLR,2026-08-28
3628,TripEase,Vistara,DEL,BLR,2026-09-27,2026-08-28 10:39:00,6748.05,2026-09-09 12:37:29,DEL-BLR,2026-08-28
3629,SkyFareHub,Akasa Air,DEL,BLR,2026-09-27,2026-08-28 10:07:00,5536.51,2026-09-09 12:37:29,DEL-BLR,2026-08-28
3630,TripEase,Akasa Air,DEL,BLR,2026-09-27,2026-08-28 12:40:00,5985.4,2026-09-09 12:37:29,DEL-BLR,2026-08-28
3631,SkyFareHub,IndiGo,BOM,BLR,2026-09-04,2026-08-28 08:22:00,4585.44,2026-09-09 12:37:29,BOM-BLR,2026-08-28
3632,TripEase,IndiGo,BOM,BLR,2026-09-04,2026-08-28 06:39:00,4713.32,2026-09-09 12:37:29,BOM-BLR,2026-08-28
3633,SkyFareHub,Air India,BOM,BLR,2026-09-04,2026-08-28 11:23:00,5091.2,2026-09-09 12:37:29,BOM-BLR,2026-08-28
3634,TripEase,Air India,BOM,BLR,2026-09-04,2026-08-28 14:33:00,5008.23,2026-09-09 12:37:29,BOM-BLR,2026-08-28
3635,SkyFareHub,SpiceJet,BOM,BLR,2026-09-04,2026-08-28 16:57:00,4379.77,2026-09-09 12:37:29,BOM-BLR,2026-08-28
3636,TripEase,SpiceJet,BOM,BLR,2026-09-04,2026-08-28 15:16:00,4286.24,2026-09-09 12:37:29,BOM-BLR,2026-08-28
3637,SkyFareHub,Vistara,BOM,BLR,2026-09-04,2026-08-28 07:17:00,5239.19,2026-09-09 12:37:29,BOM-BLR,2026-08-28
3638,TripEase,Vistara,BOM,BLR,2026-09-04,2026-08-28 20:42:00,5469.98,2026-09-09 12:37:29,BOM-BLR,2026-08-28
3639,SkyFareHub,Akasa Air,BOM,BLR,2026-09-04,2026-08-28 10:55:00,4319.36,2026-09-09 12:37:29,BOM-BLR,2026-08-28
3640,TripEase,Akasa Air,BOM,BLR,2026-09-04,2026-08-28 06:19:00,4658.92,2026-09-09 12:37:29,BOM-BLR,2026-08-28
3641,SkyFareHub,IndiGo,BOM,BLR,2026-09-11,2026-08-28 18:24:00,4594.52,2026-09-09 12:37:29,BOM-BLR,2026-08-28
3642,TripEase,IndiGo,BOM,BLR,2026-09-11,2026-08-28 18:21:00,4406.47,2026-09-09 12:37:29,BOM-BLR,2026-08-28
3643,SkyFareHub,Air India,BOM,BLR,2026-09-11,2026-08-28 19:26:00,4841.65,2026-09-09 12:37:29,BOM-BLR,2026-08-28
3644,TripEase,Air India,BOM,BLR,2026-09-11,2026-08-28 17:46:00,4863.29,2026-09-09 12:37:29,BOM-BLR,2026-08-28
3645,SkyFareHub,SpiceJet,BOM,BLR,2026-09-11,2026-08-28 15:17:00,4140.15,2026-09-09 12:37:29,BOM-BLR,2026-08-28
3646,TripEase,SpiceJet,BOM,BLR,2026-09-11,2026-08-28 08:51:00,4145.12,2026-09-09 12:37:29,BOM-BLR,2026-08-28
3647,SkyFareHub,Vistara,BOM,BLR,2026-09-11,2026-08-28 22:57:00,5219.59,2026-09-09 12:37:29,BOM-BLR,2026-08-28
3648,TripEase,Vistara,BOM,BLR,2026-09-11,2026-08-28 09:15:00,5143.12,2026-09-09 12:37:29,BOM-BLR,2026-08-28
3649,SkyFareHub,Akasa Air,BOM,BLR,2026-09-11,2026-08-28 10:36:00,4209.11,2026-09-09 12:37:29,BOM-BLR,2026-08-28
3650,TripEase,Akasa Air,BOM,BLR,2026-09-11,2026-08-28 08:00:00,4571.42,2026-09-09 12:37:29,BOM-BLR,2026-08-28
3651,SkyFareHub,IndiGo,BOM,BLR,2026-09-27,2026-08-28 16:55:00,4519.07,2026-09-09 12:37:29,BOM-BLR,2026-08-28
3652,TripEase,IndiGo,BOM,BLR,2026-09-27,2026-08-28 20:40:00,4409.15,2026-09-09 12:37:29,BOM-BLR,2026-08-28
3653,SkyFareHub,Air India,BOM,BLR,2026-09-27,2026-08-28 09:39:00,4951.54,2026-09-09 12:37:29,BOM-BLR,2026-08-28
3654,TripEase,Air India,BOM,BLR,2026-09-27,2026-08-28 12:58:00,4643.99,2026-09-09 12:37:29,BOM-BLR,2026-08-28
3655,SkyFareHub,SpiceJet,BOM,BLR,2026-09-27,2026-08-28 08:45:00,4137.19,2026-09-09 12:37:29,BOM-BLR,2026-08-28
3656,TripEase,SpiceJet,BOM,BLR,2026-09-27,2026-08-28 13:13:00,4186.22,2026-09-09 12:37:29,BOM-BLR,2026-08-28
3657,SkyFareHub,Vistara,BOM,BLR,2026-09-27,2026-08-28 16:40:00,4727.24,2026-09-09 12:37:29,BOM-BLR,2026-08-28
3658,TripEase,Vistara,BOM,BLR,2026-09-27,2026-08-28 12:45:00,5040.18,2026-09-09 12:37:29,BOM-BLR,2026-08-28
3659,SkyFareHub,Akasa Air,BOM,BLR,2026-09-27,2026-08-28 11:30:00,4440.09,2026-09-09 12:37:29,BOM-BLR,2026-08-28
3660,TripEase,Akasa Air,BOM,BLR,2026-09-27,2026-08-28 07:28:00,4220.29,2026-09-09 12:37:29,BOM-BLR,2026-08-28
3661,SkyFareHub,IndiGo,DEL,MAA,2026-09-04,2026-08-28 11:12:00,6270.67,2026-09-09 12:37:29,DEL-MAA,2026-08-28
3662,TripEase,IndiGo,DEL,MAA,2026-09-04,2026-08-28 12:44:00,6659.31,2026-09-09 12:37:29,DEL-MAA,2026-08-28
3663,SkyFareHub,Air India,DEL,MAA,2026-09-04,2026-08-28 12:11:00,7062.14,2026-09-09 12:37:29,DEL-MAA,2026-08-28
3664,TripEase,Air India,DEL,MAA,2026-09-04,2026-08-28 13:10:00,7475.19,2026-09-09 12:37:29,DEL-MAA,2026-08-28
3665,SkyFareHub,SpiceJet,DEL,MAA,2026-09-04,2026-08-28 15:38:00,6376.67,2026-09-09 12:37:29,DEL-MAA,2026-08-28
3666,TripEase,SpiceJet,DEL,MAA,2026-09-04,2026-08-28 12:27:00,6311.64,2026-09-09 12:37:29,DEL-MAA,2026-08-28
3667,SkyFareHub,Vistara,DEL,MAA,2026-09-04,2026-08-28 13:33:00,7406.51,2026-09-09 12:37:29,DEL-MAA,2026-08-28
3668,TripEase,Vistara,DEL,MAA,2026-09-04,2026-08-28 14:18:00,7507.45,2026-09-09 12:37:29,DEL-MAA,2026-08-28
3669,SkyFareHub,Akasa Air,DEL,MAA,2026-09-04,2026-08-28 08:31:00,6398.21,2026-09-09 12:37:29,DEL-MAA,2026-08-28
3670,TripEase,Akasa Air,DEL,MAA,2026-09-04,2026-08-28 19:05:00,6445.12,2026-09-09 12:37:29,DEL-MAA,2026-08-28
3671,SkyFareHub,IndiGo,DEL,MAA,2026-09-11,2026-08-28 20:00:00,6787.71,2026-09-09 12:37:29,DEL-MAA,2026-08-28
3672,TripEase,IndiGo,DEL,MAA,2026-09-11,2026-08-28 16:37:00,6858.36,2026-09-09 12:37:29,DEL-MAA,2026-08-28
3673,SkyFareHub,Air India,DEL,MAA,2026-09-11,2026-08-28 08:36:00,7392.45,2026-09-09 12:37:29,DEL-MAA,2026-08-28
3674,TripEase,Air India,DEL,MAA,2026-09-11,2026-08-28 20:22:00,7073.17,2026-09-09 12:37:29,DEL-MAA,2026-08-28
3675,SkyFareHub,SpiceJet,DEL,MAA,2026-09-11,2026-08-28 21:19:00,6326.3,2026-09-09 12:37:29,DEL-MAA,2026-08-28
3676,TripEase,SpiceJet,DEL,MAA,2026-09-11,2026-08-28 12:14:00,6274.6,2026-09-09 12:37:29,DEL-MAA,2026-08-28
3677,SkyFareHub,Vistara,DEL,MAA,2026-09-11,2026-08-28 17:26:00,7367.37,2026-09-09 12:37:29,DEL-MAA,2026-08-28
3678,TripEase,Vistara,DEL,MAA,2026-09-11,2026-08-28 18:29:00,7482.85,2026-09-09 12:37:29,DEL-MAA,2026-08-28
3679,SkyFareHub,Akasa Air,DEL,MAA,2026-09-11,2026-08-28 10:09:00,6517.57,2026-09-09 12:37:29,DEL-MAA,2026-08-28
3680,TripEase,Akasa Air,DEL,MAA,2026-09-11,2026-08-28 06:55:00,6421.17,2026-09-09 12:37:29,DEL-MAA,2026-08-28
3681,SkyFareHub,IndiGo,DEL,MAA,2026-09-27,2026-08-28 10:25:00,6072.91,2026-09-09 12:37:29,DEL-MAA,2026-08-28
3682,TripEase,IndiGo,DEL,MAA,2026-09-27,2026-08-28 11:09:00,6232.05,2026-09-09 12:37:29,DEL-MAA,2026-08-28
3683,SkyFareHub,Air India,DEL,MAA,2026-09-27,2026-08-28 09:01:00,6752.13,2026-09-09 12:37:29,DEL-MAA,2026-08-28
3684,TripEase,Air India,DEL,MAA,2026-09-27,2026-08-28 16:12:00,6628.0,2026-09-09 12:37:29,DEL-MAA,2026-08-28
3685,SkyFareHub,SpiceJet,DEL,MAA,2026-09-27,2026-08-28 15:53:00,5739.88,2026-09-09 12:37:29,DEL-MAA,2026-08-28
3686,TripEase,SpiceJet,DEL,MAA,2026-09-27,2026-08-28 13:12:00,6245.25,2026-09-09 12:37:29,DEL-MAA,2026-08-28
3687,SkyFareHub,Vistara,DEL,MAA,2026-09-27,2026-08-28 19:27:00,7363.44,2026-09-09 12:37:29,DEL-MAA,2026-08-28
3688,TripEase,Vistara,DEL,MAA,2026-09-27,2026-08-28 07:22:00,7385.48,2026-09-09 12:37:29,DEL-MAA,2026-08-28
3689,SkyFareHub,Akasa Air,DEL,MAA,2026-09-27,2026-08-28 16:45:00,6202.21,2026-09-09 12:37:29,DEL-MAA,2026-08-28
3690,TripEase,Akasa Air,DEL,MAA,2026-09-27,2026-08-28 13:33:00,6046.17,2026-09-09 12:37:29,DEL-MAA,2026-08-28
3691,SkyFareHub,IndiGo,BOM,MAA,2026-09-04,2026-08-28 19:31:00,6237.75,2026-09-09 12:37:29,BOM-MAA,2026-08-28
3692,TripEase,IndiGo,BOM,MAA,2026-09-04,2026-08-28 11:21:00,5621.09,2026-09-09 12:37:29,BOM-MAA,2026-08-28
3693,SkyFareHub,Air India,BOM,MAA,2026-09-04,2026-08-28 19:39:00,6530.87,2026-09-09 12:37:29,BOM-MAA,2026-08-28
3694,TripEase,Air India,BOM,MAA,2026-09-04,2026-08-28 15:21:00,6057.96,2026-09-09 12:37:29,BOM-MAA,2026-08-28
3695,SkyFareHub,SpiceJet,BOM,MAA,2026-09-04,2026-08-28 10:23:00,5828.7,2026-09-09 12:37:29,BOM-MAA,2026-08-28
3696,TripEase,SpiceJet,BOM,MAA,2026-09-04,2026-08-28 06:28:00,5644.4,2026-09-09 12:37:29,BOM-MAA,2026-08-28
3697,SkyFareHub,Vistara,BOM,MAA,2026-09-04,2026-08-28 16:44:00,6633.43,2026-09-09 12:37:29,BOM-MAA,2026-08-28
3698,TripEase,Vistara,BOM,MAA,2026-09-04,2026-08-28 16:40:00,6814.66,2026-09-09 12:37:29,BOM-MAA,2026-08-28
3699,SkyFareHub,Akasa Air,BOM,MAA,2026-09-04,2026-08-28 14:35:00,6096.14,2026-09-09 12:37:29,BOM-MAA,2026-08-28
3700,TripEase,Akasa Air,BOM,MAA,2026-09-04,2026-08-28 12:57:00,5770.42,2026-09-09 12:37:29,BOM-MAA,2026-08-28
3701,SkyFareHub,IndiGo,BOM,MAA,2026-09-11,2026-08-28 13:45:00,5599.42,2026-09-09 12:37:29,BOM-MAA,2026-08-28
3702,TripEase,IndiGo,BOM,MAA,2026-09-11,2026-08-28 13:31:00,5787.15,2026-09-09 12:37:29,BOM-MAA,2026-08-28
3703,SkyFareHub,Air India,BOM,MAA,2026-09-11,2026-08-28 16:32:00,6482.37,2026-09-09 12:37:29,BOM-MAA,2026-08-28
3704,TripEase,Air India,BOM,MAA,2026-09-11,2026-08-28 10:39:00,6450.92,2026-09-09 12:37:29,BOM-MAA,2026-08-28
3705,SkyFareHub,SpiceJet,BOM,MAA,2026-09-11,2026-08-28 20:38:00,5474.72,2026-09-09 12:37:29,BOM-MAA,2026-08-28
3706,TripEase,SpiceJet,BOM,MAA,2026-09-11,2026-08-28 14:04:00,5870.44,2026-09-09 12:37:29,BOM-MAA,2026-08-28
3707,SkyFareHub,Vistara,BOM,MAA,2026-09-11,2026-08-28 14:45:00,6795.87,2026-09-09 12:37:29,BOM-MAA,2026-08-28
3708,TripEase,Vistara,BOM,MAA,2026-09-11,2026-08-28 07:30:00,6659.68,2026-09-09 12:37:29,BOM-MAA,2026-08-28
3709,SkyFareHub,Akasa Air,BOM,MAA,2026-09-11,2026-08-28 16:22:00,5591.25,2026-09-09 12:37:29,BOM-MAA,2026-08-28
3710,TripEase,Akasa Air,BOM,MAA,2026-09-11,2026-08-28 10:50:00,5801.99,2026-09-09 12:37:29,BOM-MAA,2026-08-28
3711,SkyFareHub,IndiGo,BOM,MAA,2026-09-27,2026-08-28 16:38:00,5480.22,2026-09-09 12:37:29,BOM-MAA,2026-08-28
3712,TripEase,IndiGo,BOM,MAA,2026-09-27,2026-08-28 12:59:00,5715.21,2026-09-09 12:37:29,BOM-MAA,2026-08-28
3713,SkyFareHub,Air India,BOM,MAA,2026-09-27,2026-08-28 07:47:00,6004.01,2026-09-09 12:37:29,BOM-MAA,2026-08-28
3714,TripEase,Air India,BOM,MAA,2026-09-27,2026-08-28 22:18:00,6291.48,2026-09-09 12:37:29,BOM-MAA,2026-08-28
3715,SkyFareHub,SpiceJet,BOM,MAA,2026-09-27,2026-08-28 06:19:00,5213.69,2026-09-09 12:37:29,BOM-MAA,2026-08-28
3716,TripEase,SpiceJet,BOM,MAA,2026-09-27,2026-08-28 06:01:00,5144.55,2026-09-09 12:37:29,BOM-MAA,2026-08-28
3717,SkyFareHub,Vistara,BOM,MAA,2026-09-27,2026-08-28 08:23:00,6671.23,2026-09-09 12:37:29,BOM-MAA,2026-08-28
3718,TripEase,Vistara,BOM,MAA,2026-09-27,2026-08-28 10:28:00,6631.71,2026-09-09 12:37:29,BOM-MAA,2026-08-28
3719,SkyFareHub,Akasa Air,BOM,MAA,2026-09-27,2026-08-28 20:48:00,5547.73,2026-09-09 12:37:29,BOM-MAA,2026-08-28
3720,TripEase,Akasa Air,BOM,MAA,2026-09-27,2026-08-28 20:17:00,5536.53,2026-09-09 12:37:29,BOM-MAA,2026-08-28
3721,SkyFareHub,IndiGo,DEL,CCU,2026-09-04,2026-08-28 15:10:00,6215.67,2026-09-09 12:37:29,DEL-CCU,2026-08-28
3722,TripEase,IndiGo,DEL,CCU,2026-09-04,2026-08-28 06:07:00,6304.72,2026-09-09 12:37:29,DEL-CCU,2026-08-28
3723,SkyFareHub,Air India,DEL,CCU,2026-09-04,2026-08-28 21:23:00,6518.63,2026-09-09 12:37:29,DEL-CCU,2026-08-28
3724,TripEase,Air India,DEL,CCU,2026-09-04,2026-08-28 18:35:00,6774.66,2026-09-09 12:37:29,DEL-CCU,2026-08-28
3725,SkyFareHub,SpiceJet,DEL,CCU,2026-09-04,2026-08-28 16:25:00,5759.87,2026-09-09 12:37:29,DEL-CCU,2026-08-28
3726,TripEase,SpiceJet,DEL,CCU,2026-09-04,2026-08-28 07:41:00,5897.73,2026-09-09 12:37:29,DEL-CCU,2026-08-28
3727,SkyFareHub,Vistara,DEL,CCU,2026-09-04,2026-08-28 07:56:00,7179.71,2026-09-09 12:37:29,DEL-CCU,2026-08-28
3728,TripEase,Vistara,DEL,CCU,2026-09-04,2026-08-28 10:31:00,7381.54,2026-09-09 12:37:29,DEL-CCU,2026-08-28
3729,SkyFareHub,Akasa Air,DEL,CCU,2026-09-04,2026-08-28 10:06:00,5765.06,2026-09-09 12:37:29,DEL-CCU,2026-08-28
3730,TripEase,Akasa Air,DEL,CCU,2026-09-04,2026-08-28 13:05:00,6311.65,2026-09-09 12:37:29,DEL-CCU,2026-08-28
3731,SkyFareHub,IndiGo,DEL,CCU,2026-09-11,2026-08-28 16:05:00,6542.25,2026-09-09 12:37:29,DEL-CCU,2026-08-28
3732,TripEase,IndiGo,DEL,CCU,2026-09-11,2026-08-28 21:25:00,6288.66,2026-09-09 12:37:29,DEL-CCU,2026-08-28
3733,SkyFareHub,Air India,DEL,CCU,2026-09-11,2026-08-28 18:44:00,6771.72,2026-09-09 12:37:29,DEL-CCU,2026-08-28
3734,TripEase,Air India,DEL,CCU,2026-09-11,2026-08-28 12:28:00,6681.98,2026-09-09 12:37:29,DEL-CCU,2026-08-28
3735,SkyFareHub,SpiceJet,DEL,CCU,2026-09-11,2026-08-28 14:14:00,5858.24,2026-09-09 12:37:29,DEL-CCU,2026-08-28
3736,TripEase,SpiceJet,DEL,CCU,2026-09-11,2026-08-28 06:03:00,5854.3,2026-09-09 12:37:29,DEL-CCU,2026-08-28
3737,SkyFareHub,Vistara,DEL,CCU,2026-09-11,2026-08-28 21:02:00,7341.06,2026-09-09 12:37:29,DEL-CCU,2026-08-28
3738,TripEase,Vistara,DEL,CCU,2026-09-11,2026-08-28 10:55:00,7022.64,2026-09-09 12:37:29,DEL-CCU,2026-08-28
3739,SkyFareHub,Akasa Air,DEL,CCU,2026-09-11,2026-08-28 18:48:00,5810.26,2026-09-09 12:37:29,DEL-CCU,2026-08-28
3740,TripEase,Akasa Air,DEL,CCU,2026-09-11,2026-08-28 22:48:00,6078.41,2026-09-09 12:37:29,DEL-CCU,2026-08-28
3741,SkyFareHub,IndiGo,DEL,CCU,2026-09-27,2026-08-28 19:35:00,5758.98,2026-09-09 12:37:29,DEL-CCU,2026-08-28
3742,TripEase,IndiGo,DEL,CCU,2026-09-27,2026-08-28 07:13:00,5715.92,2026-09-09 12:37:29,DEL-CCU,2026-08-28
3743,SkyFareHub,Air India,DEL,CCU,2026-09-27,2026-08-28 17:44:00,6371.29,2026-09-09 12:37:29,DEL-CCU,2026-08-28
3744,TripEase,Air India,DEL,CCU,2026-09-27,2026-08-28 22:57:00,6446.23,2026-09-09 12:37:29,DEL-CCU,2026-08-28
3745,SkyFareHub,SpiceJet,DEL,CCU,2026-09-27,2026-08-28 10:34:00,5846.84,2026-09-09 12:37:29,DEL-CCU,2026-08-28
3746,TripEase,SpiceJet,DEL,CCU,2026-09-27,2026-08-28 15:17:00,5549.36,2026-09-09 12:37:29,DEL-CCU,2026-08-28
3747,SkyFareHub,Vistara,DEL,CCU,2026-09-27,2026-08-28 11:53:00,6973.69,2026-09-09 12:37:29,DEL-CCU,2026-08-28
3748,TripEase,Vistara,DEL,CCU,2026-09-27,2026-08-28 16:12:00,6817.1,2026-09-09 12:37:29,DEL-CCU,2026-08-28
3749,SkyFareHub,Akasa Air,DEL,CCU,2026-09-27,2026-08-28 09:41:00,5686.88,2026-09-09 12:37:29,DEL-CCU,2026-08-28
3750,TripEase,Akasa Air,DEL,CCU,2026-09-27,2026-08-28 22:49:00,5586.08,2026-09-09 12:37:29,DEL-CCU,2026-08-28
3751,SkyFareHub,IndiGo,BLR,HYD,2026-09-04,2026-08-28 07:24:00,3775.98,2026-09-09 12:37:29,BLR-HYD,2026-08-28
3752,TripEase,IndiGo,BLR,HYD,2026-09-04,2026-08-28 12:12:00,4029.61,2026-09-09 12:37:29,BLR-HYD,2026-08-28
3753,SkyFareHub,Air India,BLR,HYD,2026-09-04,2026-08-28 15:53:00,4335.16,2026-09-09 12:37:29,BLR-HYD,2026-08-28
3754,TripEase,Air India,BLR,HYD,2026-09-04,2026-08-28 15:23:00,4180.66,2026-09-09 12:37:29,BLR-HYD,2026-08-28
3755,SkyFareHub,SpiceJet,BLR,HYD,2026-09-04,2026-08-28 13:36:00,3706.66,2026-09-09 12:37:29,BLR-HYD,2026-08-28
3756,TripEase,SpiceJet,BLR,HYD,2026-09-04,2026-08-28 12:32:00,3875.63,2026-09-09 12:37:29,BLR-HYD,2026-08-28
3757,SkyFareHub,Vistara,BLR,HYD,2026-09-04,2026-08-28 11:55:00,4159.95,2026-09-09 12:37:29,BLR-HYD,2026-08-28
3758,TripEase,Vistara,BLR,HYD,2026-09-04,2026-08-28 18:46:00,4401.0,2026-09-09 12:37:29,BLR-HYD,2026-08-28
3759,SkyFareHub,Akasa Air,BLR,HYD,2026-09-04,2026-08-28 11:58:00,3819.57,2026-09-09 12:37:29,BLR-HYD,2026-08-28
3760,TripEase,Akasa Air,BLR,HYD,2026-09-04,2026-08-28 15:50:00,3773.45,2026-09-09 12:37:29,BLR-HYD,2026-08-28
3761,SkyFareHub,IndiGo,BLR,HYD,2026-09-11,2026-08-28 13:04:00,4054.39,2026-09-09 12:37:29,BLR-HYD,2026-08-28
3762,TripEase,IndiGo,BLR,HYD,2026-09-11,2026-08-28 06:39:00,3947.3,2026-09-09 12:37:29,BLR-HYD,2026-08-28
3763,SkyFareHub,Air India,BLR,HYD,2026-09-11,2026-08-28 14:59:00,3859.64,2026-09-09 12:37:29,BLR-HYD,2026-08-28
3764,TripEase,Air India,BLR,HYD,2026-09-11,2026-08-28 11:06:00,3950.61,2026-09-09 12:37:29,BLR-HYD,2026-08-28
3765,SkyFareHub,SpiceJet,BLR,HYD,2026-09-11,2026-08-28 12:27:00,3440.56,2026-09-09 12:37:29,BLR-HYD,2026-08-28
3766,TripEase,SpiceJet,BLR,HYD,2026-09-11,2026-08-28 14:26:00,3674.9,2026-09-09 12:37:29,BLR-HYD,2026-08-28
3767,SkyFareHub,Vistara,BLR,HYD,2026-09-11,2026-08-28 07:57:00,4397.65,2026-09-09 12:37:29,BLR-HYD,2026-08-28
3768,TripEase,Vistara,BLR,HYD,2026-09-11,2026-08-28 20:59:00,4168.91,2026-09-09 12:37:29,BLR-HYD,2026-08-28
3769,SkyFareHub,Akasa Air,BLR,HYD,2026-09-11,2026-08-28 12:07:00,3944.6,2026-09-09 12:37:29,BLR-HYD,2026-08-28
3770,TripEase,Akasa Air,BLR,HYD,2026-09-11,2026-08-28 06:56:00,3887.6,2026-09-09 12:37:29,BLR-HYD,2026-08-28
3771,SkyFareHub,IndiGo,BLR,HYD,2026-09-27,2026-08-28 06:07:00,3819.93,2026-09-09 12:37:29,BLR-HYD,2026-08-28
3772,TripEase,IndiGo,BLR,HYD,2026-09-27,2026-08-28 14:17:00,3516.36,2026-09-09 12:37:29,BLR-HYD,2026-08-28
3773,SkyFareHub,Air India,BLR,HYD,2026-09-27,2026-08-28 08:46:00,3856.07,2026-09-09 12:37:29,BLR-HYD,2026-08-28
3774,TripEase,Air India,BLR,HYD,2026-09-27,2026-08-28 18:43:00,3986.55,2026-09-09 12:37:29,BLR-HYD,2026-08-28
3775,SkyFareHub,SpiceJet,BLR,HYD,2026-09-27,2026-08-28 19:53:00,3380.76,2026-09-09 12:37:29,BLR-HYD,2026-08-28
3776,TripEase,SpiceJet,BLR,HYD,2026-09-27,2026-08-28 06:36:00,3434.62,2026-09-09 12:37:29,BLR-HYD,2026-08-28
3777,SkyFareHub,Vistara,BLR,HYD,2026-09-27,2026-08-28 14:45:00,4427.43,2026-09-09 12:37:29,BLR-HYD,2026-08-28
3778,TripEase,Vistara,BLR,HYD,2026-09-27,2026-08-28 14:01:00,4172.66,2026-09-09 12:37:29,BLR-HYD,2026-08-28
3779,SkyFareHub,Akasa Air,BLR,HYD,2026-09-27,2026-08-28 12:15:00,3735.52,2026-09-09 12:37:29,BLR-HYD,2026-08-28
3780,TripEase,Akasa Air,BLR,HYD,2026-09-27,2026-08-28 07:55:00,3707.92,2026-09-09 12:37:29,BLR-HYD,2026-08-28
3781,SkyFareHub,IndiGo,DEL,BOM,2026-09-05,2026-08-29 21:50:00,5773.89,2026-09-09 12:37:29,DEL-BOM,2026-08-29
3782,TripEase,IndiGo,DEL,BOM,2026-09-05,2026-08-29 07:18:00,5621.75,2026-09-09 12:37:29,DEL-BOM,2026-08-29
3783,SkyFareHub,Air India,DEL,BOM,2026-09-05,2026-08-29 20:52:00,6044.62,2026-09-09 12:37:29,DEL-BOM,2026-08-29
3784,TripEase,Air India,DEL,BOM,2026-09-05,2026-08-29 17:46:00,5939.07,2026-09-09 12:37:29,DEL-BOM,2026-08-29
3785,SkyFareHub,SpiceJet,DEL,BOM,2026-09-05,2026-08-29 17:26:00,5251.93,2026-09-09 12:37:29,DEL-BOM,2026-08-29
3786,TripEase,SpiceJet,DEL,BOM,2026-09-05,2026-08-29 20:22:00,5172.84,2026-09-09 12:37:29,DEL-BOM,2026-08-29
3787,SkyFareHub,Vistara,DEL,BOM,2026-09-05,2026-08-29 21:43:00,6470.28,2026-09-09 12:37:29,DEL-BOM,2026-08-29
3788,TripEase,Vistara,DEL,BOM,2026-09-05,2026-08-29 19:05:00,6436.37,2026-09-09 12:37:29,DEL-BOM,2026-08-29
3789,SkyFareHub,Akasa Air,DEL,BOM,2026-09-05,2026-08-29 16:59:00,5626.76,2026-09-09 12:37:29,DEL-BOM,2026-08-29
3790,TripEase,Akasa Air,DEL,BOM,2026-09-05,2026-08-29 11:56:00,5383.57,2026-09-09 12:37:29,DEL-BOM,2026-08-29
3791,SkyFareHub,IndiGo,DEL,BOM,2026-09-12,2026-08-29 10:38:00,5344.37,2026-09-09 12:37:29,DEL-BOM,2026-08-29
3792,TripEase,IndiGo,DEL,BOM,2026-09-12,2026-08-29 11:54:00,5519.0,2026-09-09 12:37:29,DEL-BOM,2026-08-29
3793,SkyFareHub,Air India,DEL,BOM,2026-09-12,2026-08-29 12:52:00,6002.29,2026-09-09 12:37:29,DEL-BOM,2026-08-29
3794,TripEase,Air India,DEL,BOM,2026-09-12,2026-08-29 19:56:00,5930.98,2026-09-09 12:37:29,DEL-BOM,2026-08-29
3795,SkyFareHub,SpiceJet,DEL,BOM,2026-09-12,2026-08-29 07:33:00,5104.71,2026-09-09 12:37:29,DEL-BOM,2026-08-29
3796,TripEase,SpiceJet,DEL,BOM,2026-09-12,2026-08-29 11:47:00,4944.12,2026-09-09 12:37:29,DEL-BOM,2026-08-29
3797,SkyFareHub,Vistara,DEL,BOM,2026-09-12,2026-08-29 16:31:00,6317.73,2026-09-09 12:37:29,DEL-BOM,2026-08-29
3798,TripEase,Vistara,DEL,BOM,2026-09-12,2026-08-29 17:35:00,6270.14,2026-09-09 12:37:29,DEL-BOM,2026-08-29
3799,SkyFareHub,Akasa Air,DEL,BOM,2026-09-12,2026-08-29 18:14:00,5574.21,2026-09-09 12:37:29,DEL-BOM,2026-08-29
3800,TripEase,Akasa Air,DEL,BOM,2026-09-12,2026-08-29 09:14:00,5492.51,2026-09-09 12:37:29,DEL-BOM,2026-08-29
3801,SkyFareHub,IndiGo,DEL,BOM,2026-09-28,2026-08-29 12:45:00,5407.89,2026-09-09 12:37:29,DEL-BOM,2026-08-29
3802,TripEase,IndiGo,DEL,BOM,2026-09-28,2026-08-29 22:51:00,5242.76,2026-09-09 12:37:29,DEL-BOM,2026-08-29
3803,SkyFareHub,Air India,DEL,BOM,2026-09-28,2026-08-29 08:44:00,5486.24,2026-09-09 12:37:29,DEL-BOM,2026-08-29
3804,TripEase,Air India,DEL,BOM,2026-09-28,2026-08-29 18:19:00,5910.38,2026-09-09 12:37:29,DEL-BOM,2026-08-29
3805,SkyFareHub,SpiceJet,DEL,BOM,2026-09-28,2026-08-29 09:52:00,5239.79,2026-09-09 12:37:29,DEL-BOM,2026-08-29
3806,TripEase,SpiceJet,DEL,BOM,2026-09-28,2026-08-29 15:07:00,4820.61,2026-09-09 12:37:29,DEL-BOM,2026-08-29
3807,SkyFareHub,Vistara,DEL,BOM,2026-09-28,2026-08-29 08:04:00,6143.65,2026-09-09 12:37:29,DEL-BOM,2026-08-29
3808,TripEase,Vistara,DEL,BOM,2026-09-28,2026-08-29 19:22:00,6212.16,2026-09-09 12:37:29,DEL-BOM,2026-08-29
3809,SkyFareHub,Akasa Air,DEL,BOM,2026-09-28,2026-08-29 15:21:00,5116.15,2026-09-09 12:37:29,DEL-BOM,2026-08-29
3810,TripEase,Akasa Air,DEL,BOM,2026-09-28,2026-08-29 19:39:00,5063.96,2026-09-09 12:37:29,DEL-BOM,2026-08-29
3811,SkyFareHub,IndiGo,DEL,BLR,2026-09-05,2026-08-29 07:43:00,6172.41,2026-09-09 12:37:29,DEL-BLR,2026-08-29
3812,TripEase,IndiGo,DEL,BLR,2026-09-05,2026-08-29 16:22:00,5959.58,2026-09-09 12:37:29,DEL-BLR,2026-08-29
3813,SkyFareHub,Air India,DEL,BLR,2026-09-05,2026-08-29 18:48:00,6458.37,2026-09-09 12:37:29,DEL-BLR,2026-08-29
3814,TripEase,Air India,DEL,BLR,2026-09-05,2026-08-29 17:43:00,6488.07,2026-09-09 12:37:29,DEL-BLR,2026-08-29
3815,SkyFareHub,SpiceJet,DEL,BLR,2026-09-05,2026-08-29 07:31:00,5659.66,2026-09-09 12:37:29,DEL-BLR,2026-08-29
3816,TripEase,SpiceJet,DEL,BLR,2026-09-05,2026-08-29 14:34:00,5805.8,2026-09-09 12:37:29,DEL-BLR,2026-08-29
3817,SkyFareHub,Vistara,DEL,BLR,2026-09-05,2026-08-29 09:29:00,6718.66,2026-09-09 12:37:29,DEL-BLR,2026-08-29
3818,TripEase,Vistara,DEL,BLR,2026-09-05,2026-08-29 21:02:00,6920.09,2026-09-09 12:37:29,DEL-BLR,2026-08-29
3819,SkyFareHub,Akasa Air,DEL,BLR,2026-09-05,2026-08-29 20:13:00,5886.68,2026-09-09 12:37:29,DEL-BLR,2026-08-29
3820,TripEase,Akasa Air,DEL,BLR,2026-09-05,2026-08-29 10:37:00,5861.72,2026-09-09 12:37:29,DEL-BLR,2026-08-29
3821,SkyFareHub,IndiGo,DEL,BLR,2026-09-12,2026-08-29 22:28:00,6326.65,2026-09-09 12:37:29,DEL-BLR,2026-08-29
3822,TripEase,IndiGo,DEL,BLR,2026-09-12,2026-08-29 14:44:00,5724.97,2026-09-09 12:37:29,DEL-BLR,2026-08-29
3823,SkyFareHub,Air India,DEL,BLR,2026-09-12,2026-08-29 07:16:00,6685.23,2026-09-09 12:37:29,DEL-BLR,2026-08-29
3824,TripEase,Air India,DEL,BLR,2026-09-12,2026-08-29 21:11:00,6655.6,2026-09-09 12:37:29,DEL-BLR,2026-08-29
3825,SkyFareHub,SpiceJet,DEL,BLR,2026-09-12,2026-08-29 11:02:00,5860.43,2026-09-09 12:37:29,DEL-BLR,2026-08-29
3826,TripEase,SpiceJet,DEL,BLR,2026-09-12,2026-08-29 09:43:00,5592.19,2026-09-09 12:37:29,DEL-BLR,2026-08-29
3827,SkyFareHub,Vistara,DEL,BLR,2026-09-12,2026-08-29 12:30:00,6905.27,2026-09-09 12:37:29,DEL-BLR,2026-08-29
3828,TripEase,Vistara,DEL,BLR,2026-09-12,2026-08-29 11:49:00,6742.6,2026-09-09 12:37:29,DEL-BLR,2026-08-29
3829,SkyFareHub,Akasa Air,DEL,BLR,2026-09-12,2026-08-29 13:21:00,5740.23,2026-09-09 12:37:29,DEL-BLR,2026-08-29
3830,TripEase,Akasa Air,DEL,BLR,2026-09-12,2026-08-29 21:14:00,6068.74,2026-09-09 12:37:29,DEL-BLR,2026-08-29
3831,SkyFareHub,IndiGo,DEL,BLR,2026-09-28,2026-08-29 09:06:00,6058.37,2026-09-09 12:37:29,DEL-BLR,2026-08-29
3832,TripEase,IndiGo,DEL,BLR,2026-09-28,2026-08-29 06:28:00,5563.83,2026-09-09 12:37:29,DEL-BLR,2026-08-29
3833,SkyFareHub,Air India,DEL,BLR,2026-09-28,2026-08-29 19:01:00,6427.67,2026-09-09 12:37:29,DEL-BLR,2026-08-29
3834,TripEase,Air India,DEL,BLR,2026-09-28,2026-08-29 17:40:00,6574.14,2026-09-09 12:37:29,DEL-BLR,2026-08-29
3835,SkyFareHub,SpiceJet,DEL,BLR,2026-09-28,2026-08-29 07:17:00,5549.74,2026-09-09 12:37:29,DEL-BLR,2026-08-29
3836,TripEase,SpiceJet,DEL,BLR,2026-09-28,2026-08-29 08:04:00,5596.59,2026-09-09 12:37:29,DEL-BLR,2026-08-29
3837,SkyFareHub,Vistara,DEL,BLR,2026-09-28,2026-08-29 17:30:00,6657.89,2026-09-09 12:37:29,DEL-BLR,2026-08-29
3838,TripEase,Vistara,DEL,BLR,2026-09-28,2026-08-29 10:07:00,6843.68,2026-09-09 12:37:29,DEL-BLR,2026-08-29
3839,SkyFareHub,Akasa Air,DEL,BLR,2026-09-28,2026-08-29 11:42:00,5317.68,2026-09-09 12:37:29,DEL-BLR,2026-08-29
3840,TripEase,Akasa Air,DEL,BLR,2026-09-28,2026-08-29 17:35:00,5591.2,2026-09-09 12:37:29,DEL-BLR,2026-08-29
3841,SkyFareHub,IndiGo,BOM,BLR,2026-09-05,2026-08-29 11:37:00,4395.37,2026-09-09 12:37:29,BOM-BLR,2026-08-29
3842,TripEase,IndiGo,BOM,BLR,2026-09-05,2026-08-29 13:12:00,4586.78,2026-09-09 12:37:29,BOM-BLR,2026-08-29
3843,SkyFareHub,Air India,BOM,BLR,2026-09-05,2026-08-29 18:00:00,4720.82,2026-09-09 12:37:29,BOM-BLR,2026-08-29
3844,TripEase,Air India,BOM,BLR,2026-09-05,2026-08-29 06:07:00,4922.51,2026-09-09 12:37:29,BOM-BLR,2026-08-29
3845,SkyFareHub,SpiceJet,BOM,BLR,2026-09-05,2026-08-29 22:00:00,4319.31,2026-09-09 12:37:29,BOM-BLR,2026-08-29
3846,TripEase,SpiceJet,BOM,BLR,2026-09-05,2026-08-29 16:58:00,4385.05,2026-09-09 12:37:29,BOM-BLR,2026-08-29
3847,SkyFareHub,Vistara,BOM,BLR,2026-09-05,2026-08-29 12:12:00,5177.82,2026-09-09 12:37:29,BOM-BLR,2026-08-29
3848,TripEase,Vistara,BOM,BLR,2026-09-05,2026-08-29 12:06:00,5355.13,2026-09-09 12:37:29,BOM-BLR,2026-08-29
3849,SkyFareHub,Akasa Air,BOM,BLR,2026-09-05,2026-08-29 08:09:00,4361.39,2026-09-09 12:37:29,BOM-BLR,2026-08-29
3850,TripEase,Akasa Air,BOM,BLR,2026-09-05,2026-08-29 10:55:00,4619.69,2026-09-09 12:37:29,BOM-BLR,2026-08-29
3851,SkyFareHub,IndiGo,BOM,BLR,2026-09-12,2026-08-29 08:36:00,4625.38,2026-09-09 12:37:29,BOM-BLR,2026-08-29
3852,TripEase,IndiGo,BOM,BLR,2026-09-12,2026-08-29 19:53:00,4449.76,2026-09-09 12:37:29,BOM-BLR,2026-08-29
3853,SkyFareHub,Air India,BOM,BLR,2026-09-12,2026-08-29 14:26:00,5077.74,2026-09-09 12:37:29,BOM-BLR,2026-08-29
3854,TripEase,Air India,BOM,BLR,2026-09-12,2026-08-29 16:49:00,4707.21,2026-09-09 12:37:29,BOM-BLR,2026-08-29
3855,SkyFareHub,SpiceJet,BOM,BLR,2026-09-12,2026-08-29 17:25:00,4194.22,2026-09-09 12:37:29,BOM-BLR,2026-08-29
3856,TripEase,SpiceJet,BOM,BLR,2026-09-12,2026-08-29 13:47:00,4379.74,2026-09-09 12:37:29,BOM-BLR,2026-08-29
3857,SkyFareHub,Vistara,BOM,BLR,2026-09-12,2026-08-29 22:56:00,5381.06,2026-09-09 12:37:29,BOM-BLR,2026-08-29
3858,TripEase,Vistara,BOM,BLR,2026-09-12,2026-08-29 11:15:00,5294.83,2026-09-09 12:37:29,BOM-BLR,2026-08-29
3859,SkyFareHub,Akasa Air,BOM,BLR,2026-09-12,2026-08-29 08:27:00,4379.56,2026-09-09 12:37:29,BOM-BLR,2026-08-29
3860,TripEase,Akasa Air,BOM,BLR,2026-09-12,2026-08-29 08:45:00,4414.1,2026-09-09 12:37:29,BOM-BLR,2026-08-29
3861,SkyFareHub,IndiGo,BOM,BLR,2026-09-28,2026-08-29 07:23:00,4431.7,2026-09-09 12:37:29,BOM-BLR,2026-08-29
3862,TripEase,IndiGo,BOM,BLR,2026-09-28,2026-08-29 16:19:00,4251.7,2026-09-09 12:37:29,BOM-BLR,2026-08-29
3863,SkyFareHub,Air India,BOM,BLR,2026-09-28,2026-08-29 15:54:00,4895.97,2026-09-09 12:37:29,BOM-BLR,2026-08-29
3864,TripEase,Air India,BOM,BLR,2026-09-28,2026-08-29 18:48:00,4911.8,2026-09-09 12:37:29,BOM-BLR,2026-08-29
3865,SkyFareHub,SpiceJet,BOM,BLR,2026-09-28,2026-08-29 10:30:00,4339.05,2026-09-09 12:37:29,BOM-BLR,2026-08-29
3866,TripEase,SpiceJet,BOM,BLR,2026-09-28,2026-08-29 16:34:00,4161.7,2026-09-09 12:37:29,BOM-BLR,2026-08-29
3867,SkyFareHub,Vistara,BOM,BLR,2026-09-28,2026-08-29 14:40:00,5092.29,2026-09-09 12:37:29,BOM-BLR,2026-08-29
3868,TripEase,Vistara,BOM,BLR,2026-09-28,2026-08-29 15:38:00,4882.85,2026-09-09 12:37:29,BOM-BLR,2026-08-29
3869,SkyFareHub,Akasa Air,BOM,BLR,2026-09-28,2026-08-29 16:58:00,4212.77,2026-09-09 12:37:29,BOM-BLR,2026-08-29
3870,TripEase,Akasa Air,BOM,BLR,2026-09-28,2026-08-29 15:12:00,4088.35,2026-09-09 12:37:29,BOM-BLR,2026-08-29
3871,SkyFareHub,IndiGo,DEL,MAA,2026-09-05,2026-08-29 19:17:00,6827.96,2026-09-09 12:37:29,DEL-MAA,2026-08-29
3872,TripEase,IndiGo,DEL,MAA,2026-09-05,2026-08-29 12:49:00,6491.75,2026-09-09 12:37:29,DEL-MAA,2026-08-29
3873,SkyFareHub,Air India,DEL,MAA,2026-09-05,2026-08-29 15:12:00,7368.01,2026-09-09 12:37:29,DEL-MAA,2026-08-29
3874,TripEase,Air India,DEL,MAA,2026-09-05,2026-08-29 16:13:00,7227.29,2026-09-09 12:37:29,DEL-MAA,2026-08-29
3875,SkyFareHub,SpiceJet,DEL,MAA,2026-09-05,2026-08-29 11:07:00,6496.84,2026-09-09 12:37:29,DEL-MAA,2026-08-29
3876,TripEase,SpiceJet,DEL,MAA,2026-09-05,2026-08-29 13:13:00,6571.29,2026-09-09 12:37:29,DEL-MAA,2026-08-29
3877,SkyFareHub,Vistara,DEL,MAA,2026-09-05,2026-08-29 16:11:00,7766.06,2026-09-09 12:37:29,DEL-MAA,2026-08-29
3878,TripEase,Vistara,DEL,MAA,2026-09-05,2026-08-29 17:15:00,8023.68,2026-09-09 12:37:29,DEL-MAA,2026-08-29
3879,SkyFareHub,Akasa Air,DEL,MAA,2026-09-05,2026-08-29 20:34:00,6476.32,2026-09-09 12:37:29,DEL-MAA,2026-08-29
3880,TripEase,Akasa Air,DEL,MAA,2026-09-05,2026-08-29 08:16:00,6271.54,2026-09-09 12:37:29,DEL-MAA,2026-08-29
3881,SkyFareHub,IndiGo,DEL,MAA,2026-09-12,2026-08-29 18:00:00,6307.86,2026-09-09 12:37:29,DEL-MAA,2026-08-29
3882,TripEase,IndiGo,DEL,MAA,2026-09-12,2026-08-29 14:59:00,6448.72,2026-09-09 12:37:29,DEL-MAA,2026-08-29
3883,SkyFareHub,Air India,DEL,MAA,2026-09-12,2026-08-29 14:32:00,7259.37,2026-09-09 12:37:29,DEL-MAA,2026-08-29
3884,TripEase,Air India,DEL,MAA,2026-09-12,2026-08-29 07:27:00,6988.01,2026-09-09 12:37:29,DEL-MAA,2026-08-29
3885,SkyFareHub,SpiceJet,DEL,MAA,2026-09-12,2026-08-29 09:30:00,6285.53,2026-09-09 12:37:29,DEL-MAA,2026-08-29
3886,TripEase,SpiceJet,DEL,MAA,2026-09-12,2026-08-29 10:11:00,6124.54,2026-09-09 12:37:29,DEL-MAA,2026-08-29
3887,SkyFareHub,Vistara,DEL,MAA,2026-09-12,2026-08-29 07:02:00,7426.56,2026-09-09 12:37:29,DEL-MAA,2026-08-29
3888,TripEase,Vistara,DEL,MAA,2026-09-12,2026-08-29 14:08:00,7644.92,2026-09-09 12:37:29,DEL-MAA,2026-08-29
3889,SkyFareHub,Akasa Air,DEL,MAA,2026-09-12,2026-08-29 19:13:00,6663.43,2026-09-09 12:37:29,DEL-MAA,2026-08-29
3890,TripEase,Akasa Air,DEL,MAA,2026-09-12,2026-08-29 07:00:00,6183.87,2026-09-09 12:37:29,DEL-MAA,2026-08-29
3891,SkyFareHub,IndiGo,DEL,MAA,2026-09-28,2026-08-29 14:18:00,6321.86,2026-09-09 12:37:29,DEL-MAA,2026-08-29
3892,TripEase,IndiGo,DEL,MAA,2026-09-28,2026-08-29 14:59:00,6199.47,2026-09-09 12:37:29,DEL-MAA,2026-08-29
3893,SkyFareHub,Air India,DEL,MAA,2026-09-28,2026-08-29 10:01:00,7013.3,2026-09-09 12:37:29,DEL-MAA,2026-08-29
3894,TripEase,Air India,DEL,MAA,2026-09-28,2026-08-29 13:10:00,6798.69,2026-09-09 12:37:29,DEL-MAA,2026-08-29
3895,SkyFareHub,SpiceJet,DEL,MAA,2026-09-28,2026-08-29 12:34:00,6285.36,2026-09-09 12:37:29,DEL-MAA,2026-08-29
3896,TripEase,SpiceJet,DEL,MAA,2026-09-28,2026-08-29 08:36:00,6240.86,2026-09-09 12:37:29,DEL-MAA,2026-08-29
3897,SkyFareHub,Vistara,DEL,MAA,2026-09-28,2026-08-29 14:51:00,7637.69,2026-09-09 12:37:29,DEL-MAA,2026-08-29
3898,TripEase,Vistara,DEL,MAA,2026-09-28,2026-08-29 19:14:00,7103.36,2026-09-09 12:37:29,DEL-MAA,2026-08-29
3899,SkyFareHub,Akasa Air,DEL,MAA,2026-09-28,2026-08-29 11:58:00,6060.98,2026-09-09 12:37:29,DEL-MAA,2026-08-29
3900,TripEase,Akasa Air,DEL,MAA,2026-09-28,2026-08-29 13:42:00,5865.07,2026-09-09 12:37:29,DEL-MAA,2026-08-29
3901,SkyFareHub,IndiGo,BOM,MAA,2026-09-05,2026-08-29 18:28:00,5869.24,2026-09-09 12:37:29,BOM-MAA,2026-08-29
3902,TripEase,IndiGo,BOM,MAA,2026-09-05,2026-08-29 08:26:00,5653.53,2026-09-09 12:37:29,BOM-MAA,2026-08-29
3903,SkyFareHub,Air India,BOM,MAA,2026-09-05,2026-08-29 18:54:00,6493.1,2026-09-09 12:37:29,BOM-MAA,2026-08-29
3904,TripEase,Air India,BOM,MAA,2026-09-05,2026-08-29 14:13:00,6419.22,2026-09-09 12:37:29,BOM-MAA,2026-08-29
3905,SkyFareHub,SpiceJet,BOM,MAA,2026-09-05,2026-08-29 22:21:00,5804.44,2026-09-09 12:37:29,BOM-MAA,2026-08-29
3906,TripEase,SpiceJet,BOM,MAA,2026-09-05,2026-08-29 18:53:00,5554.65,2026-09-09 12:37:29,BOM-MAA,2026-08-29
3907,SkyFareHub,Vistara,BOM,MAA,2026-09-05,2026-08-29 10:45:00,6669.44,2026-09-09 12:37:29,BOM-MAA,2026-08-29
3908,TripEase,Vistara,BOM,MAA,2026-09-05,2026-08-29 18:10:00,6728.8,2026-09-09 12:37:29,BOM-MAA,2026-08-29
3909,SkyFareHub,Akasa Air,BOM,MAA,2026-09-05,2026-08-29 16:22:00,5785.32,2026-09-09 12:37:29,BOM-MAA,2026-08-29
3910,TripEase,Akasa Air,BOM,MAA,2026-09-05,2026-08-29 15:57:00,5623.41,2026-09-09 12:37:29,BOM-MAA,2026-08-29
3911,SkyFareHub,IndiGo,BOM,MAA,2026-09-12,2026-08-29 21:01:00,5756.9,2026-09-09 12:37:29,BOM-MAA,2026-08-29
3912,TripEase,IndiGo,BOM,MAA,2026-09-12,2026-08-29 08:28:00,5957.01,2026-09-09 12:37:29,BOM-MAA,2026-08-29
3913,SkyFareHub,Air India,BOM,MAA,2026-09-12,2026-08-29 17:23:00,6241.83,2026-09-09 12:37:29,BOM-MAA,2026-08-29
3914,TripEase,Air India,BOM,MAA,2026-09-12,2026-08-29 20:58:00,6251.79,2026-09-09 12:37:29,BOM-MAA,2026-08-29
3915,SkyFareHub,SpiceJet,BOM,MAA,2026-09-12,2026-08-29 17:14:00,5500.58,2026-09-09 12:37:29,BOM-MAA,2026-08-29
3916,TripEase,SpiceJet,BOM,MAA,2026-09-12,2026-08-29 14:30:00,5589.76,2026-09-09 12:37:29,BOM-MAA,2026-08-29
3917,SkyFareHub,Vistara,BOM,MAA,2026-09-12,2026-08-29 22:38:00,6427.43,2026-09-09 12:37:29,BOM-MAA,2026-08-29
3918,TripEase,Vistara,BOM,MAA,2026-09-12,2026-08-29 07:24:00,6618.55,2026-09-09 12:37:29,BOM-MAA,2026-08-29
3919,SkyFareHub,Akasa Air,BOM,MAA,2026-09-12,2026-08-29 08:45:00,5699.4,2026-09-09 12:37:29,BOM-MAA,2026-08-29
3920,TripEase,Akasa Air,BOM,MAA,2026-09-12,2026-08-29 07:16:00,5722.1,2026-09-09 12:37:29,BOM-MAA,2026-08-29
3921,SkyFareHub,IndiGo,BOM,MAA,2026-09-28,2026-08-29 20:09:00,5611.28,2026-09-09 12:37:29,BOM-MAA,2026-08-29
3922,TripEase,IndiGo,BOM,MAA,2026-09-28,2026-08-29 14:55:00,5683.1,2026-09-09 12:37:29,BOM-MAA,2026-08-29
3923,SkyFareHub,Air India,BOM,MAA,2026-09-28,2026-08-29 15:10:00,6211.41,2026-09-09 12:37:29,BOM-MAA,2026-08-29
3924,TripEase,Air India,BOM,MAA,2026-09-28,2026-08-29 08:39:00,6019.19,2026-09-09 12:37:29,BOM-MAA,2026-08-29
3925,SkyFareHub,SpiceJet,BOM,MAA,2026-09-28,2026-08-29 11:18:00,5229.65,2026-09-09 12:37:29,BOM-MAA,2026-08-29
3926,TripEase,SpiceJet,BOM,MAA,2026-09-28,2026-08-29 11:15:00,5535.37,2026-09-09 12:37:29,BOM-MAA,2026-08-29
3927,SkyFareHub,Vistara,BOM,MAA,2026-09-28,2026-08-29 08:04:00,6432.12,2026-09-09 12:37:29,BOM-MAA,2026-08-29
3928,TripEase,Vistara,BOM,MAA,2026-09-28,2026-08-29 11:34:00,6555.12,2026-09-09 12:37:29,BOM-MAA,2026-08-29
3929,SkyFareHub,Akasa Air,BOM,MAA,2026-09-28,2026-08-29 17:46:00,5308.12,2026-09-09 12:37:29,BOM-MAA,2026-08-29
3930,TripEase,Akasa Air,BOM,MAA,2026-09-28,2026-08-29 11:15:00,5355.57,2026-09-09 12:37:29,BOM-MAA,2026-08-29
3931,SkyFareHub,IndiGo,DEL,CCU,2026-09-05,2026-08-29 11:49:00,6420.01,2026-09-09 12:37:29,DEL-CCU,2026-08-29
3932,TripEase,IndiGo,DEL,CCU,2026-09-05,2026-08-29 22:32:00,6344.58,2026-09-09 12:37:29,DEL-CCU,2026-08-29
3933,SkyFareHub,Air India,DEL,CCU,2026-09-05,2026-08-29 11:03:00,7020.81,2026-09-09 12:37:29,DEL-CCU,2026-08-29
3934,TripEase,Air India,DEL,CCU,2026-09-05,2026-08-29 13:55:00,6973.57,2026-09-09 12:37:29,DEL-CCU,2026-08-29
3935,SkyFareHub,SpiceJet,DEL,CCU,2026-09-05,2026-08-29 14:29:00,6028.33,2026-09-09 12:37:29,DEL-CCU,2026-08-29
3936,TripEase,SpiceJet,DEL,CCU,2026-09-05,2026-08-29 09:45:00,5783.9,2026-09-09 12:37:29,DEL-CCU,2026-08-29
3937,SkyFareHub,Vistara,DEL,CCU,2026-09-05,2026-08-29 07:04:00,7206.42,2026-09-09 12:37:29,DEL-CCU,2026-08-29
3938,TripEase,Vistara,DEL,CCU,2026-09-05,2026-08-29 15:29:00,7414.37,2026-09-09 12:37:29,DEL-CCU,2026-08-29
3939,SkyFareHub,Akasa Air,DEL,CCU,2026-09-05,2026-08-29 18:35:00,6161.15,2026-09-09 12:37:29,DEL-CCU,2026-08-29
3940,TripEase,Akasa Air,DEL,CCU,2026-09-05,2026-08-29 22:29:00,6135.58,2026-09-09 12:37:29,DEL-CCU,2026-08-29
3941,SkyFareHub,IndiGo,DEL,CCU,2026-09-12,2026-08-29 17:50:00,6648.17,2026-09-09 12:37:29,DEL-CCU,2026-08-29
3942,TripEase,IndiGo,DEL,CCU,2026-09-12,2026-08-29 18:48:00,6385.49,2026-09-09 12:37:29,DEL-CCU,2026-08-29
3943,SkyFareHub,Air India,DEL,CCU,2026-09-12,2026-08-29 11:32:00,6793.61,2026-09-09 12:37:29,DEL-CCU,2026-08-29
3944,TripEase,Air India,DEL,CCU,2026-09-12,2026-08-29 07:13:00,6792.81,2026-09-09 12:37:29,DEL-CCU,2026-08-29
3945,SkyFareHub,SpiceJet,DEL,CCU,2026-09-12,2026-08-29 15:07:00,5911.9,2026-09-09 12:37:29,DEL-CCU,2026-08-29
3946,TripEase,SpiceJet,DEL,CCU,2026-09-12,2026-08-29 18:19:00,5956.68,2026-09-09 12:37:29,DEL-CCU,2026-08-29
3947,SkyFareHub,Vistara,DEL,CCU,2026-09-12,2026-08-29 12:48:00,7035.79,2026-09-09 12:37:29,DEL-CCU,2026-08-29
3948,TripEase,Vistara,DEL,CCU,2026-09-12,2026-08-29 10:28:00,6882.34,2026-09-09 12:37:29,DEL-CCU,2026-08-29
3949,SkyFareHub,Akasa Air,DEL,CCU,2026-09-12,2026-08-29 10:41:00,6346.14,2026-09-09 12:37:29,DEL-CCU,2026-08-29
3950,TripEase,Akasa Air,DEL,CCU,2026-09-12,2026-08-29 10:01:00,6168.1,2026-09-09 12:37:29,DEL-CCU,2026-08-29
3951,SkyFareHub,IndiGo,DEL,CCU,2026-09-28,2026-08-29 14:31:00,6385.14,2026-09-09 12:37:29,DEL-CCU,2026-08-29
3952,TripEase,IndiGo,DEL,CCU,2026-09-28,2026-08-29 17:56:00,6073.53,2026-09-09 12:37:29,DEL-CCU,2026-08-29
3953,SkyFareHub,Air India,DEL,CCU,2026-09-28,2026-08-29 07:15:00,6229.64,2026-09-09 12:37:29,DEL-CCU,2026-08-29
3954,TripEase,Air India,DEL,CCU,2026-09-28,2026-08-29 09:18:00,6918.02,2026-09-09 12:37:29,DEL-CCU,2026-08-29
3955,SkyFareHub,SpiceJet,DEL,CCU,2026-09-28,2026-08-29 18:56:00,5633.43,2026-09-09 12:37:29,DEL-CCU,2026-08-29
3956,TripEase,SpiceJet,DEL,CCU,2026-09-28,2026-08-29 15:22:00,5790.33,2026-09-09 12:37:29,DEL-CCU,2026-08-29
3957,SkyFareHub,Vistara,DEL,CCU,2026-09-28,2026-08-29 07:59:00,7151.9,2026-09-09 12:37:29,DEL-CCU,2026-08-29
3958,TripEase,Vistara,DEL,CCU,2026-09-28,2026-08-29 08:22:00,7364.31,2026-09-09 12:37:29,DEL-CCU,2026-08-29
3959,SkyFareHub,Akasa Air,DEL,CCU,2026-09-28,2026-08-29 22:10:00,5717.9,2026-09-09 12:37:29,DEL-CCU,2026-08-29
3960,TripEase,Akasa Air,DEL,CCU,2026-09-28,2026-08-29 14:03:00,5494.06,2026-09-09 12:37:29,DEL-CCU,2026-08-29
3961,SkyFareHub,IndiGo,BLR,HYD,2026-09-05,2026-08-29 22:23:00,3672.96,2026-09-09 12:37:29,BLR-HYD,2026-08-29
3962,TripEase,IndiGo,BLR,HYD,2026-09-05,2026-08-29 20:22:00,3715.87,2026-09-09 12:37:29,BLR-HYD,2026-08-29
3963,SkyFareHub,Air India,BLR,HYD,2026-09-05,2026-08-29 07:51:00,4183.97,2026-09-09 12:37:29,BLR-HYD,2026-08-29
3964,TripEase,Air India,BLR,HYD,2026-09-05,2026-08-29 20:48:00,4108.08,2026-09-09 12:37:29,BLR-HYD,2026-08-29
3965,SkyFareHub,SpiceJet,BLR,HYD,2026-09-05,2026-08-29 07:42:00,3746.73,2026-09-09 12:37:29,BLR-HYD,2026-08-29
3966,TripEase,SpiceJet,BLR,HYD,2026-09-05,2026-08-29 22:04:00,3825.17,2026-09-09 12:37:29,BLR-HYD,2026-08-29
3967,SkyFareHub,Vistara,BLR,HYD,2026-09-05,2026-08-29 18:21:00,4554.61,2026-09-09 12:37:29,BLR-HYD,2026-08-29
3968,TripEase,Vistara,BLR,HYD,2026-09-05,2026-08-29 14:09:00,4510.59,2026-09-09 12:37:29,BLR-HYD,2026-08-29
3969,SkyFareHub,Akasa Air,BLR,HYD,2026-09-05,2026-08-29 08:39:00,3755.71,2026-09-09 12:37:29,BLR-HYD,2026-08-29
3970,TripEase,Akasa Air,BLR,HYD,2026-09-05,2026-08-29 07:02:00,3710.84,2026-09-09 12:37:29,BLR-HYD,2026-08-29
3971,SkyFareHub,IndiGo,BLR,HYD,2026-09-12,2026-08-29 12:26:00,3875.01,2026-09-09 12:37:29,BLR-HYD,2026-08-29
3972,TripEase,IndiGo,BLR,HYD,2026-09-12,2026-08-29 10:27:00,3833.45,2026-09-09 12:37:29,BLR-HYD,2026-08-29
3973,SkyFareHub,Air India,BLR,HYD,2026-09-12,2026-08-29 12:00:00,4092.44,2026-09-09 12:37:29,BLR-HYD,2026-08-29
3974,TripEase,Air India,BLR,HYD,2026-09-12,2026-08-29 07:16:00,4216.62,2026-09-09 12:37:29,BLR-HYD,2026-08-29
3975,SkyFareHub,SpiceJet,BLR,HYD,2026-09-12,2026-08-29 13:29:00,3768.44,2026-09-09 12:37:29,BLR-HYD,2026-08-29
3976,TripEase,SpiceJet,BLR,HYD,2026-09-12,2026-08-29 21:07:00,3687.45,2026-09-09 12:37:29,BLR-HYD,2026-08-29
3977,SkyFareHub,Vistara,BLR,HYD,2026-09-12,2026-08-29 16:39:00,4247.1,2026-09-09 12:37:29,BLR-HYD,2026-08-29
3978,TripEase,Vistara,BLR,HYD,2026-09-12,2026-08-29 21:16:00,4452.36,2026-09-09 12:37:29,BLR-HYD,2026-08-29
3979,SkyFareHub,Akasa Air,BLR,HYD,2026-09-12,2026-08-29 16:40:00,3749.81,2026-09-09 12:37:29,BLR-HYD,2026-08-29
3980,TripEase,Akasa Air,BLR,HYD,2026-09-12,2026-08-29 22:43:00,3771.21,2026-09-09 12:37:29,BLR-HYD,2026-08-29
3981,SkyFareHub,IndiGo,BLR,HYD,2026-09-28,2026-08-29 13:14:00,3660.37,2026-09-09 12:37:29,BLR-HYD,2026-08-29
3982,TripEase,IndiGo,BLR,HYD,2026-09-28,2026-08-29 14:21:00,3783.67,2026-09-09 12:37:29,BLR-HYD,2026-08-29
3983,SkyFareHub,Air India,BLR,HYD,2026-09-28,2026-08-29 18:03:00,4094.38,2026-09-09 12:37:29,BLR-HYD,2026-08-29
3984,TripEase,Air India,BLR,HYD,2026-09-28,2026-08-29 14:06:00,4098.22,2026-09-09 12:37:29,BLR-HYD,2026-08-29
3985,SkyFareHub,SpiceJet,BLR,HYD,2026-09-28,2026-08-29 13:56:00,3622.65,2026-09-09 12:37:29,BLR-HYD,2026-08-29
3986,TripEase,SpiceJet,BLR,HYD,2026-09-28,2026-08-29 10:59:00,3640.7,2026-09-09 12:37:29,BLR-HYD,2026-08-29
3987,SkyFareHub,Vistara,BLR,HYD,2026-09-28,2026-08-29 17:26:00,4134.75,2026-09-09 12:37:29,BLR-HYD,2026-08-29
3988,TripEase,Vistara,BLR,HYD,2026-09-28,2026-08-29 16:19:00,4322.81,2026-09-09 12:37:29,BLR-HYD,2026-08-29
3989,SkyFareHub,Akasa Air,BLR,HYD,2026-09-28,2026-08-29 21:59:00,3400.66,2026-09-09 12:37:29,BLR-HYD,2026-08-29
3990,TripEase,Akasa Air,BLR,HYD,2026-09-28,2026-08-29 07:27:00,3700.0,2026-09-09 12:37:29,BLR-HYD,2026-08-29
3991,SkyFareHub,IndiGo,DEL,BOM,2026-09-06,2026-08-30 19:30:00,5570.82,2026-09-09 12:37:29,DEL-BOM,2026-08-30
3992,TripEase,IndiGo,DEL,BOM,2026-09-06,2026-08-30 17:07:00,5795.66,2026-09-09 12:37:29,DEL-BOM,2026-08-30
3993,SkyFareHub,Air India,DEL,BOM,2026-09-06,2026-08-30 21:59:00,5988.66,2026-09-09 12:37:29,DEL-BOM,2026-08-30
3994,TripEase,Air India,DEL,BOM,2026-09-06,2026-08-30 18:27:00,6342.53,2026-09-09 12:37:29,DEL-BOM,2026-08-30
3995,SkyFareHub,SpiceJet,DEL,BOM,2026-09-06,2026-08-30 11:21:00,5435.46,2026-09-09 12:37:29,DEL-BOM,2026-08-30
3996,TripEase,SpiceJet,DEL,BOM,2026-09-06,2026-08-30 18:54:00,5152.85,2026-09-09 12:37:29,DEL-BOM,2026-08-30
3997,SkyFareHub,Vistara,DEL,BOM,2026-09-06,2026-08-30 06:09:00,6102.8,2026-09-09 12:37:29,DEL-BOM,2026-08-30
3998,TripEase,Vistara,DEL,BOM,2026-09-06,2026-08-30 08:59:00,6499.68,2026-09-09 12:37:29,DEL-BOM,2026-08-30
3999,SkyFareHub,Akasa Air,DEL,BOM,2026-09-06,2026-08-30 10:03:00,5773.75,2026-09-09 12:37:29,DEL-BOM,2026-08-30
4000,TripEase,Akasa Air,DEL,BOM,2026-09-06,2026-08-30 10:18:00,5143.56,2026-09-09 12:37:29,DEL-BOM,2026-08-30
4001,SkyFareHub,IndiGo,DEL,BOM,2026-09-13,2026-08-30 17:42:00,5726.74,2026-09-09 12:37:29,DEL-BOM,2026-08-30
4002,TripEase,IndiGo,DEL,BOM,2026-09-13,2026-08-30 15:21:00,5434.95,2026-09-09 12:37:29,DEL-BOM,2026-08-30
4003,SkyFareHub,Air India,DEL,BOM,2026-09-13,2026-08-30 08:02:00,5987.3,2026-09-09 12:37:29,DEL-BOM,2026-08-30
4004,TripEase,Air India,DEL,BOM,2026-09-13,2026-08-30 12:50:00,6171.27,2026-09-09 12:37:29,DEL-BOM,2026-08-30
4005,SkyFareHub,SpiceJet,DEL,BOM,2026-09-13,2026-08-30 21:06:00,5104.41,2026-09-09 12:37:29,DEL-BOM,2026-08-30
4006,TripEase,SpiceJet,DEL,BOM,2026-09-13,2026-08-30 22:04:00,5114.04,2026-09-09 12:37:29,DEL-BOM,2026-08-30
4007,SkyFareHub,Vistara,DEL,BOM,2026-09-13,2026-08-30 08:29:00,6476.54,2026-09-09 12:37:29,DEL-BOM,2026-08-30
4008,TripEase,Vistara,DEL,BOM,2026-09-13,2026-08-30 22:06:00,6351.83,2026-09-09 12:37:29,DEL-BOM,2026-08-30
4009,SkyFareHub,Akasa Air,DEL,BOM,2026-09-13,2026-08-30 15:02:00,5298.61,2026-09-09 12:37:29,DEL-BOM,2026-08-30
4010,TripEase,Akasa Air,DEL,BOM,2026-09-13,2026-08-30 11:44:00,5291.33,2026-09-09 12:37:29,DEL-BOM,2026-08-30
4011,SkyFareHub,IndiGo,DEL,BOM,2026-09-29,2026-08-30 22:19:00,5346.17,2026-09-09 12:37:29,DEL-BOM,2026-08-30
4012,TripEase,IndiGo,DEL,BOM,2026-09-29,2026-08-30 18:26:00,5350.84,2026-09-09 12:37:29,DEL-BOM,2026-08-30
4013,SkyFareHub,Air India,DEL,BOM,2026-09-29,2026-08-30 15:42:00,5853.38,2026-09-09 12:37:29,DEL-BOM,2026-08-30
4014,TripEase,Air India,DEL,BOM,2026-09-29,2026-08-30 10:45:00,5632.31,2026-09-09 12:37:29,DEL-BOM,2026-08-30
4015,SkyFareHub,SpiceJet,DEL,BOM,2026-09-29,2026-08-30 09:09:00,4834.97,2026-09-09 12:37:29,DEL-BOM,2026-08-30
4016,TripEase,SpiceJet,DEL,BOM,2026-09-29,2026-08-30 10:46:00,4928.72,2026-09-09 12:37:29,DEL-BOM,2026-08-30
4017,SkyFareHub,Vistara,DEL,BOM,2026-09-29,2026-08-30 16:37:00,6068.6,2026-09-09 12:37:29,DEL-BOM,2026-08-30
4018,TripEase,Vistara,DEL,BOM,2026-09-29,2026-08-30 19:07:00,6043.5,2026-09-09 12:37:29,DEL-BOM,2026-08-30
4019,SkyFareHub,Akasa Air,DEL,BOM,2026-09-29,2026-08-30 15:59:00,5443.9,2026-09-09 12:37:29,DEL-BOM,2026-08-30
4020,TripEase,Akasa Air,DEL,BOM,2026-09-29,2026-08-30 07:23:00,5422.94,2026-09-09 12:37:29,DEL-BOM,2026-08-30
4021,SkyFareHub,IndiGo,DEL,BLR,2026-09-06,2026-08-30 08:03:00,5865.8,2026-09-09 12:37:29,DEL-BLR,2026-08-30
4022,TripEase,IndiGo,DEL,BLR,2026-09-06,2026-08-30 14:24:00,6048.3,2026-09-09 12:37:29,DEL-BLR,2026-08-30
4023,SkyFareHub,Air India,DEL,BLR,2026-09-06,2026-08-30 18:50:00,6472.99,2026-09-09 12:37:29,DEL-BLR,2026-08-30
4024,TripEase,Air India,DEL,BLR,2026-09-06,2026-08-30 10:52:00,6681.26,2026-09-09 12:37:29,DEL-BLR,2026-08-30
4025,SkyFareHub,SpiceJet,DEL,BLR,2026-09-06,2026-08-30 19:42:00,5923.81,2026-09-09 12:37:29,DEL-BLR,2026-08-30
4026,TripEase,SpiceJet,DEL,BLR,2026-09-06,2026-08-30 11:00:00,5900.2,2026-09-09 12:37:29,DEL-BLR,2026-08-30
4027,SkyFareHub,Vistara,DEL,BLR,2026-09-06,2026-08-30 14:26:00,7137.2,2026-09-09 12:37:29,DEL-BLR,2026-08-30
4028,TripEase,Vistara,DEL,BLR,2026-09-06,2026-08-30 16:09:00,7000.05,2026-09-09 12:37:29,DEL-BLR,2026-08-30
4029,SkyFareHub,Akasa Air,DEL,BLR,2026-09-06,2026-08-30 22:38:00,5616.89,2026-09-09 12:37:29,DEL-BLR,2026-08-30
4030,TripEase,Akasa Air,DEL,BLR,2026-09-06,2026-08-30 12:46:00,5882.4,2026-09-09 12:37:29,DEL-BLR,2026-08-30
4031,SkyFareHub,IndiGo,DEL,BLR,2026-09-13,2026-08-30 06:40:00,5738.48,2026-09-09 12:37:29,DEL-BLR,2026-08-30
4032,TripEase,IndiGo,DEL,BLR,2026-09-13,2026-08-30 17:21:00,5936.61,2026-09-09 12:37:29,DEL-BLR,2026-08-30
4033,SkyFareHub,Air India,DEL,BLR,2026-09-13,2026-08-30 22:12:00,6278.99,2026-09-09 12:37:29,DEL-BLR,2026-08-30
4034,TripEase,Air India,DEL,BLR,2026-09-13,2026-08-30 22:17:00,6329.06,2026-09-09 12:37:29,DEL-BLR,2026-08-30
4035,SkyFareHub,SpiceJet,DEL,BLR,2026-09-13,2026-08-30 12:27:00,5907.01,2026-09-09 12:37:29,DEL-BLR,2026-08-30
4036,TripEase,SpiceJet,DEL,BLR,2026-09-13,2026-08-30 07:29:00,5962.34,2026-09-09 12:37:29,DEL-BLR,2026-08-30
4037,SkyFareHub,Vistara,DEL,BLR,2026-09-13,2026-08-30 15:34:00,7267.32,2026-09-09 12:37:29,DEL-BLR,2026-08-30
4038,TripEase,Vistara,DEL,BLR,2026-09-13,2026-08-30 15:21:00,7229.26,2026-09-09 12:37:29,DEL-BLR,2026-08-30
4039,SkyFareHub,Akasa Air,DEL,BLR,2026-09-13,2026-08-30 08:30:00,5684.18,2026-09-09 12:37:29,DEL-BLR,2026-08-30
4040,TripEase,Akasa Air,DEL,BLR,2026-09-13,2026-08-30 20:58:00,6005.23,2026-09-09 12:37:29,DEL-BLR,2026-08-30
4041,SkyFareHub,IndiGo,DEL,BLR,2026-09-29,2026-08-30 16:53:00,6067.24,2026-09-09 12:37:29,DEL-BLR,2026-08-30
4042,TripEase,IndiGo,DEL,BLR,2026-09-29,2026-08-30 15:57:00,5886.49,2026-09-09 12:37:29,DEL-BLR,2026-08-30
4043,SkyFareHub,Air India,DEL,BLR,2026-09-29,2026-08-30 13:42:00,6232.44,2026-09-09 12:37:29,DEL-BLR,2026-08-30
4044,TripEase,Air India,DEL,BLR,2026-09-29,2026-08-30 14:00:00,6442.06,2026-09-09 12:37:29,DEL-BLR,2026-08-30
4045,SkyFareHub,SpiceJet,DEL,BLR,2026-09-29,2026-08-30 20:15:00,5428.81,2026-09-09 12:37:29,DEL-BLR,2026-08-30
4046,TripEase,SpiceJet,DEL,BLR,2026-09-29,2026-08-30 08:51:00,5499.35,2026-09-09 12:37:29,DEL-BLR,2026-08-30
4047,SkyFareHub,Vistara,DEL,BLR,2026-09-29,2026-08-30 19:01:00,6918.78,2026-09-09 12:37:29,DEL-BLR,2026-08-30
4048,TripEase,Vistara,DEL,BLR,2026-09-29,2026-08-30 15:49:00,6924.97,2026-09-09 12:37:29,DEL-BLR,2026-08-30
4049,SkyFareHub,Akasa Air,DEL,BLR,2026-09-29,2026-08-30 12:34:00,5578.35,2026-09-09 12:37:29,DEL-BLR,2026-08-30
4050,TripEase,Akasa Air,DEL,BLR,2026-09-29,2026-08-30 09:54:00,5686.75,2026-09-09 12:37:29,DEL-BLR,2026-08-30
4051,SkyFareHub,IndiGo,BOM,BLR,2026-09-06,2026-08-30 16:11:00,4648.97,2026-09-09 12:37:29,BOM-BLR,2026-08-30
4052,TripEase,IndiGo,BOM,BLR,2026-09-06,2026-08-30 19:05:00,4545.11,2026-09-09 12:37:29,BOM-BLR,2026-08-30
4053,SkyFareHub,Air India,BOM,BLR,2026-09-06,2026-08-30 21:01:00,4836.09,2026-09-09 12:37:29,BOM-BLR,2026-08-30
4054,TripEase,Air India,BOM,BLR,2026-09-06,2026-08-30 14:10:00,4949.56,2026-09-09 12:37:29,BOM-BLR,2026-08-30
4055,SkyFareHub,SpiceJet,BOM,BLR,2026-09-06,2026-08-30 19:10:00,4481.19,2026-09-09 12:37:29,BOM-BLR,2026-08-30
4056,TripEase,SpiceJet,BOM,BLR,2026-09-06,2026-08-30 11:23:00,4445.34,2026-09-09 12:37:29,BOM-BLR,2026-08-30
4057,SkyFareHub,Vistara,BOM,BLR,2026-09-06,2026-08-30 15:34:00,5269.79,2026-09-09 12:37:29,BOM-BLR,2026-08-30
4058,TripEase,Vistara,BOM,BLR,2026-09-06,2026-08-30 08:09:00,5428.64,2026-09-09 12:37:29,BOM-BLR,2026-08-30
4059,SkyFareHub,Akasa Air,BOM,BLR,2026-09-06,2026-08-30 06:15:00,4701.38,2026-09-09 12:37:29,BOM-BLR,2026-08-30
4060,TripEase,Akasa Air,BOM,BLR,2026-09-06,2026-08-30 14:11:00,4390.32,2026-09-09 12:37:29,BOM-BLR,2026-08-30
4061,SkyFareHub,IndiGo,BOM,BLR,2026-09-13,2026-08-30 09:32:00,4392.05,2026-09-09 12:37:29,BOM-BLR,2026-08-30
4062,TripEase,IndiGo,BOM,BLR,2026-09-13,2026-08-30 20:32:00,4718.93,2026-09-09 12:37:29,BOM-BLR,2026-08-30
4063,SkyFareHub,Air India,BOM,BLR,2026-09-13,2026-08-30 14:50:00,4810.68,2026-09-09 12:37:29,BOM-BLR,2026-08-30
4064,TripEase,Air India,BOM,BLR,2026-09-13,2026-08-30 17:11:00,4831.07,2026-09-09 12:37:29,BOM-BLR,2026-08-30
4065,SkyFareHub,SpiceJet,BOM,BLR,2026-09-13,2026-08-30 14:46:00,4199.4,2026-09-09 12:37:29,BOM-BLR,2026-08-30
4066,TripEase,SpiceJet,BOM,BLR,2026-09-13,2026-08-30 08:04:00,4259.44,2026-09-09 12:37:29,BOM-BLR,2026-08-30
4067,SkyFareHub,Vistara,BOM,BLR,2026-09-13,2026-08-30 22:52:00,5037.07,2026-09-09 12:37:29,BOM-BLR,2026-08-30
4068,TripEase,Vistara,BOM,BLR,2026-09-13,2026-08-30 17:01:00,5211.17,2026-09-09 12:37:29,BOM-BLR,2026-08-30
4069,SkyFareHub,Akasa Air,BOM,BLR,2026-09-13,2026-08-30 19:06:00,4323.89,2026-09-09 12:37:29,BOM-BLR,2026-08-30
4070,TripEase,Akasa Air,BOM,BLR,2026-09-13,2026-08-30 18:13:00,4590.95,2026-09-09 12:37:29,BOM-BLR,2026-08-30
4071,SkyFareHub,IndiGo,BOM,BLR,2026-09-29,2026-08-30 21:49:00,4311.29,2026-09-09 12:37:29,BOM-BLR,2026-08-30
4072,TripEase,IndiGo,BOM,BLR,2026-09-29,2026-08-30 13:53:00,4478.71,2026-09-09 12:37:29,BOM-BLR,2026-08-30
4073,SkyFareHub,Air India,BOM,BLR,2026-09-29,2026-08-30 21:35:00,4925.25,2026-09-09 12:37:29,BOM-BLR,2026-08-30
4074,TripEase,Air India,BOM,BLR,2026-09-29,2026-08-30 17:12:00,4818.75,2026-09-09 12:37:29,BOM-BLR,2026-08-30
4075,SkyFareHub,SpiceJet,BOM,BLR,2026-09-29,2026-08-30 12:00:00,4193.93,2026-09-09 12:37:29,BOM-BLR,2026-08-30
4076,TripEase,SpiceJet,BOM,BLR,2026-09-29,2026-08-30 17:41:00,4079.17,2026-09-09 12:37:29,BOM-BLR,2026-08-30
4077,SkyFareHub,Vistara,BOM,BLR,2026-09-29,2026-08-30 06:20:00,5066.25,2026-09-09 12:37:29,BOM-BLR,2026-08-30
4078,TripEase,Vistara,BOM,BLR,2026-09-29,2026-08-30 09:38:00,5076.32,2026-09-09 12:37:29,BOM-BLR,2026-08-30
4079,SkyFareHub,Akasa Air,BOM,BLR,2026-09-29,2026-08-30 10:30:00,4339.48,2026-09-09 12:37:29,BOM-BLR,2026-08-30
4080,TripEase,Akasa Air,BOM,BLR,2026-09-29,2026-08-30 16:07:00,4389.41,2026-09-09 12:37:29,BOM-BLR,2026-08-30
4081,SkyFareHub,IndiGo,DEL,MAA,2026-09-06,2026-08-30 16:15:00,6540.67,2026-09-09 12:37:29,DEL-MAA,2026-08-30
4082,TripEase,IndiGo,DEL,MAA,2026-09-06,2026-08-30 15:02:00,6689.55,2026-09-09 12:37:29,DEL-MAA,2026-08-30
4083,SkyFareHub,Air India,DEL,MAA,2026-09-06,2026-08-30 15:42:00,7208.11,2026-09-09 12:37:29,DEL-MAA,2026-08-30
4084,TripEase,Air India,DEL,MAA,2026-09-06,2026-08-30 14:52:00,7304.18,2026-09-09 12:37:29,DEL-MAA,2026-08-30
4085,SkyFareHub,SpiceJet,DEL,MAA,2026-09-06,2026-08-30 16:54:00,6135.2,2026-09-09 12:37:29,DEL-MAA,2026-08-30
4086,TripEase,SpiceJet,DEL,MAA,2026-09-06,2026-08-30 22:23:00,6121.77,2026-09-09 12:37:29,DEL-MAA,2026-08-30
4087,SkyFareHub,Vistara,DEL,MAA,2026-09-06,2026-08-30 15:26:00,7311.64,2026-09-09 12:37:29,DEL-MAA,2026-08-30
4088,TripEase,Vistara,DEL,MAA,2026-09-06,2026-08-30 16:11:00,7588.79,2026-09-09 12:37:29,DEL-MAA,2026-08-30
4089,SkyFareHub,Akasa Air,DEL,MAA,2026-09-06,2026-08-30 22:38:00,6713.83,2026-09-09 12:37:29,DEL-MAA,2026-08-30
4090,TripEase,Akasa Air,DEL,MAA,2026-09-06,2026-08-30 09:06:00,6357.55,2026-09-09 12:37:29,DEL-MAA,2026-08-30
4091,SkyFareHub,IndiGo,DEL,MAA,2026-09-13,2026-08-30 16:56:00,6921.28,2026-09-09 12:37:29,DEL-MAA,2026-08-30
4092,TripEase,IndiGo,DEL,MAA,2026-09-13,2026-08-30 08:14:00,6398.81,2026-09-09 12:37:29,DEL-MAA,2026-08-30
4093,SkyFareHub,Air India,DEL,MAA,2026-09-13,2026-08-30 08:51:00,6755.64,2026-09-09 12:37:29,DEL-MAA,2026-08-30
4094,TripEase,Air India,DEL,MAA,2026-09-13,2026-08-30 15:58:00,7397.59,2026-09-09 12:37:29,DEL-MAA,2026-08-30
4095,SkyFareHub,SpiceJet,DEL,MAA,2026-09-13,2026-08-30 18:48:00,6188.4,2026-09-09 12:37:29,DEL-MAA,2026-08-30
4096,TripEase,SpiceJet,DEL,MAA,2026-09-13,2026-08-30 19:05:00,6382.62,2026-09-09 12:37:29,DEL-MAA,2026-08-30
4097,SkyFareHub,Vistara,DEL,MAA,2026-09-13,2026-08-30 07:08:00,7542.06,2026-09-09 12:37:29,DEL-MAA,2026-08-30
4098,TripEase,Vistara,DEL,MAA,2026-09-13,2026-08-30 06:06:00,7494.22,2026-09-09 12:37:29,DEL-MAA,2026-08-30
4099,SkyFareHub,Akasa Air,DEL,MAA,2026-09-13,2026-08-30 17:25:00,6393.98,2026-09-09 12:37:29,DEL-MAA,2026-08-30
4100,TripEase,Akasa Air,DEL,MAA,2026-09-13,2026-08-30 13:05:00,6300.67,2026-09-09 12:37:29,DEL-MAA,2026-08-30
4101,SkyFareHub,IndiGo,DEL,MAA,2026-09-29,2026-08-30 09:40:00,6145.92,2026-09-09 12:37:29,DEL-MAA,2026-08-30
4102,TripEase,IndiGo,DEL,MAA,2026-09-29,2026-08-30 10:10:00,6497.5,2026-09-09 12:37:29,DEL-MAA,2026-08-30
4103,SkyFareHub,Air India,DEL,MAA,2026-09-29,2026-08-30 22:15:00,7121.28,2026-09-09 12:37:29,DEL-MAA,2026-08-30
4104,TripEase,Air India,DEL,MAA,2026-09-29,2026-08-30 22:56:00,6923.28,2026-09-09 12:37:29,DEL-MAA,2026-08-30
4105,SkyFareHub,SpiceJet,DEL,MAA,2026-09-29,2026-08-30 12:31:00,6029.93,2026-09-09 12:37:29,DEL-MAA,2026-08-30
4106,TripEase,SpiceJet,DEL,MAA,2026-09-29,2026-08-30 12:39:00,5896.14,2026-09-09 12:37:29,DEL-MAA,2026-08-30
4107,SkyFareHub,Vistara,DEL,MAA,2026-09-29,2026-08-30 22:18:00,7265.46,2026-09-09 12:37:29,DEL-MAA,2026-08-30
4108,TripEase,Vistara,DEL,MAA,2026-09-29,2026-08-30 19:58:00,7169.9,2026-09-09 12:37:29,DEL-MAA,2026-08-30
4109,SkyFareHub,Akasa Air,DEL,MAA,2026-09-29,2026-08-30 09:45:00,6113.04,2026-09-09 12:37:29,DEL-MAA,2026-08-30
4110,TripEase,Akasa Air,DEL,MAA,2026-09-29,2026-08-30 21:00:00,6175.19,2026-09-09 12:37:29,DEL-MAA,2026-08-30
4111,SkyFareHub,IndiGo,BOM,MAA,2026-09-06,2026-08-30 12:47:00,6137.12,2026-09-09 12:37:29,BOM-MAA,2026-08-30
4112,TripEase,IndiGo,BOM,MAA,2026-09-06,2026-08-30 11:52:00,5693.54,2026-09-09 12:37:29,BOM-MAA,2026-08-30
4113,SkyFareHub,Air India,BOM,MAA,2026-09-06,2026-08-30 13:08:00,6345.05,2026-09-09 12:37:29,BOM-MAA,2026-08-30
4114,TripEase,Air India,BOM,MAA,2026-09-06,2026-08-30 13:47:00,6423.83,2026-09-09 12:37:29,BOM-MAA,2026-08-30
4115,SkyFareHub,SpiceJet,BOM,MAA,2026-09-06,2026-08-30 18:08:00,5296.67,2026-09-09 12:37:29,BOM-MAA,2026-08-30
4116,TripEase,SpiceJet,BOM,MAA,2026-09-06,2026-08-30 09:36:00,5780.87,2026-09-09 12:37:29,BOM-MAA,2026-08-30
4117,SkyFareHub,Vistara,BOM,MAA,2026-09-06,2026-08-30 09:53:00,6444.44,2026-09-09 12:37:29,BOM-MAA,2026-08-30
4118,TripEase,Vistara,BOM,MAA,2026-09-06,2026-08-30 16:13:00,6906.91,2026-09-09 12:37:29,BOM-MAA,2026-08-30
4119,SkyFareHub,Akasa Air,BOM,MAA,2026-09-06,2026-08-30 09:55:00,5618.78,2026-09-09 12:37:29,BOM-MAA,2026-08-30
4120,TripEase,Akasa Air,BOM,MAA,2026-09-06,2026-08-30 18:42:00,5869.86,2026-09-09 12:37:29,BOM-MAA,2026-08-30
4121,SkyFareHub,IndiGo,BOM,MAA,2026-09-13,2026-08-30 12:54:00,5788.98,2026-09-09 12:37:29,BOM-MAA,2026-08-30
4122,TripEase,IndiGo,BOM,MAA,2026-09-13,2026-08-30 17:12:00,5819.44,2026-09-09 12:37:29,BOM-MAA,2026-08-30
4123,SkyFareHub,Air India,BOM,MAA,2026-09-13,2026-08-30 13:31:00,6651.2,2026-09-09 12:37:29,BOM-MAA,2026-08-30
4124,TripEase,Air India,BOM,MAA,2026-09-13,2026-08-30 07:16:00,6236.49,2026-09-09 12:37:29,BOM-MAA,2026-08-30
4125,SkyFareHub,SpiceJet,BOM,MAA,2026-09-13,2026-08-30 07:50:00,5332.8,2026-09-09 12:37:29,BOM-MAA,2026-08-30
4126,TripEase,SpiceJet,BOM,MAA,2026-09-13,2026-08-30 20:33:00,5592.36,2026-09-09 12:37:29,BOM-MAA,2026-08-30
4127,SkyFareHub,Vistara,BOM,MAA,2026-09-13,2026-08-30 15:09:00,6589.39,2026-09-09 12:37:29,BOM-MAA,2026-08-30
4128,TripEase,Vistara,BOM,MAA,2026-09-13,2026-08-30 06:30:00,6490.81,2026-09-09 12:37:29,BOM-MAA,2026-08-30
4129,SkyFareHub,Akasa Air,BOM,MAA,2026-09-13,2026-08-30 20:22:00,5823.43,2026-09-09 12:37:29,BOM-MAA,2026-08-30
4130,TripEase,Akasa Air,BOM,MAA,2026-09-13,2026-08-30 12:44:00,5499.95,2026-09-09 12:37:29,BOM-MAA,2026-08-30
4131,SkyFareHub,IndiGo,BOM,MAA,2026-09-29,2026-08-30 18:17:00,5946.67,2026-09-09 12:37:29,BOM-MAA,2026-08-30
4132,TripEase,IndiGo,BOM,MAA,2026-09-29,2026-08-30 10:01:00,5417.4,2026-09-09 12:37:29,BOM-MAA,2026-08-30
4133,SkyFareHub,Air India,BOM,MAA,2026-09-29,2026-08-30 18:14:00,6310.52,2026-09-09 12:37:29,BOM-MAA,2026-08-30
4134,TripEase,Air India,BOM,MAA,2026-09-29,2026-08-30 10:07:00,6376.8,2026-09-09 12:37:29,BOM-MAA,2026-08-30
4135,SkyFareHub,SpiceJet,BOM,MAA,2026-09-29,2026-08-30 14:44:00,5241.24,2026-09-09 12:37:29,BOM-MAA,2026-08-30
4136,TripEase,SpiceJet,BOM,MAA,2026-09-29,2026-08-30 22:51:00,5327.17,2026-09-09 12:37:29,BOM-MAA,2026-08-30
4137,SkyFareHub,Vistara,BOM,MAA,2026-09-29,2026-08-30 08:36:00,6379.69,2026-09-09 12:37:29,BOM-MAA,2026-08-30
4138,TripEase,Vistara,BOM,MAA,2026-09-29,2026-08-30 15:16:00,6600.98,2026-09-09 12:37:29,BOM-MAA,2026-08-30
4139,SkyFareHub,Akasa Air,BOM,MAA,2026-09-29,2026-08-30 22:58:00,5717.51,2026-09-09 12:37:29,BOM-MAA,2026-08-30
4140,TripEase,Akasa Air,BOM,MAA,2026-09-29,2026-08-30 22:00:00,5355.94,2026-09-09 12:37:29,BOM-MAA,2026-08-30
4141,SkyFareHub,IndiGo,DEL,CCU,2026-09-06,2026-08-30 19:36:00,5992.01,2026-09-09 12:37:29,DEL-CCU,2026-08-30
4142,TripEase,IndiGo,DEL,CCU,2026-09-06,2026-08-30 11:06:00,6265.61,2026-09-09 12:37:29,DEL-CCU,2026-08-30
4143,SkyFareHub,Air India,DEL,CCU,2026-09-06,2026-08-30 19:16:00,7080.43,2026-09-09 12:37:29,DEL-CCU,2026-08-30
4144,TripEase,Air India,DEL,CCU,2026-09-06,2026-08-30 12:40:00,6875.51,2026-09-09 12:37:29,DEL-CCU,2026-08-30
4145,SkyFareHub,SpiceJet,DEL,CCU,2026-09-06,2026-08-30 17:06:00,6112.32,2026-09-09 12:37:29,DEL-CCU,2026-08-30
4146,TripEase,SpiceJet,DEL,CCU,2026-09-06,2026-08-30 13:20:00,6022.99,2026-09-09 12:37:29,DEL-CCU,2026-08-30
4147,SkyFareHub,Vistara,DEL,CCU,2026-09-06,2026-08-30 21:48:00,6969.22,2026-09-09 12:37:29,DEL-CCU,2026-08-30
4148,TripEase,Vistara,DEL,CCU,2026-09-06,2026-08-30 13:27:00,7082.22,2026-09-09 12:37:29,DEL-CCU,2026-08-30
4149,SkyFareHub,Akasa Air,DEL,CCU,2026-09-06,2026-08-30 08:06:00,6209.66,2026-09-09 12:37:29,DEL-CCU,2026-08-30
4150,TripEase,Akasa Air,DEL,CCU,2026-09-06,2026-08-30 19:55:00,6060.8,2026-09-09 12:37:29,DEL-CCU,2026-08-30
4151,SkyFareHub,IndiGo,DEL,CCU,2026-09-13,2026-08-30 08:06:00,6022.38,2026-09-09 12:37:29,DEL-CCU,2026-08-30
4152,TripEase,IndiGo,DEL,CCU,2026-09-13,2026-08-30 20:45:00,6532.83,2026-09-09 12:37:29,DEL-CCU,2026-08-30
4153,SkyFareHub,Air India,DEL,CCU,2026-09-13,2026-08-30 12:23:00,6663.84,2026-09-09 12:37:29,DEL-CCU,2026-08-30
4154,TripEase,Air India,DEL,CCU,2026-09-13,2026-08-30 19:07:00,6447.36,2026-09-09 12:37:29,DEL-CCU,2026-08-30
4155,SkyFareHub,SpiceJet,DEL,CCU,2026-09-13,2026-08-30 20:57:00,6235.07,2026-09-09 12:37:29,DEL-CCU,2026-08-30
4156,TripEase,SpiceJet,DEL,CCU,2026-09-13,2026-08-30 13:39:00,5754.83,2026-09-09 12:37:29,DEL-CCU,2026-08-30
4157,SkyFareHub,Vistara,DEL,CCU,2026-09-13,2026-08-30 13:02:00,7115.12,2026-09-09 12:37:29,DEL-CCU,2026-08-30
4158,TripEase,Vistara,DEL,CCU,2026-09-13,2026-08-30 11:42:00,7092.63,2026-09-09 12:37:29,DEL-CCU,2026-08-30
4159,SkyFareHub,Akasa Air,DEL,CCU,2026-09-13,2026-08-30 21:52:00,6283.82,2026-09-09 12:37:29,DEL-CCU,2026-08-30
4160,TripEase,Akasa Air,DEL,CCU,2026-09-13,2026-08-30 16:06:00,6422.45,2026-09-09 12:37:29,DEL-CCU,2026-08-30
4161,SkyFareHub,IndiGo,DEL,CCU,2026-09-29,2026-08-30 14:00:00,5887.92,2026-09-09 12:37:29,DEL-CCU,2026-08-30
4162,TripEase,IndiGo,DEL,CCU,2026-09-29,2026-08-30 17:48:00,5966.89,2026-09-09 12:37:29,DEL-CCU,2026-08-30
4163,SkyFareHub,Air India,DEL,CCU,2026-09-29,2026-08-30 06:47:00,6593.64,2026-09-09 12:37:29,DEL-CCU,2026-08-30
4164,TripEase,Air India,DEL,CCU,2026-09-29,2026-08-30 06:42:00,6380.96,2026-09-09 12:37:29,DEL-CCU,2026-08-30
4165,SkyFareHub,SpiceJet,DEL,CCU,2026-09-29,2026-08-30 11:14:00,5537.57,2026-09-09 12:37:29,DEL-CCU,2026-08-30
4166,TripEase,SpiceJet,DEL,CCU,2026-09-29,2026-08-30 12:52:00,5943.82,2026-09-09 12:37:29,DEL-CCU,2026-08-30
4167,SkyFareHub,Vistara,DEL,CCU,2026-09-29,2026-08-30 20:03:00,6650.01,2026-09-09 12:37:29,DEL-CCU,2026-08-30
4168,TripEase,Vistara,DEL,CCU,2026-09-29,2026-08-30 10:02:00,6941.08,2026-09-09 12:37:29,DEL-CCU,2026-08-30
4169,SkyFareHub,Akasa Air,DEL,CCU,2026-09-29,2026-08-30 12:23:00,5841.1,2026-09-09 12:37:29,DEL-CCU,2026-08-30
4170,TripEase,Akasa Air,DEL,CCU,2026-09-29,2026-08-30 15:53:00,6069.16,2026-09-09 12:37:29,DEL-CCU,2026-08-30
4171,SkyFareHub,IndiGo,BLR,HYD,2026-09-06,2026-08-30 08:53:00,3871.41,2026-09-09 12:37:29,BLR-HYD,2026-08-30
4172,TripEase,IndiGo,BLR,HYD,2026-09-06,2026-08-30 06:10:00,4012.92,2026-09-09 12:37:29,BLR-HYD,2026-08-30
4173,SkyFareHub,Air India,BLR,HYD,2026-09-06,2026-08-30 19:06:00,4171.74,2026-09-09 12:37:29,BLR-HYD,2026-08-30
4174,TripEase,Air India,BLR,HYD,2026-09-06,2026-08-30 08:09:00,3979.51,2026-09-09 12:37:29,BLR-HYD,2026-08-30
4175,SkyFareHub,SpiceJet,BLR,HYD,2026-09-06,2026-08-30 11:17:00,3659.73,2026-09-09 12:37:29,BLR-HYD,2026-08-30
4176,TripEase,SpiceJet,BLR,HYD,2026-09-06,2026-08-30 22:57:00,3810.07,2026-09-09 12:37:29,BLR-HYD,2026-08-30
4177,SkyFareHub,Vistara,BLR,HYD,2026-09-06,2026-08-30 16:56:00,4740.19,2026-09-09 12:37:29,BLR-HYD,2026-08-30
4178,TripEase,Vistara,BLR,HYD,2026-09-06,2026-08-30 12:28:00,4549.72,2026-09-09 12:37:29,BLR-HYD,2026-08-30
4179,SkyFareHub,Akasa Air,BLR,HYD,2026-09-06,2026-08-30 20:17:00,3779.71,2026-09-09 12:37:29,BLR-HYD,2026-08-30
4180,TripEase,Akasa Air,BLR,HYD,2026-09-06,2026-08-30 06:12:00,3745.67,2026-09-09 12:37:29,BLR-HYD,2026-08-30
4181,SkyFareHub,IndiGo,BLR,HYD,2026-09-13,2026-08-30 20:59:00,3781.2,2026-09-09 12:37:29,BLR-HYD,2026-08-30
4182,TripEase,IndiGo,BLR,HYD,2026-09-13,2026-08-30 10:57:00,3731.95,2026-09-09 12:37:29,BLR-HYD,2026-08-30
4183,SkyFareHub,Air India,BLR,HYD,2026-09-13,2026-08-30 09:35:00,4056.86,2026-09-09 12:37:29,BLR-HYD,2026-08-30
4184,TripEase,Air India,BLR,HYD,2026-09-13,2026-08-30 10:03:00,4240.87,2026-09-09 12:37:29,BLR-HYD,2026-08-30
4185,SkyFareHub,SpiceJet,BLR,HYD,2026-09-13,2026-08-30 13:51:00,3660.63,2026-09-09 12:37:29,BLR-HYD,2026-08-30
4186,TripEase,SpiceJet,BLR,HYD,2026-09-13,2026-08-30 22:54:00,3627.14,2026-09-09 12:37:29,BLR-HYD,2026-08-30
4187,SkyFareHub,Vistara,BLR,HYD,2026-09-13,2026-08-30 13:34:00,4554.19,2026-09-09 12:37:29,BLR-HYD,2026-08-30
4188,TripEase,Vistara,BLR,HYD,2026-09-13,2026-08-30 08:16:00,4390.46,2026-09-09 12:37:29,BLR-HYD,2026-08-30
4189,SkyFareHub,Akasa Air,BLR,HYD,2026-09-13,2026-08-30 11:02:00,3663.41,2026-09-09 12:37:29,BLR-HYD,2026-08-30
4190,TripEase,Akasa Air,BLR,HYD,2026-09-13,2026-08-30 12:08:00,3780.35,2026-09-09 12:37:29,BLR-HYD,2026-08-30
4191,SkyFareHub,IndiGo,BLR,HYD,2026-09-29,2026-08-30 08:33:00,3740.11,2026-09-09 12:37:29,BLR-HYD,2026-08-30
4192,TripEase,IndiGo,BLR,HYD,2026-09-29,2026-08-30 19:46:00,3594.98,2026-09-09 12:37:29,BLR-HYD,2026-08-30
4193,SkyFareHub,Air India,BLR,HYD,2026-09-29,2026-08-30 16:29:00,3951.34,2026-09-09 12:37:29,BLR-HYD,2026-08-30
4194,TripEase,Air India,BLR,HYD,2026-09-29,2026-08-30 16:01:00,3848.03,2026-09-09 12:37:29,BLR-HYD,2026-08-30
4195,SkyFareHub,SpiceJet,BLR,HYD,2026-09-29,2026-08-30 06:49:00,3291.7,2026-09-09 12:37:29,BLR-HYD,2026-08-30
4196,TripEase,SpiceJet,BLR,HYD,2026-09-29,2026-08-30 06:05:00,3472.63,2026-09-09 12:37:29,BLR-HYD,2026-08-30
4197,SkyFareHub,Vistara,BLR,HYD,2026-09-29,2026-08-30 08:05:00,4274.63,2026-09-09 12:37:29,BLR-HYD,2026-08-30
4198,TripEase,Vistara,BLR,HYD,2026-09-29,2026-08-30 09:28:00,4328.55,2026-09-09 12:37:29,BLR-HYD,2026-08-30
4199,SkyFareHub,Akasa Air,BLR,HYD,2026-09-29,2026-08-30 17:03:00,3691.19,2026-09-09 12:37:29,BLR-HYD,2026-08-30
4200,TripEase,Akasa Air,BLR,HYD,2026-09-29,2026-08-30 06:46:00,3737.54,2026-09-09 12:37:29,BLR-HYD,2026-08-30
4201,SkyFareHub,IndiGo,DEL,BOM,2026-09-07,2026-08-31 18:43:00,5439.48,2026-09-09 12:37:29,DEL-BOM,2026-08-31
4202,TripEase,IndiGo,DEL,BOM,2026-09-07,2026-08-31 15:48:00,5613.9,2026-09-09 12:37:29,DEL-BOM,2026-08-31
4203,SkyFareHub,Air India,DEL,BOM,2026-09-07,2026-08-31 10:38:00,5873.08,2026-09-09 12:37:29,DEL-BOM,2026-08-31
4204,TripEase,Air India,DEL,BOM,2026-09-07,2026-08-31 15:31:00,6195.88,2026-09-09 12:37:29,DEL-BOM,2026-08-31
4205,SkyFareHub,SpiceJet,DEL,BOM,2026-09-07,2026-08-31 10:11:00,5460.83,2026-09-09 12:37:29,DEL-BOM,2026-08-31
4206,TripEase,SpiceJet,DEL,BOM,2026-09-07,2026-08-31 07:20:00,5436.32,2026-09-09 12:37:29,DEL-BOM,2026-08-31
4207,SkyFareHub,Vistara,DEL,BOM,2026-09-07,2026-08-31 19:29:00,6252.78,2026-09-09 12:37:29,DEL-BOM,2026-08-31
4208,TripEase,Vistara,DEL,BOM,2026-09-07,2026-08-31 06:42:00,6287.03,2026-09-09 12:37:29,DEL-BOM,2026-08-31
4209,SkyFareHub,Akasa Air,DEL,BOM,2026-09-07,2026-08-31 17:40:00,5289.75,2026-09-09 12:37:29,DEL-BOM,2026-08-31
4210,TripEase,Akasa Air,DEL,BOM,2026-09-07,2026-08-31 22:17:00,5362.98,2026-09-09 12:37:29,DEL-BOM,2026-08-31
4211,SkyFareHub,IndiGo,DEL,BOM,2026-09-14,2026-08-31 09:15:00,5548.92,2026-09-09 12:37:29,DEL-BOM,2026-08-31
4212,TripEase,IndiGo,DEL,BOM,2026-09-14,2026-08-31 22:14:00,5627.9,2026-09-09 12:37:29,DEL-BOM,2026-08-31
4213,SkyFareHub,Air India,DEL,BOM,2026-09-14,2026-08-31 07:23:00,6201.55,2026-09-09 12:37:29,DEL-BOM,2026-08-31
4214,TripEase,Air India,DEL,BOM,2026-09-14,2026-08-31 18:46:00,5802.3,2026-09-09 12:37:29,DEL-BOM,2026-08-31
4215,SkyFareHub,SpiceJet,DEL,BOM,2026-09-14,2026-08-31 21:03:00,5163.02,2026-09-09 12:37:29,DEL-BOM,2026-08-31
4216,TripEase,SpiceJet,DEL,BOM,2026-09-14,2026-08-31 20:39:00,5167.01,2026-09-09 12:37:29,DEL-BOM,2026-08-31
4217,SkyFareHub,Vistara,DEL,BOM,2026-09-14,2026-08-31 22:11:00,6519.65,2026-09-09 12:37:29,DEL-BOM,2026-08-31
4218,TripEase,Vistara,DEL,BOM,2026-09-14,2026-08-31 07:59:00,6041.87,2026-09-09 12:37:29,DEL-BOM,2026-08-31
4219,SkyFareHub,Akasa Air,DEL,BOM,2026-09-14,2026-08-31 22:07:00,5201.97,2026-09-09 12:37:29,DEL-BOM,2026-08-31
4220,TripEase,Akasa Air,DEL,BOM,2026-09-14,2026-08-31 06:16:00,5703.31,2026-09-09 12:37:29,DEL-BOM,2026-08-31
4221,SkyFareHub,IndiGo,DEL,BOM,2026-09-30,2026-08-31 11:35:00,5360.06,2026-09-09 12:37:29,DEL-BOM,2026-08-31
4222,TripEase,IndiGo,DEL,BOM,2026-09-30,2026-08-31 13:33:00,5576.58,2026-09-09 12:37:29,DEL-BOM,2026-08-31
4223,SkyFareHub,Air India,DEL,BOM,2026-09-30,2026-08-31 12:33:00,5748.35,2026-09-09 12:37:29,DEL-BOM,2026-08-31
4224,TripEase,Air India,DEL,BOM,2026-09-30,2026-08-31 13:09:00,5848.38,2026-09-09 12:37:29,DEL-BOM,2026-08-31
4225,SkyFareHub,SpiceJet,DEL,BOM,2026-09-30,2026-08-31 18:39:00,5075.5,2026-09-09 12:37:29,DEL-BOM,2026-08-31
4226,TripEase,SpiceJet,DEL,BOM,2026-09-30,2026-08-31 22:36:00,5256.88,2026-09-09 12:37:29,DEL-BOM,2026-08-31
4227,SkyFareHub,Vistara,DEL,BOM,2026-09-30,2026-08-31 15:26:00,6325.47,2026-09-09 12:37:29,DEL-BOM,2026-08-31
4228,TripEase,Vistara,DEL,BOM,2026-09-30,2026-08-31 19:48:00,5913.21,2026-09-09 12:37:29,DEL-BOM,2026-08-31
4229,SkyFareHub,Akasa Air,DEL,BOM,2026-09-30,2026-08-31 22:27:00,5271.79,2026-09-09 12:37:29,DEL-BOM,2026-08-31
4230,TripEase,Akasa Air,DEL,BOM,2026-09-30,2026-08-31 14:05:00,5043.21,2026-09-09 12:37:29,DEL-BOM,2026-08-31
4231,SkyFareHub,IndiGo,DEL,BLR,2026-09-07,2026-08-31 18:18:00,5972.3,2026-09-09 12:37:29,DEL-BLR,2026-08-31
4232,TripEase,IndiGo,DEL,BLR,2026-09-07,2026-08-31 11:22:00,6429.01,2026-09-09 12:37:29,DEL-BLR,2026-08-31
4233,SkyFareHub,Air India,DEL,BLR,2026-09-07,2026-08-31 15:55:00,6840.71,2026-09-09 12:37:29,DEL-BLR,2026-08-31
4234,TripEase,Air India,DEL,BLR,2026-09-07,2026-08-31 13:46:00,6727.34,2026-09-09 12:37:29,DEL-BLR,2026-08-31
4235,SkyFareHub,SpiceJet,DEL,BLR,2026-09-07,2026-08-31 11:18:00,5878.84,2026-09-09 12:37:29,DEL-BLR,2026-08-31
4236,TripEase,SpiceJet,DEL,BLR,2026-09-07,2026-08-31 06:42:00,5836.73,2026-09-09 12:37:29,DEL-BLR,2026-08-31
4237,SkyFareHub,Vistara,DEL,BLR,2026-09-07,2026-08-31 19:50:00,6797.31,2026-09-09 12:37:29,DEL-BLR,2026-08-31
4238,TripEase,Vistara,DEL,BLR,2026-09-07,2026-08-31 22:32:00,6871.09,2026-09-09 12:37:29,DEL-BLR,2026-08-31
4239,SkyFareHub,Akasa Air,DEL,BLR,2026-09-07,2026-08-31 13:46:00,6003.77,2026-09-09 12:37:29,DEL-BLR,2026-08-31
4240,TripEase,Akasa Air,DEL,BLR,2026-09-07,2026-08-31 22:33:00,5696.32,2026-09-09 12:37:29,DEL-BLR,2026-08-31
4241,SkyFareHub,IndiGo,DEL,BLR,2026-09-14,2026-08-31 16:46:00,6092.85,2026-09-09 12:37:29,DEL-BLR,2026-08-31
4242,TripEase,IndiGo,DEL,BLR,2026-09-14,2026-08-31 07:43:00,6290.38,2026-09-09 12:37:29,DEL-BLR,2026-08-31
4243,SkyFareHub,Air India,DEL,BLR,2026-09-14,2026-08-31 07:54:00,6475.97,2026-09-09 12:37:29,DEL-BLR,2026-08-31
4244,TripEase,Air India,DEL,BLR,2026-09-14,2026-08-31 12:13:00,6333.48,2026-09-09 12:37:29,DEL-BLR,2026-08-31
4245,SkyFareHub,SpiceJet,DEL,BLR,2026-09-14,2026-08-31 12:53:00,6098.61,2026-09-09 12:37:29,DEL-BLR,2026-08-31
4246,TripEase,SpiceJet,DEL,BLR,2026-09-14,2026-08-31 09:25:00,5811.92,2026-09-09 12:37:29,DEL-BLR,2026-08-31
4247,SkyFareHub,Vistara,DEL,BLR,2026-09-14,2026-08-31 09:05:00,7240.5,2026-09-09 12:37:29,DEL-BLR,2026-08-31
4248,TripEase,Vistara,DEL,BLR,2026-09-14,2026-08-31 22:29:00,6799.64,2026-09-09 12:37:29,DEL-BLR,2026-08-31
4249,SkyFareHub,Akasa Air,DEL,BLR,2026-09-14,2026-08-31 07:38:00,6096.98,2026-09-09 12:37:29,DEL-BLR,2026-08-31
4250,TripEase,Akasa Air,DEL,BLR,2026-09-14,2026-08-31 08:40:00,6023.75,2026-09-09 12:37:29,DEL-BLR,2026-08-31
4251,SkyFareHub,IndiGo,DEL,BLR,2026-09-30,2026-08-31 10:25:00,5954.77,2026-09-09 12:37:29,DEL-BLR,2026-08-31
4252,TripEase,IndiGo,DEL,BLR,2026-09-30,2026-08-31 07:56:00,6117.06,2026-09-09 12:37:29,DEL-BLR,2026-08-31
4253,SkyFareHub,Air India,DEL,BLR,2026-09-30,2026-08-31 08:05:00,6118.81,2026-09-09 12:37:29,DEL-BLR,2026-08-31
4254,TripEase,Air India,DEL,BLR,2026-09-30,2026-08-31 22:31:00,6598.01,2026-09-09 12:37:29,DEL-BLR,2026-08-31
4255,SkyFareHub,SpiceJet,DEL,BLR,2026-09-30,2026-08-31 18:06:00,5637.28,2026-09-09 12:37:29,DEL-BLR,2026-08-31
4256,TripEase,SpiceJet,DEL,BLR,2026-09-30,2026-08-31 19:49:00,5562.85,2026-09-09 12:37:29,DEL-BLR,2026-08-31
4257,SkyFareHub,Vistara,DEL,BLR,2026-09-30,2026-08-31 06:00:00,6930.3,2026-09-09 12:37:29,DEL-BLR,2026-08-31
4258,TripEase,Vistara,DEL,BLR,2026-09-30,2026-08-31 06:51:00,6858.69,2026-09-09 12:37:29,DEL-BLR,2026-08-31
4259,SkyFareHub,Akasa Air,DEL,BLR,2026-09-30,2026-08-31 19:07:00,5348.26,2026-09-09 12:37:29,DEL-BLR,2026-08-31
4260,TripEase,Akasa Air,DEL,BLR,2026-09-30,2026-08-31 22:59:00,5835.25,2026-09-09 12:37:29,DEL-BLR,2026-08-31
4261,SkyFareHub,IndiGo,BOM,BLR,2026-09-07,2026-08-31 16:30:00,4492.86,2026-09-09 12:37:29,BOM-BLR,2026-08-31
4262,TripEase,IndiGo,BOM,BLR,2026-09-07,2026-08-31 15:52:00,4670.45,2026-09-09 12:37:29,BOM-BLR,2026-08-31
4263,SkyFareHub,Air India,BOM,BLR,2026-09-07,2026-08-31 19:58:00,5067.61,2026-09-09 12:37:29,BOM-BLR,2026-08-31
4264,TripEase,Air India,BOM,BLR,2026-09-07,2026-08-31 12:25:00,4828.11,2026-09-09 12:37:29,BOM-BLR,2026-08-31
4265,SkyFareHub,SpiceJet,BOM,BLR,2026-09-07,2026-08-31 10:56:00,4420.11,2026-09-09 12:37:29,BOM-BLR,2026-08-31
4266,TripEase,SpiceJet,BOM,BLR,2026-09-07,2026-08-31 08:51:00,4184.62,2026-09-09 12:37:29,BOM-BLR,2026-08-31
4267,SkyFareHub,Vistara,BOM,BLR,2026-09-07,2026-08-31 15:06:00,5161.78,2026-09-09 12:37:29,BOM-BLR,2026-08-31
4268,TripEase,Vistara,BOM,BLR,2026-09-07,2026-08-31 18:33:00,5242.96,2026-09-09 12:37:29,BOM-BLR,2026-08-31
4269,SkyFareHub,Akasa Air,BOM,BLR,2026-09-07,2026-08-31 10:48:00,4564.77,2026-09-09 12:37:29,BOM-BLR,2026-08-31
4270,TripEase,Akasa Air,BOM,BLR,2026-09-07,2026-08-31 11:13:00,4578.06,2026-09-09 12:37:29,BOM-BLR,2026-08-31
4271,SkyFareHub,IndiGo,BOM,BLR,2026-09-14,2026-08-31 08:15:00,4595.43,2026-09-09 12:37:29,BOM-BLR,2026-08-31
4272,TripEase,IndiGo,BOM,BLR,2026-09-14,2026-08-31 19:04:00,4492.2,2026-09-09 12:37:29,BOM-BLR,2026-08-31
4273,SkyFareHub,Air India,BOM,BLR,2026-09-14,2026-08-31 15:08:00,4886.95,2026-09-09 12:37:29,BOM-BLR,2026-08-31
4274,TripEase,Air India,BOM,BLR,2026-09-14,2026-08-31 07:53:00,4899.76,2026-09-09 12:37:29,BOM-BLR,2026-08-31
4275,SkyFareHub,SpiceJet,BOM,BLR,2026-09-14,2026-08-31 16:15:00,4156.85,2026-09-09 12:37:29,BOM-BLR,2026-08-31
4276,TripEase,SpiceJet,BOM,BLR,2026-09-14,2026-08-31 19:50:00,4297.47,2026-09-09 12:37:29,BOM-BLR,2026-08-31
4277,SkyFareHub,Vistara,BOM,BLR,2026-09-14,2026-08-31 09:07:00,5346.47,2026-09-09 12:37:29,BOM-BLR,2026-08-31
4278,TripEase,Vistara,BOM,BLR,2026-09-14,2026-08-31 06:02:00,5318.38,2026-09-09 12:37:29,BOM-BLR,2026-08-31
4279,SkyFareHub,Akasa Air,BOM,BLR,2026-09-14,2026-08-31 07:33:00,4674.6,2026-09-09 12:37:29,BOM-BLR,2026-08-31
4280,TripEase,Akasa Air,BOM,BLR,2026-09-14,2026-08-31 18:56:00,4517.64,2026-09-09 12:37:29,BOM-BLR,2026-08-31
4281,SkyFareHub,IndiGo,BOM,BLR,2026-09-30,2026-08-31 06:24:00,4526.99,2026-09-09 12:37:29,BOM-BLR,2026-08-31
4282,TripEase,IndiGo,BOM,BLR,2026-09-30,2026-08-31 16:47:00,4271.37,2026-09-09 12:37:29,BOM-BLR,2026-08-31
4283,SkyFareHub,Air India,BOM,BLR,2026-09-30,2026-08-31 12:16:00,4777.4,2026-09-09 12:37:29,BOM-BLR,2026-08-31
4284,TripEase,Air India,BOM,BLR,2026-09-30,2026-08-31 19:32:00,4867.56,2026-09-09 12:37:29,BOM-BLR,2026-08-31
4285,SkyFareHub,SpiceJet,BOM,BLR,2026-09-30,2026-08-31 09:31:00,4185.61,2026-09-09 12:37:29,BOM-BLR,2026-08-31
4286,TripEase,SpiceJet,BOM,BLR,2026-09-30,2026-08-31 10:39:00,4223.39,2026-09-09 12:37:29,BOM-BLR,2026-08-31
4287,SkyFareHub,Vistara,BOM,BLR,2026-09-30,2026-08-31 14:18:00,4956.06,2026-09-09 12:37:29,BOM-BLR,2026-08-31
4288,TripEase,Vistara,BOM,BLR,2026-09-30,2026-08-31 13:19:00,5027.26,2026-09-09 12:37:29,BOM-BLR,2026-08-31
4289,SkyFareHub,Akasa Air,BOM,BLR,2026-09-30,2026-08-31 22:28:00,4281.46,2026-09-09 12:37:29,BOM-BLR,2026-08-31
4290,TripEase,Akasa Air,BOM,BLR,2026-09-30,2026-08-31 13:30:00,4328.33,2026-09-09 12:37:29,BOM-BLR,2026-08-31
4291,SkyFareHub,IndiGo,DEL,MAA,2026-09-07,2026-08-31 22:08:00,7033.21,2026-09-09 12:37:29,DEL-MAA,2026-08-31
4292,TripEase,IndiGo,DEL,MAA,2026-09-07,2026-08-31 17:39:00,6509.44,2026-09-09 12:37:29,DEL-MAA,2026-08-31
4293,SkyFareHub,Air India,DEL,MAA,2026-09-07,2026-08-31 17:28:00,7144.07,2026-09-09 12:37:29,DEL-MAA,2026-08-31
4294,TripEase,Air India,DEL,MAA,2026-09-07,2026-08-31 07:32:00,7109.9,2026-09-09 12:37:29,DEL-MAA,2026-08-31
4295,SkyFareHub,SpiceJet,DEL,MAA,2026-09-07,2026-08-31 08:51:00,6298.18,2026-09-09 12:37:29,DEL-MAA,2026-08-31
4296,TripEase,SpiceJet,DEL,MAA,2026-09-07,2026-08-31 06:45:00,6261.82,2026-09-09 12:37:29,DEL-MAA,2026-08-31
4297,SkyFareHub,Vistara,DEL,MAA,2026-09-07,2026-08-31 11:25:00,8206.02,2026-09-09 12:37:29,DEL-MAA,2026-08-31
4298,TripEase,Vistara,DEL,MAA,2026-09-07,2026-08-31 19:49:00,7927.6,2026-09-09 12:37:29,DEL-MAA,2026-08-31
4299,SkyFareHub,Akasa Air,DEL,MAA,2026-09-07,2026-08-31 15:53:00,6658.11,2026-09-09 12:37:29,DEL-MAA,2026-08-31
4300,TripEase,Akasa Air,DEL,MAA,2026-09-07,2026-08-31 20:05:00,6541.92,2026-09-09 12:37:29,DEL-MAA,2026-08-31
4301,SkyFareHub,IndiGo,DEL,MAA,2026-09-14,2026-08-31 17:37:00,6703.56,2026-09-09 12:37:29,DEL-MAA,2026-08-31
4302,TripEase,IndiGo,DEL,MAA,2026-09-14,2026-08-31 13:09:00,6696.84,2026-09-09 12:37:29,DEL-MAA,2026-08-31
4303,SkyFareHub,Air India,DEL,MAA,2026-09-14,2026-08-31 06:49:00,6840.07,2026-09-09 12:37:29,DEL-MAA,2026-08-31
4304,TripEase,Air India,DEL,MAA,2026-09-14,2026-08-31 12:11:00,7024.86,2026-09-09 12:37:29,DEL-MAA,2026-08-31
4305,SkyFareHub,SpiceJet,DEL,MAA,2026-09-14,2026-08-31 13:18:00,6298.87,2026-09-09 12:37:29,DEL-MAA,2026-08-31
4306,TripEase,SpiceJet,DEL,MAA,2026-09-14,2026-08-31 19:25:00,6494.35,2026-09-09 12:37:29,DEL-MAA,2026-08-31
4307,SkyFareHub,Vistara,DEL,MAA,2026-09-14,2026-08-31 07:26:00,7814.15,2026-09-09 12:37:29,DEL-MAA,2026-08-31
4308,TripEase,Vistara,DEL,MAA,2026-09-14,2026-08-31 21:09:00,7423.76,2026-09-09 12:37:29,DEL-MAA,2026-08-31
4309,SkyFareHub,Akasa Air,DEL,MAA,2026-09-14,2026-08-31 19:57:00,6183.59,2026-09-09 12:37:29,DEL-MAA,2026-08-31
4310,TripEase,Akasa Air,DEL,MAA,2026-09-14,2026-08-31 12:19:00,6120.14,2026-09-09 12:37:29,DEL-MAA,2026-08-31
4311,SkyFareHub,IndiGo,DEL,MAA,2026-09-30,2026-08-31 13:33:00,6583.07,2026-09-09 12:37:29,DEL-MAA,2026-08-31
4312,TripEase,IndiGo,DEL,MAA,2026-09-30,2026-08-31 17:41:00,6350.64,2026-09-09 12:37:29,DEL-MAA,2026-08-31
4313,SkyFareHub,Air India,DEL,MAA,2026-09-30,2026-08-31 10:42:00,6916.66,2026-09-09 12:37:29,DEL-MAA,2026-08-31
4314,TripEase,Air India,DEL,MAA,2026-09-30,2026-08-31 15:52:00,7196.11,2026-09-09 12:37:29,DEL-MAA,2026-08-31
4315,SkyFareHub,SpiceJet,DEL,MAA,2026-09-30,2026-08-31 19:56:00,5748.05,2026-09-09 12:37:29,DEL-MAA,2026-08-31
4316,TripEase,SpiceJet,DEL,MAA,2026-09-30,2026-08-31 19:21:00,6298.46,2026-09-09 12:37:29,DEL-MAA,2026-08-31
4317,SkyFareHub,Vistara,DEL,MAA,2026-09-30,2026-08-31 10:25:00,7175.81,2026-09-09 12:37:29,DEL-MAA,2026-08-31
4318,TripEase,Vistara,DEL,MAA,2026-09-30,2026-08-31 10:27:00,7308.21,2026-09-09 12:37:29,DEL-MAA,2026-08-31
4319,SkyFareHub,Akasa Air,DEL,MAA,2026-09-30,2026-08-31 18:36:00,6100.86,2026-09-09 12:37:29,DEL-MAA,2026-08-31
4320,TripEase,Akasa Air,DEL,MAA,2026-09-30,2026-08-31 08:59:00,6077.38,2026-09-09 12:37:29,DEL-MAA,2026-08-31
4321,SkyFareHub,IndiGo,BOM,MAA,2026-09-07,2026-08-31 21:51:00,5938.96,2026-09-09 12:37:29,BOM-MAA,2026-08-31
4322,TripEase,IndiGo,BOM,MAA,2026-09-07,2026-08-31 10:49:00,5981.63,2026-09-09 12:37:29,BOM-MAA,2026-08-31
4323,SkyFareHub,Air India,BOM,MAA,2026-09-07,2026-08-31 16:59:00,6283.51,2026-09-09 12:37:29,BOM-MAA,2026-08-31
4324,TripEase,Air India,BOM,MAA,2026-09-07,2026-08-31 12:49:00,6465.0,2026-09-09 12:37:29,BOM-MAA,2026-08-31
4325,SkyFareHub,SpiceJet,BOM,MAA,2026-09-07,2026-08-31 13:37:00,5566.31,2026-09-09 12:37:29,BOM-MAA,2026-08-31
4326,TripEase,SpiceJet,BOM,MAA,2026-09-07,2026-08-31 22:17:00,5727.52,2026-09-09 12:37:29,BOM-MAA,2026-08-31
4327,SkyFareHub,Vistara,BOM,MAA,2026-09-07,2026-08-31 06:53:00,6729.02,2026-09-09 12:37:29,BOM-MAA,2026-08-31
4328,TripEase,Vistara,BOM,MAA,2026-09-07,2026-08-31 13:00:00,7091.5,2026-09-09 12:37:29,BOM-MAA,2026-08-31
4329,SkyFareHub,Akasa Air,BOM,MAA,2026-09-07,2026-08-31 19:38:00,5670.79,2026-09-09 12:37:29,BOM-MAA,2026-08-31
4330,TripEase,Akasa Air,BOM,MAA,2026-09-07,2026-08-31 08:03:00,5859.78,2026-09-09 12:37:29,BOM-MAA,2026-08-31
4331,SkyFareHub,IndiGo,BOM,MAA,2026-09-14,2026-08-31 18:32:00,5859.85,2026-09-09 12:37:29,BOM-MAA,2026-08-31
4332,TripEase,IndiGo,BOM,MAA,2026-09-14,2026-08-31 12:52:00,5583.43,2026-09-09 12:37:29,BOM-MAA,2026-08-31
4333,SkyFareHub,Air India,BOM,MAA,2026-09-14,2026-08-31 06:03:00,6520.4,2026-09-09 12:37:29,BOM-MAA,2026-08-31
4334,TripEase,Air India,BOM,MAA,2026-09-14,2026-08-31 07:39:00,6518.97,2026-09-09 12:37:29,BOM-MAA,2026-08-31
4335,SkyFareHub,SpiceJet,BOM,MAA,2026-09-14,2026-08-31 08:54:00,5502.98,2026-09-09 12:37:29,BOM-MAA,2026-08-31
4336,TripEase,SpiceJet,BOM,MAA,2026-09-14,2026-08-31 19:49:00,5534.27,2026-09-09 12:37:29,BOM-MAA,2026-08-31
4337,SkyFareHub,Vistara,BOM,MAA,2026-09-14,2026-08-31 12:55:00,6629.63,2026-09-09 12:37:29,BOM-MAA,2026-08-31
4338,TripEase,Vistara,BOM,MAA,2026-09-14,2026-08-31 19:40:00,6773.09,2026-09-09 12:37:29,BOM-MAA,2026-08-31
4339,SkyFareHub,Akasa Air,BOM,MAA,2026-09-14,2026-08-31 13:40:00,5610.99,2026-09-09 12:37:29,BOM-MAA,2026-08-31
4340,TripEase,Akasa Air,BOM,MAA,2026-09-14,2026-08-31 21:28:00,5429.34,2026-09-09 12:37:29,BOM-MAA,2026-08-31
4341,SkyFareHub,IndiGo,BOM,MAA,2026-09-30,2026-08-31 11:03:00,5577.14,2026-09-09 12:37:29,BOM-MAA,2026-08-31
4342,TripEase,IndiGo,BOM,MAA,2026-09-30,2026-08-31 10:46:00,5757.58,2026-09-09 12:37:29,BOM-MAA,2026-08-31
4343,SkyFareHub,Air India,BOM,MAA,2026-09-30,2026-08-31 10:38:00,6217.89,2026-09-09 12:37:29,BOM-MAA,2026-08-31
4344,TripEase,Air India,BOM,MAA,2026-09-30,2026-08-31 08:47:00,5777.04,2026-09-09 12:37:29,BOM-MAA,2026-08-31
4345,SkyFareHub,SpiceJet,BOM,MAA,2026-09-30,2026-08-31 21:59:00,5627.24,2026-09-09 12:37:29,BOM-MAA,2026-08-31
4346,TripEase,SpiceJet,BOM,MAA,2026-09-30,2026-08-31 11:36:00,5197.49,2026-09-09 12:37:29,BOM-MAA,2026-08-31
4347,SkyFareHub,Vistara,BOM,MAA,2026-09-30,2026-08-31 14:01:00,6673.21,2026-09-09 12:37:29,BOM-MAA,2026-08-31
4348,TripEase,Vistara,BOM,MAA,2026-09-30,2026-08-31 14:04:00,6484.98,2026-09-09 12:37:29,BOM-MAA,2026-08-31
4349,SkyFareHub,Akasa Air,BOM,MAA,2026-09-30,2026-08-31 20:14:00,5614.83,2026-09-09 12:37:29,BOM-MAA,2026-08-31
4350,TripEase,Akasa Air,BOM,MAA,2026-09-30,2026-08-31 16:22:00,5204.89,2026-09-09 12:37:29,BOM-MAA,2026-08-31
4351,SkyFareHub,IndiGo,DEL,CCU,2026-09-07,2026-08-31 17:58:00,6350.04,2026-09-09 12:37:29,DEL-CCU,2026-08-31
4352,TripEase,IndiGo,DEL,CCU,2026-09-07,2026-08-31 08:29:00,6451.49,2026-09-09 12:37:29,DEL-CCU,2026-08-31
4353,SkyFareHub,Air India,DEL,CCU,2026-09-07,2026-08-31 11:43:00,6750.48,2026-09-09 12:37:29,DEL-CCU,2026-08-31
4354,TripEase,Air India,DEL,CCU,2026-09-07,2026-08-31 06:24:00,6698.81,2026-09-09 12:37:29,DEL-CCU,2026-08-31
4355,SkyFareHub,SpiceJet,DEL,CCU,2026-09-07,2026-08-31 13:52:00,5951.27,2026-09-09 12:37:29,DEL-CCU,2026-08-31
4356,TripEase,SpiceJet,DEL,CCU,2026-09-07,2026-08-31 10:29:00,6115.84,2026-09-09 12:37:29,DEL-CCU,2026-08-31
4357,SkyFareHub,Vistara,DEL,CCU,2026-09-07,2026-08-31 17:24:00,7350.85,2026-09-09 12:37:29,DEL-CCU,2026-08-31
4358,TripEase,Vistara,DEL,CCU,2026-09-07,2026-08-31 08:57:00,6975.5,2026-09-09 12:37:29,DEL-CCU,2026-08-31
4359,SkyFareHub,Akasa Air,DEL,CCU,2026-09-07,2026-08-31 14:37:00,6182.79,2026-09-09 12:37:29,DEL-CCU,2026-08-31
4360,TripEase,Akasa Air,DEL,CCU,2026-09-07,2026-08-31 16:03:00,6123.36,2026-09-09 12:37:29,DEL-CCU,2026-08-31
4361,SkyFareHub,IndiGo,DEL,CCU,2026-09-14,2026-08-31 22:02:00,6056.14,2026-09-09 12:37:29,DEL-CCU,2026-08-31
4362,TripEase,IndiGo,DEL,CCU,2026-09-14,2026-08-31 14:18:00,6360.6,2026-09-09 12:37:29,DEL-CCU,2026-08-31
4363,SkyFareHub,Air India,DEL,CCU,2026-09-14,2026-08-31 12:43:00,6939.04,2026-09-09 12:37:29,DEL-CCU,2026-08-31
4364,TripEase,Air India,DEL,CCU,2026-09-14,2026-08-31 21:34:00,6480.33,2026-09-09 12:37:29,DEL-CCU,2026-08-31
4365,SkyFareHub,SpiceJet,DEL,CCU,2026-09-14,2026-08-31 20:47:00,5647.0,2026-09-09 12:37:29,DEL-CCU,2026-08-31
4366,TripEase,SpiceJet,DEL,CCU,2026-09-14,2026-08-31 11:58:00,6160.58,2026-09-09 12:37:29,DEL-CCU,2026-08-31
4367,SkyFareHub,Vistara,DEL,CCU,2026-09-14,2026-08-31 11:40:00,6825.77,2026-09-09 12:37:29,DEL-CCU,2026-08-31
4368,TripEase,Vistara,DEL,CCU,2026-09-14,2026-08-31 11:06:00,6978.07,2026-09-09 12:37:29,DEL-CCU,2026-08-31
4369,SkyFareHub,Akasa Air,DEL,CCU,2026-09-14,2026-08-31 19:10:00,6062.7,2026-09-09 12:37:29,DEL-CCU,2026-08-31
4370,TripEase,Akasa Air,DEL,CCU,2026-09-14,2026-08-31 21:50:00,6064.42,2026-09-09 12:37:29,DEL-CCU,2026-08-31
4371,SkyFareHub,IndiGo,DEL,CCU,2026-09-30,2026-08-31 13:48:00,6220.21,2026-09-09 12:37:29,DEL-CCU,2026-08-31
4372,TripEase,IndiGo,DEL,CCU,2026-09-30,2026-08-31 13:56:00,6152.07,2026-09-09 12:37:29,DEL-CCU,2026-08-31
4373,SkyFareHub,Air India,DEL,CCU,2026-09-30,2026-08-31 16:26:00,6358.82,2026-09-09 12:37:29,DEL-CCU,2026-08-31
4374,TripEase,Air India,DEL,CCU,2026-09-30,2026-08-31 20:47:00,6201.18,2026-09-09 12:37:29,DEL-CCU,2026-08-31
4375,SkyFareHub,SpiceJet,DEL,CCU,2026-09-30,2026-08-31 19:25:00,5644.45,2026-09-09 12:37:29,DEL-CCU,2026-08-31
4376,TripEase,SpiceJet,DEL,CCU,2026-09-30,2026-08-31 20:30:00,6020.13,2026-09-09 12:37:29,DEL-CCU,2026-08-31
4377,SkyFareHub,Vistara,DEL,CCU,2026-09-30,2026-08-31 21:15:00,7050.5,2026-09-09 12:37:29,DEL-CCU,2026-08-31
4378,TripEase,Vistara,DEL,CCU,2026-09-30,2026-08-31 10:55:00,7210.71,2026-09-09 12:37:29,DEL-CCU,2026-08-31
4379,SkyFareHub,Akasa Air,DEL,CCU,2026-09-30,2026-08-31 06:24:00,5977.14,2026-09-09 12:37:29,DEL-CCU,2026-08-31
4380,TripEase,Akasa Air,DEL,CCU,2026-09-30,2026-08-31 11:11:00,5759.4,2026-09-09 12:37:29,DEL-CCU,2026-08-31
4381,SkyFareHub,IndiGo,BLR,HYD,2026-09-07,2026-08-31 11:05:00,3780.38,2026-09-09 12:37:29,BLR-HYD,2026-08-31
4382,TripEase,IndiGo,BLR,HYD,2026-09-07,2026-08-31 17:00:00,4097.31,2026-09-09 12:37:29,BLR-HYD,2026-08-31
4383,SkyFareHub,Air India,BLR,HYD,2026-09-07,2026-08-31 20:59:00,4317.35,2026-09-09 12:37:29,BLR-HYD,2026-08-31
4384,TripEase,Air India,BLR,HYD,2026-09-07,2026-08-31 10:46:00,4021.35,2026-09-09 12:37:29,BLR-HYD,2026-08-31
4385,SkyFareHub,SpiceJet,BLR,HYD,2026-09-07,2026-08-31 11:04:00,3613.73,2026-09-09 12:37:29,BLR-HYD,2026-08-31
4386,TripEase,SpiceJet,BLR,HYD,2026-09-07,2026-08-31 18:29:00,3769.25,2026-09-09 12:37:29,BLR-HYD,2026-08-31
4387,SkyFareHub,Vistara,BLR,HYD,2026-09-07,2026-08-31 14:15:00,4701.11,2026-09-09 12:37:29,BLR-HYD,2026-08-31
4388,TripEase,Vistara,BLR,HYD,2026-09-07,2026-08-31 15:50:00,4491.31,2026-09-09 12:37:29,BLR-HYD,2026-08-31
4389,SkyFareHub,Akasa Air,BLR,HYD,2026-09-07,2026-08-31 11:08:00,3689.06,2026-09-09 12:37:29,BLR-HYD,2026-08-31
4390,TripEase,Akasa Air,BLR,HYD,2026-09-07,2026-08-31 16:51:00,3798.57,2026-09-09 12:37:29,BLR-HYD,2026-08-31
4391,SkyFareHub,IndiGo,BLR,HYD,2026-09-14,2026-08-31 13:42:00,3727.29,2026-09-09 12:37:29,BLR-HYD,2026-08-31
4392,TripEase,IndiGo,BLR,HYD,2026-09-14,2026-08-31 14:32:00,3936.18,2026-09-09 12:37:29,BLR-HYD,2026-08-31
4393,SkyFareHub,Air India,BLR,HYD,2026-09-14,2026-08-31 15:56:00,4347.02,2026-09-09 12:37:29,BLR-HYD,2026-08-31
4394,TripEase,Air India,BLR,HYD,2026-09-14,2026-08-31 22:35:00,4275.52,2026-09-09 12:37:29,BLR-HYD,2026-08-31
4395,SkyFareHub,SpiceJet,BLR,HYD,2026-09-14,2026-08-31 15:22:00,3724.27,2026-09-09 12:37:29,BLR-HYD,2026-08-31
4396,TripEase,SpiceJet,BLR,HYD,2026-09-14,2026-08-31 20:51:00,3650.06,2026-09-09 12:37:29,BLR-HYD,2026-08-31
4397,SkyFareHub,Vistara,BLR,HYD,2026-09-14,2026-08-31 20:05:00,4389.09,2026-09-09 12:37:29,BLR-HYD,2026-08-31
4398,TripEase,Vistara,BLR,HYD,2026-09-14,2026-08-31 18:28:00,4287.6,2026-09-09 12:37:29,BLR-HYD,2026-08-31
4399,SkyFareHub,Akasa Air,BLR,HYD,2026-09-14,2026-08-31 11:01:00,3630.3,2026-09-09 12:37:29,BLR-HYD,2026-08-31
4400,TripEase,Akasa Air,BLR,HYD,2026-09-14,2026-08-31 18:49:00,3849.81,2026-09-09 12:37:29,BLR-HYD,2026-08-31
4401,SkyFareHub,IndiGo,BLR,HYD,2026-09-30,2026-08-31 20:31:00,3619.67,2026-09-09 12:37:29,BLR-HYD,2026-08-31
4402,TripEase,IndiGo,BLR,HYD,2026-09-30,2026-08-31 10:54:00,3750.99,2026-09-09 12:37:29,BLR-HYD,2026-08-31
4403,SkyFareHub,Air India,BLR,HYD,2026-09-30,2026-08-31 22:31:00,4157.24,2026-09-09 12:37:29,BLR-HYD,2026-08-31
4404,TripEase,Air India,BLR,HYD,2026-09-30,2026-08-31 10:20:00,4004.21,2026-09-09 12:37:29,BLR-HYD,2026-08-31
4405,SkyFareHub,SpiceJet,BLR,HYD,2026-09-30,2026-08-31 07:50:00,3473.95,2026-09-09 12:37:29,BLR-HYD,2026-08-31
4406,TripEase,SpiceJet,BLR,HYD,2026-09-30,2026-08-31 22:00:00,3535.79,2026-09-09 12:37:29,BLR-HYD,2026-08-31
4407,SkyFareHub,Vistara,BLR,HYD,2026-09-30,2026-08-31 13:23:00,4162.54,2026-09-09 12:37:29,BLR-HYD,2026-08-31
4408,TripEase,Vistara,BLR,HYD,2026-09-30,2026-08-31 06:42:00,4065.21,2026-09-09 12:37:29,BLR-HYD,2026-08-31
4409,SkyFareHub,Akasa Air,BLR,HYD,2026-09-30,2026-08-31 18:24:00,3691.92,2026-09-09 12:37:29,BLR-HYD,2026-08-31
4410,TripEase,Akasa Air,BLR,HYD,2026-09-30,2026-08-31 20:36:00,3637.54,2026-09-09 12:37:29,BLR-HYD,2026-08-31
4411,SkyFareHub,IndiGo,DEL,BOM,2026-09-08,2026-09-01 11:17:00,5508.36,2026-09-09 12:37:29,DEL-BOM,2026-09-01
4412,TripEase,IndiGo,DEL,BOM,2026-09-08,2026-09-01 16:54:00,5729.56,2026-09-09 12:37:29,DEL-BOM,2026-09-01
4413,SkyFareHub,Air India,DEL,BOM,2026-09-08,2026-09-01 22:25:00,5958.74,2026-09-09 12:37:29,DEL-BOM,2026-09-01
4414,TripEase,Air India,DEL,BOM,2026-09-08,2026-09-01 10:22:00,6053.25,2026-09-09 12:37:29,DEL-BOM,2026-09-01
4415,SkyFareHub,SpiceJet,DEL,BOM,2026-09-08,2026-09-01 11:40:00,5552.02,2026-09-09 12:37:29,DEL-BOM,2026-09-01
4416,TripEase,SpiceJet,DEL,BOM,2026-09-08,2026-09-01 14:50:00,5412.4,2026-09-09 12:37:29,DEL-BOM,2026-09-01
4417,SkyFareHub,Vistara,DEL,BOM,2026-09-08,2026-09-01 12:34:00,6593.92,2026-09-09 12:37:29,DEL-BOM,2026-09-01
4418,TripEase,Vistara,DEL,BOM,2026-09-08,2026-09-01 09:21:00,6912.59,2026-09-09 12:37:29,DEL-BOM,2026-09-01
4419,SkyFareHub,Akasa Air,DEL,BOM,2026-09-08,2026-09-01 16:11:00,5368.3,2026-09-09 12:37:29,DEL-BOM,2026-09-01
4420,TripEase,Akasa Air,DEL,BOM,2026-09-08,2026-09-01 21:11:00,5449.98,2026-09-09 12:37:29,DEL-BOM,2026-09-01
4421,SkyFareHub,IndiGo,DEL,BOM,2026-09-15,2026-09-01 11:36:00,5710.58,2026-09-09 12:37:29,DEL-BOM,2026-09-01
4422,TripEase,IndiGo,DEL,BOM,2026-09-15,2026-09-01 13:55:00,5581.13,2026-09-09 12:37:29,DEL-BOM,2026-09-01
4423,SkyFareHub,Air India,DEL,BOM,2026-09-15,2026-09-01 17:06:00,6061.69,2026-09-09 12:37:29,DEL-BOM,2026-09-01
4424,TripEase,Air India,DEL,BOM,2026-09-15,2026-09-01 22:06:00,6068.94,2026-09-09 12:37:29,DEL-BOM,2026-09-01
4425,SkyFareHub,SpiceJet,DEL,BOM,2026-09-15,2026-09-01 17:01:00,5290.18,2026-09-09 12:37:29,DEL-BOM,2026-09-01
4426,TripEase,SpiceJet,DEL,BOM,2026-09-15,2026-09-01 14:24:00,5487.53,2026-09-09 12:37:29,DEL-BOM,2026-09-01
4427,SkyFareHub,Vistara,DEL,BOM,2026-09-15,2026-09-01 06:39:00,6668.33,2026-09-09 12:37:29,DEL-BOM,2026-09-01
4428,TripEase,Vistara,DEL,BOM,2026-09-15,2026-09-01 15:52:00,6318.16,2026-09-09 12:37:29,DEL-BOM,2026-09-01
4429,SkyFareHub,Akasa Air,DEL,BOM,2026-09-15,2026-09-01 15:40:00,5147.92,2026-09-09 12:37:29,DEL-BOM,2026-09-01
4430,TripEase,Akasa Air,DEL,BOM,2026-09-15,2026-09-01 22:52:00,5586.89,2026-09-09 12:37:29,DEL-BOM,2026-09-01
4431,SkyFareHub,IndiGo,DEL,BOM,2026-10-01,2026-09-01 09:58:00,5565.83,2026-09-09 12:37:29,DEL-BOM,2026-09-01
4432,TripEase,IndiGo,DEL,BOM,2026-10-01,2026-09-01 07:12:00,5381.42,2026-09-09 12:37:29,DEL-BOM,2026-09-01
4433,SkyFareHub,Air India,DEL,BOM,2026-10-01,2026-09-01 13:17:00,5907.79,2026-09-09 12:37:29,DEL-BOM,2026-09-01
4434,TripEase,Air India,DEL,BOM,2026-10-01,2026-09-01 17:13:00,5818.26,2026-09-09 12:37:29,DEL-BOM,2026-09-01
4435,SkyFareHub,SpiceJet,DEL,BOM,2026-10-01,2026-09-01 15:29:00,4955.03,2026-09-09 12:37:29,DEL-BOM,2026-09-01
4436,TripEase,SpiceJet,DEL,BOM,2026-10-01,2026-09-01 12:06:00,5064.72,2026-09-09 12:37:29,DEL-BOM,2026-09-01
4437,SkyFareHub,Vistara,DEL,BOM,2026-10-01,2026-09-01 12:52:00,5941.64,2026-09-09 12:37:29,DEL-BOM,2026-09-01
4438,TripEase,Vistara,DEL,BOM,2026-10-01,2026-09-01 22:06:00,6248.67,2026-09-09 12:37:29,DEL-BOM,2026-09-01
4439,SkyFareHub,Akasa Air,DEL,BOM,2026-10-01,2026-09-01 16:02:00,5100.02,2026-09-09 12:37:29,DEL-BOM,2026-09-01
4440,TripEase,Akasa Air,DEL,BOM,2026-10-01,2026-09-01 10:44:00,5068.12,2026-09-09 12:37:29,DEL-BOM,2026-09-01
4441,SkyFareHub,IndiGo,DEL,BLR,2026-09-08,2026-09-01 15:49:00,6464.92,2026-09-09 12:37:29,DEL-BLR,2026-09-01
4442,TripEase,IndiGo,DEL,BLR,2026-09-08,2026-09-01 17:11:00,6145.31,2026-09-09 12:37:29,DEL-BLR,2026-09-01
4443,SkyFareHub,Air India,DEL,BLR,2026-09-08,2026-09-01 09:44:00,6690.04,2026-09-09 12:37:29,DEL-BLR,2026-09-01
4444,TripEase,Air India,DEL,BLR,2026-09-08,2026-09-01 07:38:00,6704.96,2026-09-09 12:37:29,DEL-BLR,2026-09-01
4445,SkyFareHub,SpiceJet,DEL,BLR,2026-09-08,2026-09-01 21:00:00,5843.85,2026-09-09 12:37:29,DEL-BLR,2026-09-01
4446,TripEase,SpiceJet,DEL,BLR,2026-09-08,2026-09-01 22:33:00,5627.0,2026-09-09 12:37:29,DEL-BLR,2026-09-01
4447,SkyFareHub,Vistara,DEL,BLR,2026-09-08,2026-09-01 18:10:00,7245.54,2026-09-09 12:37:29,DEL-BLR,2026-09-01
4448,TripEase,Vistara,DEL,BLR,2026-09-08,2026-09-01 19:26:00,7505.95,2026-09-09 12:37:29,DEL-BLR,2026-09-01
4449,SkyFareHub,Akasa Air,DEL,BLR,2026-09-08,2026-09-01 22:26:00,5713.23,2026-09-09 12:37:29,DEL-BLR,2026-09-01
4450,TripEase,Akasa Air,DEL,BLR,2026-09-08,2026-09-01 20:17:00,6109.82,2026-09-09 12:37:29,DEL-BLR,2026-09-01
4451,SkyFareHub,IndiGo,DEL,BLR,2026-09-15,2026-09-01 21:45:00,5866.0,2026-09-09 12:37:29,DEL-BLR,2026-09-01
4452,TripEase,IndiGo,DEL,BLR,2026-09-15,2026-09-01 14:34:00,5947.06,2026-09-09 12:37:29,DEL-BLR,2026-09-01
4453,SkyFareHub,Air India,DEL,BLR,2026-09-15,2026-09-01 19:23:00,6733.55,2026-09-09 12:37:29,DEL-BLR,2026-09-01
4454,TripEase,Air India,DEL,BLR,2026-09-15,2026-09-01 15:11:00,6656.13,2026-09-09 12:37:29,DEL-BLR,2026-09-01
4455,SkyFareHub,SpiceJet,DEL,BLR,2026-09-15,2026-09-01 09:05:00,5714.26,2026-09-09 12:37:29,DEL-BLR,2026-09-01
4456,TripEase,SpiceJet,DEL,BLR,2026-09-15,2026-09-01 16:01:00,5900.67,2026-09-09 12:37:29,DEL-BLR,2026-09-01
4457,SkyFareHub,Vistara,DEL,BLR,2026-09-15,2026-09-01 07:02:00,6941.87,2026-09-09 12:37:29,DEL-BLR,2026-09-01
4458,TripEase,Vistara,DEL,BLR,2026-09-15,2026-09-01 13:37:00,6724.47,2026-09-09 12:37:29,DEL-BLR,2026-09-01
4459,SkyFareHub,Akasa Air,DEL,BLR,2026-09-15,2026-09-01 13:08:00,5877.52,2026-09-09 12:37:29,DEL-BLR,2026-09-01
4460,TripEase,Akasa Air,DEL,BLR,2026-09-15,2026-09-01 09:51:00,6085.59,2026-09-09 12:37:29,DEL-BLR,2026-09-01
4461,SkyFareHub,IndiGo,DEL,BLR,2026-10-01,2026-09-01 12:00:00,5738.63,2026-09-09 12:37:29,DEL-BLR,2026-09-01
4462,TripEase,IndiGo,DEL,BLR,2026-10-01,2026-09-01 22:13:00,5795.3,2026-09-09 12:37:29,DEL-BLR,2026-09-01
4463,SkyFareHub,Air India,DEL,BLR,2026-10-01,2026-09-01 11:43:00,6395.35,2026-09-09 12:37:29,DEL-BLR,2026-09-01
4464,TripEase,Air India,DEL,BLR,2026-10-01,2026-09-01 22:33:00,6077.63,2026-09-09 12:37:29,DEL-BLR,2026-09-01
4465,SkyFareHub,SpiceJet,DEL,BLR,2026-10-01,2026-09-01 21:09:00,5604.79,2026-09-09 12:37:29,DEL-BLR,2026-09-01
4466,TripEase,SpiceJet,DEL,BLR,2026-10-01,2026-09-01 13:27:00,5708.13,2026-09-09 12:37:29,DEL-BLR,2026-09-01
4467,SkyFareHub,Vistara,DEL,BLR,2026-10-01,2026-09-01 20:46:00,6795.96,2026-09-09 12:37:29,DEL-BLR,2026-09-01
4468,TripEase,Vistara,DEL,BLR,2026-10-01,2026-09-01 10:47:00,7069.28,2026-09-09 12:37:29,DEL-BLR,2026-09-01
4469,SkyFareHub,Akasa Air,DEL,BLR,2026-10-01,2026-09-01 22:47:00,5437.27,2026-09-09 12:37:29,DEL-BLR,2026-09-01
4470,TripEase,Akasa Air,DEL,BLR,2026-10-01,2026-09-01 15:13:00,5945.11,2026-09-09 12:37:29,DEL-BLR,2026-09-01
4471,SkyFareHub,IndiGo,BOM,BLR,2026-09-08,2026-09-01 12:51:00,4676.78,2026-09-09 12:37:29,BOM-BLR,2026-09-01
4472,TripEase,IndiGo,BOM,BLR,2026-09-08,2026-09-01 09:47:00,4803.58,2026-09-09 12:37:29,BOM-BLR,2026-09-01
4473,SkyFareHub,Air India,BOM,BLR,2026-09-08,2026-09-01 10:12:00,4954.55,2026-09-09 12:37:29,BOM-BLR,2026-09-01
4474,TripEase,Air India,BOM,BLR,2026-09-08,2026-09-01 06:40:00,5156.4,2026-09-09 12:37:29,BOM-BLR,2026-09-01
4475,SkyFareHub,SpiceJet,BOM,BLR,2026-09-08,2026-09-01 18:47:00,4222.12,2026-09-09 12:37:29,BOM-BLR,2026-09-01
4476,TripEase,SpiceJet,BOM,BLR,2026-09-08,2026-09-01 13:26:00,4116.98,2026-09-09 12:37:29,BOM-BLR,2026-09-01
4477,SkyFareHub,Vistara,BOM,BLR,2026-09-08,2026-09-01 20:22:00,5114.47,2026-09-09 12:37:29,BOM-BLR,2026-09-01
4478,TripEase,Vistara,BOM,BLR,2026-09-08,2026-09-01 21:25:00,5014.6,2026-09-09 12:37:29,BOM-BLR,2026-09-01
4479,SkyFareHub,Akasa Air,BOM,BLR,2026-09-08,2026-09-01 20:11:00,4386.34,2026-09-09 12:37:29,BOM-BLR,2026-09-01
4480,TripEase,Akasa Air,BOM,BLR,2026-09-08,2026-09-01 21:29:00,4701.71,2026-09-09 12:37:29,BOM-BLR,2026-09-01
4481,SkyFareHub,IndiGo,BOM,BLR,2026-09-15,2026-09-01 17:35:00,4566.22,2026-09-09 12:37:29,BOM-BLR,2026-09-01
4482,TripEase,IndiGo,BOM,BLR,2026-09-15,2026-09-01 18:09:00,4606.25,2026-09-09 12:37:29,BOM-BLR,2026-09-01
4483,SkyFareHub,Air India,BOM,BLR,2026-09-15,2026-09-01 16:09:00,5202.97,2026-09-09 12:37:29,BOM-BLR,2026-09-01
4484,TripEase,Air India,BOM,BLR,2026-09-15,2026-09-01 20:24:00,4979.17,2026-09-09 12:37:29,BOM-BLR,2026-09-01
4485,SkyFareHub,SpiceJet,BOM,BLR,2026-09-15,2026-09-01 09:25:00,4488.46,2026-09-09 12:37:29,BOM-BLR,2026-09-01
4486,TripEase,SpiceJet,BOM,BLR,2026-09-15,2026-09-01 20:07:00,4276.83,2026-09-09 12:37:29,BOM-BLR,2026-09-01
4487,SkyFareHub,Vistara,BOM,BLR,2026-09-15,2026-09-01 20:43:00,5207.53,2026-09-09 12:37:29,BOM-BLR,2026-09-01
4488,TripEase,Vistara,BOM,BLR,2026-09-15,2026-09-01 12:59:00,5111.03,2026-09-09 12:37:29,BOM-BLR,2026-09-01
4489,SkyFareHub,Akasa Air,BOM,BLR,2026-09-15,2026-09-01 11:53:00,4471.89,2026-09-09 12:37:29,BOM-BLR,2026-09-01
4490,TripEase,Akasa Air,BOM,BLR,2026-09-15,2026-09-01 11:09:00,4531.76,2026-09-09 12:37:29,BOM-BLR,2026-09-01
4491,SkyFareHub,IndiGo,BOM,BLR,2026-10-01,2026-09-01 12:47:00,4458.56,2026-09-09 12:37:29,BOM-BLR,2026-09-01
4492,TripEase,IndiGo,BOM,BLR,2026-10-01,2026-09-01 09:46:00,4295.61,2026-09-09 12:37:29,BOM-BLR,2026-09-01
4493,SkyFareHub,Air India,BOM,BLR,2026-10-01,2026-09-01 08:40:00,4689.6,2026-09-09 12:37:29,BOM-BLR,2026-09-01
4494,TripEase,Air India,BOM,BLR,2026-10-01,2026-09-01 10:15:00,4707.04,2026-09-09 12:37:29,BOM-BLR,2026-09-01
4495,SkyFareHub,SpiceJet,BOM,BLR,2026-10-01,2026-09-01 17:44:00,4282.17,2026-09-09 12:37:29,BOM-BLR,2026-09-01
4496,TripEase,SpiceJet,BOM,BLR,2026-10-01,2026-09-01 12:20:00,4421.59,2026-09-09 12:37:29,BOM-BLR,2026-09-01
4497,SkyFareHub,Vistara,BOM,BLR,2026-10-01,2026-09-01 19:07:00,5040.12,2026-09-09 12:37:29,BOM-BLR,2026-09-01
4498,TripEase,Vistara,BOM,BLR,2026-10-01,2026-09-01 21:14:00,5115.47,2026-09-09 12:37:29,BOM-BLR,2026-09-01
4499,SkyFareHub,Akasa Air,BOM,BLR,2026-10-01,2026-09-01 13:01:00,4137.99,2026-09-09 12:37:29,BOM-BLR,2026-09-01
4500,TripEase,Akasa Air,BOM,BLR,2026-10-01,2026-09-01 14:36:00,4244.32,2026-09-09 12:37:29,BOM-BLR,2026-09-01
4501,SkyFareHub,IndiGo,DEL,MAA,2026-09-08,2026-09-01 09:11:00,6964.03,2026-09-09 12:37:29,DEL-MAA,2026-09-01
4502,TripEase,IndiGo,DEL,MAA,2026-09-08,2026-09-01 20:00:00,6939.43,2026-09-09 12:37:29,DEL-MAA,2026-09-01
4503,SkyFareHub,Air India,DEL,MAA,2026-09-08,2026-09-01 08:10:00,6900.36,2026-09-09 12:37:29,DEL-MAA,2026-09-01
4504,TripEase,Air India,DEL,MAA,2026-09-08,2026-09-01 20:48:00,6855.73,2026-09-09 12:37:29,DEL-MAA,2026-09-01
4505,SkyFareHub,SpiceJet,DEL,MAA,2026-09-08,2026-09-01 09:13:00,6365.93,2026-09-09 12:37:29,DEL-MAA,2026-09-01
4506,TripEase,SpiceJet,DEL,MAA,2026-09-08,2026-09-01 16:08:00,6498.89,2026-09-09 12:37:29,DEL-MAA,2026-09-01
4507,SkyFareHub,Vistara,DEL,MAA,2026-09-08,2026-09-01 22:15:00,7766.45,2026-09-09 12:37:29,DEL-MAA,2026-09-01
4508,TripEase,Vistara,DEL,MAA,2026-09-08,2026-09-01 09:08:00,7245.59,2026-09-09 12:37:29,DEL-MAA,2026-09-01
4509,SkyFareHub,Akasa Air,DEL,MAA,2026-09-08,2026-09-01 07:35:00,6598.97,2026-09-09 12:37:29,DEL-MAA,2026-09-01
4510,TripEase,Akasa Air,DEL,MAA,2026-09-08,2026-09-01 07:16:00,6145.2,2026-09-09 12:37:29,DEL-MAA,2026-09-01
4511,SkyFareHub,IndiGo,DEL,MAA,2026-09-15,2026-09-01 20:33:00,6725.78,2026-09-09 12:37:29,DEL-MAA,2026-09-01
4512,TripEase,IndiGo,DEL,MAA,2026-09-15,2026-09-01 20:22:00,6738.16,2026-09-09 12:37:29,DEL-MAA,2026-09-01
4513,SkyFareHub,Air India,DEL,MAA,2026-09-15,2026-09-01 17:42:00,7307.07,2026-09-09 12:37:29,DEL-MAA,2026-09-01
4514,TripEase,Air India,DEL,MAA,2026-09-15,2026-09-01 18:59:00,6993.36,2026-09-09 12:37:29,DEL-MAA,2026-09-01
4515,SkyFareHub,SpiceJet,DEL,MAA,2026-09-15,2026-09-01 07:12:00,6169.83,2026-09-09 12:37:29,DEL-MAA,2026-09-01
4516,TripEase,SpiceJet,DEL,MAA,2026-09-15,2026-09-01 13:59:00,6200.67,2026-09-09 12:37:29,DEL-MAA,2026-09-01
4517,SkyFareHub,Vistara,DEL,MAA,2026-09-15,2026-09-01 16:07:00,7323.23,2026-09-09 12:37:29,DEL-MAA,2026-09-01
4518,TripEase,Vistara,DEL,MAA,2026-09-15,2026-09-01 11:13:00,7487.6,2026-09-09 12:37:29,DEL-MAA,2026-09-01
4519,SkyFareHub,Akasa Air,DEL,MAA,2026-09-15,2026-09-01 08:01:00,6612.1,2026-09-09 12:37:29,DEL-MAA,2026-09-01
4520,TripEase,Akasa Air,DEL,MAA,2026-09-15,2026-09-01 11:49:00,6592.27,2026-09-09 12:37:29,DEL-MAA,2026-09-01
4521,SkyFareHub,IndiGo,DEL,MAA,2026-10-01,2026-09-01 17:42:00,6762.2,2026-09-09 12:37:29,DEL-MAA,2026-09-01
4522,TripEase,IndiGo,DEL,MAA,2026-10-01,2026-09-01 21:17:00,6057.27,2026-09-09 12:37:29,DEL-MAA,2026-09-01
4523,SkyFareHub,Air India,DEL,MAA,2026-10-01,2026-09-01 12:03:00,7067.25,2026-09-09 12:37:29,DEL-MAA,2026-09-01
4524,TripEase,Air India,DEL,MAA,2026-10-01,2026-09-01 06:36:00,6821.79,2026-09-09 12:37:29,DEL-MAA,2026-09-01
4525,SkyFareHub,SpiceJet,DEL,MAA,2026-10-01,2026-09-01 12:43:00,6004.93,2026-09-09 12:37:29,DEL-MAA,2026-09-01
4526,TripEase,SpiceJet,DEL,MAA,2026-10-01,2026-09-01 09:09:00,5954.06,2026-09-09 12:37:29,DEL-MAA,2026-09-01
4527,SkyFareHub,Vistara,DEL,MAA,2026-10-01,2026-09-01 10:07:00,7330.49,2026-09-09 12:37:29,DEL-MAA,2026-09-01
4528,TripEase,Vistara,DEL,MAA,2026-10-01,2026-09-01 20:26:00,6992.07,2026-09-09 12:37:29,DEL-MAA,2026-09-01
4529,SkyFareHub,Akasa Air,DEL,MAA,2026-10-01,2026-09-01 07:07:00,6227.09,2026-09-09 12:37:29,DEL-MAA,2026-09-01
4530,TripEase,Akasa Air,DEL,MAA,2026-10-01,2026-09-01 08:07:00,6327.85,2026-09-09 12:37:29,DEL-MAA,2026-09-01
4531,SkyFareHub,IndiGo,BOM,MAA,2026-09-08,2026-09-01 10:58:00,5747.55,2026-09-09 12:37:29,BOM-MAA,2026-09-01
4532,TripEase,IndiGo,BOM,MAA,2026-09-08,2026-09-01 07:28:00,5679.14,2026-09-09 12:37:29,BOM-MAA,2026-09-01
4533,SkyFareHub,Air India,BOM,MAA,2026-09-08,2026-09-01 22:48:00,6196.25,2026-09-09 12:37:29,BOM-MAA,2026-09-01
4534,TripEase,Air India,BOM,MAA,2026-09-08,2026-09-01 12:02:00,6315.32,2026-09-09 12:37:29,BOM-MAA,2026-09-01
4535,SkyFareHub,SpiceJet,BOM,MAA,2026-09-08,2026-09-01 18:21:00,5470.7,2026-09-09 12:37:29,BOM-MAA,2026-09-01
4536,TripEase,SpiceJet,BOM,MAA,2026-09-08,2026-09-01 11:29:00,5371.16,2026-09-09 12:37:29,BOM-MAA,2026-09-01
4537,SkyFareHub,Vistara,BOM,MAA,2026-09-08,2026-09-01 15:49:00,7013.05,2026-09-09 12:37:29,BOM-MAA,2026-09-01
4538,TripEase,Vistara,BOM,MAA,2026-09-08,2026-09-01 15:11:00,6729.63,2026-09-09 12:37:29,BOM-MAA,2026-09-01
4539,SkyFareHub,Akasa Air,BOM,MAA,2026-09-08,2026-09-01 18:40:00,5528.38,2026-09-09 12:37:29,BOM-MAA,2026-09-01
4540,TripEase,Akasa Air,BOM,MAA,2026-09-08,2026-09-01 06:36:00,5946.28,2026-09-09 12:37:29,BOM-MAA,2026-09-01
4541,SkyFareHub,IndiGo,BOM,MAA,2026-09-15,2026-09-01 10:38:00,6130.28,2026-09-09 12:37:29,BOM-MAA,2026-09-01
4542,TripEase,IndiGo,BOM,MAA,2026-09-15,2026-09-01 12:44:00,5651.16,2026-09-09 12:37:29,BOM-MAA,2026-09-01
4543,SkyFareHub,Air India,BOM,MAA,2026-09-15,2026-09-01 17:46:00,6717.97,2026-09-09 12:37:29,BOM-MAA,2026-09-01
4544,TripEase,Air India,BOM,MAA,2026-09-15,2026-09-01 06:51:00,6403.33,2026-09-09 12:37:29,BOM-MAA,2026-09-01
4545,SkyFareHub,SpiceJet,BOM,MAA,2026-09-15,2026-09-01 17:08:00,5853.29,2026-09-09 12:37:29,BOM-MAA,2026-09-01
4546,TripEase,SpiceJet,BOM,MAA,2026-09-15,2026-09-01 06:49:00,5741.23,2026-09-09 12:37:29,BOM-MAA,2026-09-01
4547,SkyFareHub,Vistara,BOM,MAA,2026-09-15,2026-09-01 09:09:00,6737.23,2026-09-09 12:37:29,BOM-MAA,2026-09-01
4548,TripEase,Vistara,BOM,MAA,2026-09-15,2026-09-01 17:35:00,6612.5,2026-09-09 12:37:29,BOM-MAA,2026-09-01
4549,SkyFareHub,Akasa Air,BOM,MAA,2026-09-15,2026-09-01 15:48:00,5581.29,2026-09-09 12:37:29,BOM-MAA,2026-09-01
4550,TripEase,Akasa Air,BOM,MAA,2026-09-15,2026-09-01 06:16:00,5801.03,2026-09-09 12:37:29,BOM-MAA,2026-09-01
4551,SkyFareHub,IndiGo,BOM,MAA,2026-10-01,2026-09-01 10:01:00,6022.29,2026-09-09 12:37:29,BOM-MAA,2026-09-01
4552,TripEase,IndiGo,BOM,MAA,2026-10-01,2026-09-01 07:27:00,5519.23,2026-09-09 12:37:29,BOM-MAA,2026-09-01
4553,SkyFareHub,Air India,BOM,MAA,2026-10-01,2026-09-01 21:14:00,6000.86,2026-09-09 12:37:29,BOM-MAA,2026-09-01
4554,TripEase,Air India,BOM,MAA,2026-10-01,2026-09-01 11:38:00,6090.4,2026-09-09 12:37:29,BOM-MAA,2026-09-01
4555,SkyFareHub,SpiceJet,BOM,MAA,2026-10-01,2026-09-01 08:27:00,5437.62,2026-09-09 12:37:29,BOM-MAA,2026-09-01
4556,TripEase,SpiceJet,BOM,MAA,2026-10-01,2026-09-01 19:14:00,5401.98,2026-09-09 12:37:29,BOM-MAA,2026-09-01
4557,SkyFareHub,Vistara,BOM,MAA,2026-10-01,2026-09-01 22:41:00,6489.87,2026-09-09 12:37:29,BOM-MAA,2026-09-01
4558,TripEase,Vistara,BOM,MAA,2026-10-01,2026-09-01 16:16:00,6620.94,2026-09-09 12:37:29,BOM-MAA,2026-09-01
4559,SkyFareHub,Akasa Air,BOM,MAA,2026-10-01,2026-09-01 06:14:00,5605.12,2026-09-09 12:37:29,BOM-MAA,2026-09-01
4560,TripEase,Akasa Air,BOM,MAA,2026-10-01,2026-09-01 07:15:00,5728.37,2026-09-09 12:37:29,BOM-MAA,2026-09-01
4561,SkyFareHub,IndiGo,DEL,CCU,2026-09-08,2026-09-01 17:58:00,5968.67,2026-09-09 12:37:29,DEL-CCU,2026-09-01
4562,TripEase,IndiGo,DEL,CCU,2026-09-08,2026-09-01 20:23:00,6760.28,2026-09-09 12:37:29,DEL-CCU,2026-09-01
4563,SkyFareHub,Air India,DEL,CCU,2026-09-08,2026-09-01 08:23:00,6965.34,2026-09-09 12:37:29,DEL-CCU,2026-09-01
4564,TripEase,Air India,DEL,CCU,2026-09-08,2026-09-01 17:23:00,6930.79,2026-09-09 12:37:29,DEL-CCU,2026-09-01
4565,SkyFareHub,SpiceJet,DEL,CCU,2026-09-08,2026-09-01 13:16:00,6080.55,2026-09-09 12:37:29,DEL-CCU,2026-09-01
4566,TripEase,SpiceJet,DEL,CCU,2026-09-08,2026-09-01 14:29:00,5906.86,2026-09-09 12:37:29,DEL-CCU,2026-09-01
4567,SkyFareHub,Vistara,DEL,CCU,2026-09-08,2026-09-01 07:49:00,7125.6,2026-09-09 12:37:29,DEL-CCU,2026-09-01
4568,TripEase,Vistara,DEL,CCU,2026-09-08,2026-09-01 09:02:00,7236.57,2026-09-09 12:37:29,DEL-CCU,2026-09-01
4569,SkyFareHub,Akasa Air,DEL,CCU,2026-09-08,2026-09-01 19:35:00,6156.16,2026-09-09 12:37:29,DEL-CCU,2026-09-01
4570,TripEase,Akasa Air,DEL,CCU,2026-09-08,2026-09-01 14:48:00,6034.91,2026-09-09 12:37:29,DEL-CCU,2026-09-01
4571,SkyFareHub,IndiGo,DEL,CCU,2026-09-15,2026-09-01 19:33:00,6507.04,2026-09-09 12:37:29,DEL-CCU,2026-09-01
4572,TripEase,IndiGo,DEL,CCU,2026-09-15,2026-09-01 09:51:00,5874.46,2026-09-09 12:37:29,DEL-CCU,2026-09-01
4573,SkyFareHub,Air India,DEL,CCU,2026-09-15,2026-09-01 09:09:00,6859.99,2026-09-09 12:37:29,DEL-CCU,2026-09-01
4574,TripEase,Air India,DEL,CCU,2026-09-15,2026-09-01 09:21:00,6991.81,2026-09-09 12:37:29,DEL-CCU,2026-09-01
4575,SkyFareHub,SpiceJet,DEL,CCU,2026-09-15,2026-09-01 12:32:00,6058.36,2026-09-09 12:37:29,DEL-CCU,2026-09-01
4576,TripEase,SpiceJet,DEL,CCU,2026-09-15,2026-09-01 13:03:00,5738.3,2026-09-09 12:37:29,DEL-CCU,2026-09-01
4577,SkyFareHub,Vistara,DEL,CCU,2026-09-15,2026-09-01 08:03:00,7091.96,2026-09-09 12:37:29,DEL-CCU,2026-09-01
4578,TripEase,Vistara,DEL,CCU,2026-09-15,2026-09-01 22:17:00,7320.44,2026-09-09 12:37:29,DEL-CCU,2026-09-01
4579,SkyFareHub,Akasa Air,DEL,CCU,2026-09-15,2026-09-01 18:11:00,5985.72,2026-09-09 12:37:29,DEL-CCU,2026-09-01
4580,TripEase,Akasa Air,DEL,CCU,2026-09-15,2026-09-01 06:36:00,5800.28,2026-09-09 12:37:29,DEL-CCU,2026-09-01
4581,SkyFareHub,IndiGo,DEL,CCU,2026-10-01,2026-09-01 22:43:00,5994.52,2026-09-09 12:37:29,DEL-CCU,2026-09-01
4582,TripEase,IndiGo,DEL,CCU,2026-10-01,2026-09-01 19:38:00,5983.8,2026-09-09 12:37:29,DEL-CCU,2026-09-01
4583,SkyFareHub,Air India,DEL,CCU,2026-10-01,2026-09-01 09:35:00,6253.0,2026-09-09 12:37:29,DEL-CCU,2026-09-01
4584,TripEase,Air India,DEL,CCU,2026-10-01,2026-09-01 12:38:00,6189.25,2026-09-09 12:37:29,DEL-CCU,2026-09-01
4585,SkyFareHub,SpiceJet,DEL,CCU,2026-10-01,2026-09-01 20:59:00,5843.95,2026-09-09 12:37:29,DEL-CCU,2026-09-01
4586,TripEase,SpiceJet,DEL,CCU,2026-10-01,2026-09-01 18:27:00,5641.89,2026-09-09 12:37:29,DEL-CCU,2026-09-01
4587,SkyFareHub,Vistara,DEL,CCU,2026-10-01,2026-09-01 08:33:00,6997.54,2026-09-09 12:37:29,DEL-CCU,2026-09-01
4588,TripEase,Vistara,DEL,CCU,2026-10-01,2026-09-01 21:01:00,6696.44,2026-09-09 12:37:29,DEL-CCU,2026-09-01
4589,SkyFareHub,Akasa Air,DEL,CCU,2026-10-01,2026-09-01 18:26:00,5847.79,2026-09-09 12:37:29,DEL-CCU,2026-09-01
4590,TripEase,Akasa Air,DEL,CCU,2026-10-01,2026-09-01 16:40:00,5796.62,2026-09-09 12:37:29,DEL-CCU,2026-09-01
4591,SkyFareHub,IndiGo,BLR,HYD,2026-09-08,2026-09-01 09:03:00,3997.37,2026-09-09 12:37:29,BLR-HYD,2026-09-01
4592,TripEase,IndiGo,BLR,HYD,2026-09-08,2026-09-01 20:07:00,3889.63,2026-09-09 12:37:29,BLR-HYD,2026-09-01
4593,SkyFareHub,Air India,BLR,HYD,2026-09-08,2026-09-01 14:37:00,4244.97,2026-09-09 12:37:29,BLR-HYD,2026-09-01
4594,TripEase,Air India,BLR,HYD,2026-09-08,2026-09-01 08:52:00,4201.13,2026-09-09 12:37:29,BLR-HYD,2026-09-01
4595,SkyFareHub,SpiceJet,BLR,HYD,2026-09-08,2026-09-01 14:36:00,3835.3,2026-09-09 12:37:29,BLR-HYD,2026-09-01
4596,TripEase,SpiceJet,BLR,HYD,2026-09-08,2026-09-01 08:20:00,3510.58,2026-09-09 12:37:29,BLR-HYD,2026-09-01
4597,SkyFareHub,Vistara,BLR,HYD,2026-09-08,2026-09-01 22:02:00,4474.87,2026-09-09 12:37:29,BLR-HYD,2026-09-01
4598,TripEase,Vistara,BLR,HYD,2026-09-08,2026-09-01 21:59:00,4552.16,2026-09-09 12:37:29,BLR-HYD,2026-09-01
4599,SkyFareHub,Akasa Air,BLR,HYD,2026-09-08,2026-09-01 22:31:00,3981.94,2026-09-09 12:37:29,BLR-HYD,2026-09-01
4600,TripEase,Akasa Air,BLR,HYD,2026-09-08,2026-09-01 12:29:00,3868.12,2026-09-09 12:37:29,BLR-HYD,2026-09-01
4601,SkyFareHub,IndiGo,BLR,HYD,2026-09-15,2026-09-01 19:24:00,3924.74,2026-09-09 12:37:29,BLR-HYD,2026-09-01
4602,TripEase,IndiGo,BLR,HYD,2026-09-15,2026-09-01 09:26:00,3943.62,2026-09-09 12:37:29,BLR-HYD,2026-09-01
4603,SkyFareHub,Air India,BLR,HYD,2026-09-15,2026-09-01 10:13:00,4412.04,2026-09-09 12:37:29,BLR-HYD,2026-09-01
4604,TripEase,Air India,BLR,HYD,2026-09-15,2026-09-01 21:30:00,4270.42,2026-09-09 12:37:29,BLR-HYD,2026-09-01
4605,SkyFareHub,SpiceJet,BLR,HYD,2026-09-15,2026-09-01 11:48:00,3626.87,2026-09-09 12:37:29,BLR-HYD,2026-09-01
4606,TripEase,SpiceJet,BLR,HYD,2026-09-15,2026-09-01 22:42:00,3539.7,2026-09-09 12:37:29,BLR-HYD,2026-09-01
4607,SkyFareHub,Vistara,BLR,HYD,2026-09-15,2026-09-01 09:39:00,4408.37,2026-09-09 12:37:29,BLR-HYD,2026-09-01
4608,TripEase,Vistara,BLR,HYD,2026-09-15,2026-09-01 14:10:00,4284.0,2026-09-09 12:37:29,BLR-HYD,2026-09-01
4609,SkyFareHub,Akasa Air,BLR,HYD,2026-09-15,2026-09-01 10:01:00,3931.22,2026-09-09 12:37:29,BLR-HYD,2026-09-01
4610,TripEase,Akasa Air,BLR,HYD,2026-09-15,2026-09-01 20:52:00,3552.31,2026-09-09 12:37:29,BLR-HYD,2026-09-01
4611,SkyFareHub,IndiGo,BLR,HYD,2026-10-01,2026-09-01 09:05:00,3924.67,2026-09-09 12:37:29,BLR-HYD,2026-09-01
4612,TripEase,IndiGo,BLR,HYD,2026-10-01,2026-09-01 06:40:00,3776.85,2026-09-09 12:37:29,BLR-HYD,2026-09-01
4613,SkyFareHub,Air India,BLR,HYD,2026-10-01,2026-09-01 09:54:00,4153.89,2026-09-09 12:37:29,BLR-HYD,2026-09-01
4614,TripEase,Air India,BLR,HYD,2026-10-01,2026-09-01 08:15:00,4269.56,2026-09-09 12:37:29,BLR-HYD,2026-09-01
4615,SkyFareHub,SpiceJet,BLR,HYD,2026-10-01,2026-09-01 22:38:00,3546.71,2026-09-09 12:37:29,BLR-HYD,2026-09-01
4616,TripEase,SpiceJet,BLR,HYD,2026-10-01,2026-09-01 20:57:00,3646.85,2026-09-09 12:37:29,BLR-HYD,2026-09-01
4617,SkyFareHub,Vistara,BLR,HYD,2026-10-01,2026-09-01 20:01:00,4065.3,2026-09-09 12:37:29,BLR-HYD,2026-09-01
4618,TripEase,Vistara,BLR,HYD,2026-10-01,2026-09-01 15:59:00,4375.12,2026-09-09 12:37:29,BLR-HYD,2026-09-01
4619,SkyFareHub,Akasa Air,BLR,HYD,2026-10-01,2026-09-01 08:34:00,3560.25,2026-09-09 12:37:29,BLR-HYD,2026-09-01
4620,TripEase,Akasa Air,BLR,HYD,2026-10-01,2026-09-01 15:34:00,3824.7,2026-09-09 12:37:29,BLR-HYD,2026-09-01
4621,SkyFareHub,IndiGo,DEL,BOM,2026-09-09,2026-09-02 20:56:00,5593.46,2026-09-09 12:37:29,DEL-BOM,2026-09-02
4622,TripEase,IndiGo,DEL,BOM,2026-09-09,2026-09-02 13:36:00,5851.23,2026-09-09 12:37:29,DEL-BOM,2026-09-02
4623,SkyFareHub,Air India,DEL,BOM,2026-09-09,2026-09-02 17:28:00,6533.57,2026-09-09 12:37:29,DEL-BOM,2026-09-02
4624,TripEase,Air India,DEL,BOM,2026-09-09,2026-09-02 07:51:00,6349.67,2026-09-09 12:37:29,DEL-BOM,2026-09-02
4625,SkyFareHub,SpiceJet,DEL,BOM,2026-09-09,2026-09-02 19:30:00,5194.92,2026-09-09 12:37:29,DEL-BOM,2026-09-02
4626,TripEase,SpiceJet,DEL,BOM,2026-09-09,2026-09-02 11:53:00,5362.71,2026-09-09 12:37:29,DEL-BOM,2026-09-02
4627,SkyFareHub,Vistara,DEL,BOM,2026-09-09,2026-09-02 15:38:00,6382.86,2026-09-09 12:37:29,DEL-BOM,2026-09-02
4628,TripEase,Vistara,DEL,BOM,2026-09-09,2026-09-02 08:59:00,6573.36,2026-09-09 12:37:29,DEL-BOM,2026-09-02
4629,SkyFareHub,Akasa Air,DEL,BOM,2026-09-09,2026-09-02 14:50:00,5478.22,2026-09-09 12:37:29,DEL-BOM,2026-09-02
4630,TripEase,Akasa Air,DEL,BOM,2026-09-09,2026-09-02 22:09:00,5408.74,2026-09-09 12:37:29,DEL-BOM,2026-09-02
4631,SkyFareHub,IndiGo,DEL,BOM,2026-09-16,2026-09-02 21:42:00,5657.51,2026-09-09 12:37:29,DEL-BOM,2026-09-02
4632,TripEase,IndiGo,DEL,BOM,2026-09-16,2026-09-02 17:14:00,5571.78,2026-09-09 12:37:29,DEL-BOM,2026-09-02
4633,SkyFareHub,Air India,DEL,BOM,2026-09-16,2026-09-02 08:50:00,6052.11,2026-09-09 12:37:29,DEL-BOM,2026-09-02
4634,TripEase,Air India,DEL,BOM,2026-09-16,2026-09-02 19:02:00,5935.24,2026-09-09 12:37:29,DEL-BOM,2026-09-02
4635,SkyFareHub,SpiceJet,DEL,BOM,2026-09-16,2026-09-02 13:11:00,5323.99,2026-09-09 12:37:29,DEL-BOM,2026-09-02
4636,TripEase,SpiceJet,DEL,BOM,2026-09-16,2026-09-02 13:21:00,5360.06,2026-09-09 12:37:29,DEL-BOM,2026-09-02
4637,SkyFareHub,Vistara,DEL,BOM,2026-09-16,2026-09-02 20:37:00,6486.05,2026-09-09 12:37:29,DEL-BOM,2026-09-02
4638,TripEase,Vistara,DEL,BOM,2026-09-16,2026-09-02 18:11:00,6698.46,2026-09-09 12:37:29,DEL-BOM,2026-09-02
4639,SkyFareHub,Akasa Air,DEL,BOM,2026-09-16,2026-09-02 19:44:00,5183.85,2026-09-09 12:37:29,DEL-BOM,2026-09-02
4640,TripEase,Akasa Air,DEL,BOM,2026-09-16,2026-09-02 18:24:00,5591.23,2026-09-09 12:37:29,DEL-BOM,2026-09-02
4641,SkyFareHub,IndiGo,DEL,BOM,2026-10-02,2026-09-02 19:01:00,5497.03,2026-09-09 12:37:29,DEL-BOM,2026-09-02
4642,TripEase,IndiGo,DEL,BOM,2026-10-02,2026-09-02 10:04:00,5307.78,2026-09-09 12:37:29,DEL-BOM,2026-09-02
4643,SkyFareHub,Air India,DEL,BOM,2026-10-02,2026-09-02 16:06:00,5690.01,2026-09-09 12:37:29,DEL-BOM,2026-09-02
4644,TripEase,Air India,DEL,BOM,2026-10-02,2026-09-02 17:37:00,5665.32,2026-09-09 12:37:29,DEL-BOM,2026-09-02
4645,SkyFareHub,SpiceJet,DEL,BOM,2026-10-02,2026-09-02 19:17:00,5342.18,2026-09-09 12:37:29,DEL-BOM,2026-09-02
4646,TripEase,SpiceJet,DEL,BOM,2026-10-02,2026-09-02 22:36:00,5037.05,2026-09-09 12:37:29,DEL-BOM,2026-09-02
4647,SkyFareHub,Vistara,DEL,BOM,2026-10-02,2026-09-02 14:34:00,6548.89,2026-09-09 12:37:29,DEL-BOM,2026-09-02
4648,TripEase,Vistara,DEL,BOM,2026-10-02,2026-09-02 13:39:00,6239.82,2026-09-09 12:37:29,DEL-BOM,2026-09-02
4649,SkyFareHub,Akasa Air,DEL,BOM,2026-10-02,2026-09-02 14:25:00,5030.51,2026-09-09 12:37:29,DEL-BOM,2026-09-02
4650,TripEase,Akasa Air,DEL,BOM,2026-10-02,2026-09-02 22:28:00,5388.91,2026-09-09 12:37:29,DEL-BOM,2026-09-02
4651,SkyFareHub,IndiGo,DEL,BLR,2026-09-09,2026-09-02 06:39:00,6075.46,2026-09-09 12:37:29,DEL-BLR,2026-09-02
4652,TripEase,IndiGo,DEL,BLR,2026-09-09,2026-09-02 08:13:00,6197.6,2026-09-09 12:37:29,DEL-BLR,2026-09-02
4653,SkyFareHub,Air India,DEL,BLR,2026-09-09,2026-09-02 13:22:00,6791.48,2026-09-09 12:37:29,DEL-BLR,2026-09-02
4654,TripEase,Air India,DEL,BLR,2026-09-09,2026-09-02 11:52:00,6961.49,2026-09-09 12:37:29,DEL-BLR,2026-09-02
4655,SkyFareHub,SpiceJet,DEL,BLR,2026-09-09,2026-09-02 09:14:00,6127.13,2026-09-09 12:37:29,DEL-BLR,2026-09-02
4656,TripEase,SpiceJet,DEL,BLR,2026-09-09,2026-09-02 06:21:00,5818.73,2026-09-09 12:37:29,DEL-BLR,2026-09-02
4657,SkyFareHub,Vistara,DEL,BLR,2026-09-09,2026-09-02 14:20:00,6827.44,2026-09-09 12:37:29,DEL-BLR,2026-09-02
4658,TripEase,Vistara,DEL,BLR,2026-09-09,2026-09-02 16:49:00,6972.0,2026-09-09 12:37:29,DEL-BLR,2026-09-02
4659,SkyFareHub,Akasa Air,DEL,BLR,2026-09-09,2026-09-02 11:23:00,5986.05,2026-09-09 12:37:29,DEL-BLR,2026-09-02
4660,TripEase,Akasa Air,DEL,BLR,2026-09-09,2026-09-02 15:31:00,6115.03,2026-09-09 12:37:29,DEL-BLR,2026-09-02
4661,SkyFareHub,IndiGo,DEL,BLR,2026-09-16,2026-09-02 09:27:00,5786.77,2026-09-09 12:37:29,DEL-BLR,2026-09-02
4662,TripEase,IndiGo,DEL,BLR,2026-09-16,2026-09-02 12:44:00,5837.25,2026-09-09 12:37:29,DEL-BLR,2026-09-02
4663,SkyFareHub,Air India,DEL,BLR,2026-09-16,2026-09-02 19:25:00,6287.78,2026-09-09 12:37:29,DEL-BLR,2026-09-02
4664,TripEase,Air India,DEL,BLR,2026-09-16,2026-09-02 21:57:00,6755.24,2026-09-09 12:37:29,DEL-BLR,2026-09-02
4665,SkyFareHub,SpiceJet,DEL,BLR,2026-09-16,2026-09-02 22:08:00,6069.33,2026-09-09 12:37:29,DEL-BLR,2026-09-02
4666,TripEase,SpiceJet,DEL,BLR,2026-09-16,2026-09-02 07:34:00,5918.22,2026-09-09 12:37:29,DEL-BLR,2026-09-02
4667,SkyFareHub,Vistara,DEL,BLR,2026-09-16,2026-09-02 06:55:00,7206.57,2026-09-09 12:37:29,DEL-BLR,2026-09-02
4668,TripEase,Vistara,DEL,BLR,2026-09-16,2026-09-02 10:06:00,7096.61,2026-09-09 12:37:29,DEL-BLR,2026-09-02
4669,SkyFareHub,Akasa Air,DEL,BLR,2026-09-16,2026-09-02 19:33:00,5786.13,2026-09-09 12:37:29,DEL-BLR,2026-09-02
4670,TripEase,Akasa Air,DEL,BLR,2026-09-16,2026-09-02 13:53:00,5938.77,2026-09-09 12:37:29,DEL-BLR,2026-09-02
4671,SkyFareHub,IndiGo,DEL,BLR,2026-10-02,2026-09-02 18:40:00,5703.3,2026-09-09 12:37:29,DEL-BLR,2026-09-02
4672,TripEase,IndiGo,DEL,BLR,2026-10-02,2026-09-02 19:39:00,5755.34,2026-09-09 12:37:29,DEL-BLR,2026-09-02
4673,SkyFareHub,Air India,DEL,BLR,2026-10-02,2026-09-02 13:44:00,6496.45,2026-09-09 12:37:29,DEL-BLR,2026-09-02
4674,TripEase,Air India,DEL,BLR,2026-10-02,2026-09-02 20:19:00,6570.78,2026-09-09 12:37:29,DEL-BLR,2026-09-02
4675,SkyFareHub,SpiceJet,DEL,BLR,2026-10-02,2026-09-02 15:44:00,5754.78,2026-09-09 12:37:29,DEL-BLR,2026-09-02
4676,TripEase,SpiceJet,DEL,BLR,2026-10-02,2026-09-02 16:37:00,5640.08,2026-09-09 12:37:29,DEL-BLR,2026-09-02
4677,SkyFareHub,Vistara,DEL,BLR,2026-10-02,2026-09-02 07:07:00,6575.83,2026-09-09 12:37:29,DEL-BLR,2026-09-02
4678,TripEase,Vistara,DEL,BLR,2026-10-02,2026-09-02 11:03:00,6428.71,2026-09-09 12:37:29,DEL-BLR,2026-09-02
4679,SkyFareHub,Akasa Air,DEL,BLR,2026-10-02,2026-09-02 17:15:00,5974.05,2026-09-09 12:37:29,DEL-BLR,2026-09-02
4680,TripEase,Akasa Air,DEL,BLR,2026-10-02,2026-09-02 07:22:00,5769.28,2026-09-09 12:37:29,DEL-BLR,2026-09-02
4681,SkyFareHub,IndiGo,BOM,BLR,2026-09-09,2026-09-02 19:43:00,4488.38,2026-09-09 12:37:29,BOM-BLR,2026-09-02
4682,TripEase,IndiGo,BOM,BLR,2026-09-09,2026-09-02 18:13:00,4647.68,2026-09-09 12:37:29,BOM-BLR,2026-09-02
4683,SkyFareHub,Air India,BOM,BLR,2026-09-09,2026-09-02 10:06:00,4902.93,2026-09-09 12:37:29,BOM-BLR,2026-09-02
4684,TripEase,Air India,BOM,BLR,2026-09-09,2026-09-02 17:38:00,4943.78,2026-09-09 12:37:29,BOM-BLR,2026-09-02
4685,SkyFareHub,SpiceJet,BOM,BLR,2026-09-09,2026-09-02 07:01:00,4246.58,2026-09-09 12:37:29,BOM-BLR,2026-09-02
4686,TripEase,SpiceJet,BOM,BLR,2026-09-09,2026-09-02 15:51:00,4480.21,2026-09-09 12:37:29,BOM-BLR,2026-09-02
4687,SkyFareHub,Vistara,BOM,BLR,2026-09-09,2026-09-02 14:11:00,5189.12,2026-09-09 12:37:29,BOM-BLR,2026-09-02
4688,TripEase,Vistara,BOM,BLR,2026-09-09,2026-09-02 18:43:00,5276.05,2026-09-09 12:37:29,BOM-BLR,2026-09-02
4689,SkyFareHub,Akasa Air,BOM,BLR,2026-09-09,2026-09-02 19:27:00,4708.34,2026-09-09 12:37:29,BOM-BLR,2026-09-02
4690,TripEase,Akasa Air,BOM,BLR,2026-09-09,2026-09-02 19:16:00,4377.4,2026-09-09 12:37:29,BOM-BLR,2026-09-02
4691,SkyFareHub,IndiGo,BOM,BLR,2026-09-16,2026-09-02 15:20:00,4537.23,2026-09-09 12:37:29,BOM-BLR,2026-09-02
4692,TripEase,IndiGo,BOM,BLR,2026-09-16,2026-09-02 20:21:00,4507.87,2026-09-09 12:37:29,BOM-BLR,2026-09-02
4693,SkyFareHub,Air India,BOM,BLR,2026-09-16,2026-09-02 20:50:00,4814.24,2026-09-09 12:37:29,BOM-BLR,2026-09-02
4694,TripEase,Air India,BOM,BLR,2026-09-16,2026-09-02 13:12:00,5197.34,2026-09-09 12:37:29,BOM-BLR,2026-09-02
4695,SkyFareHub,SpiceJet,BOM,BLR,2026-09-16,2026-09-02 06:27:00,4521.76,2026-09-09 12:37:29,BOM-BLR,2026-09-02
4696,TripEase,SpiceJet,BOM,BLR,2026-09-16,2026-09-02 17:16:00,4309.21,2026-09-09 12:37:29,BOM-BLR,2026-09-02
4697,SkyFareHub,Vistara,BOM,BLR,2026-09-16,2026-09-02 10:54:00,5503.43,2026-09-09 12:37:29,BOM-BLR,2026-09-02
4698,TripEase,Vistara,BOM,BLR,2026-09-16,2026-09-02 16:44:00,5400.57,2026-09-09 12:37:29,BOM-BLR,2026-09-02
4699,SkyFareHub,Akasa Air,BOM,BLR,2026-09-16,2026-09-02 16:38:00,4256.86,2026-09-09 12:37:29,BOM-BLR,2026-09-02
4700,TripEase,Akasa Air,BOM,BLR,2026-09-16,2026-09-02 07:00:00,4402.16,2026-09-09 12:37:29,BOM-BLR,2026-09-02
4701,SkyFareHub,IndiGo,BOM,BLR,2026-10-02,2026-09-02 11:54:00,4537.96,2026-09-09 12:37:29,BOM-BLR,2026-09-02
4702,TripEase,IndiGo,BOM,BLR,2026-10-02,2026-09-02 15:11:00,4225.44,2026-09-09 12:37:29,BOM-BLR,2026-09-02
4703,SkyFareHub,Air India,BOM,BLR,2026-10-02,2026-09-02 19:56:00,5038.82,2026-09-09 12:37:29,BOM-BLR,2026-09-02
4704,TripEase,Air India,BOM,BLR,2026-10-02,2026-09-02 15:25:00,4812.97,2026-09-09 12:37:29,BOM-BLR,2026-09-02
4705,SkyFareHub,SpiceJet,BOM,BLR,2026-10-02,2026-09-02 08:24:00,4032.12,2026-09-09 12:37:29,BOM-BLR,2026-09-02
4706,TripEase,SpiceJet,BOM,BLR,2026-10-02,2026-09-02 14:45:00,3936.57,2026-09-09 12:37:29,BOM-BLR,2026-09-02
4707,SkyFareHub,Vistara,BOM,BLR,2026-10-02,2026-09-02 22:52:00,5158.23,2026-09-09 12:37:29,BOM-BLR,2026-09-02
4708,TripEase,Vistara,BOM,BLR,2026-10-02,2026-09-02 22:40:00,5281.87,2026-09-09 12:37:29,BOM-BLR,2026-09-02
4709,SkyFareHub,Akasa Air,BOM,BLR,2026-10-02,2026-09-02 06:06:00,4138.25,2026-09-09 12:37:29,BOM-BLR,2026-09-02
4710,TripEase,Akasa Air,BOM,BLR,2026-10-02,2026-09-02 18:30:00,4285.33,2026-09-09 12:37:29,BOM-BLR,2026-09-02
4711,SkyFareHub,IndiGo,DEL,MAA,2026-09-09,2026-09-02 10:12:00,7011.47,2026-09-09 12:37:29,DEL-MAA,2026-09-02
4712,TripEase,IndiGo,DEL,MAA,2026-09-09,2026-09-02 17:28:00,6770.02,2026-09-09 12:37:29,DEL-MAA,2026-09-02
4713,SkyFareHub,Air India,DEL,MAA,2026-09-09,2026-09-02 14:28:00,7658.64,2026-09-09 12:37:29,DEL-MAA,2026-09-02
4714,TripEase,Air India,DEL,MAA,2026-09-09,2026-09-02 14:54:00,7120.19,2026-09-09 12:37:29,DEL-MAA,2026-09-02
4715,SkyFareHub,SpiceJet,DEL,MAA,2026-09-09,2026-09-02 08:09:00,6313.79,2026-09-09 12:37:29,DEL-MAA,2026-09-02
4716,TripEase,SpiceJet,DEL,MAA,2026-09-09,2026-09-02 07:13:00,6643.27,2026-09-09 12:37:29,DEL-MAA,2026-09-02
4717,SkyFareHub,Vistara,DEL,MAA,2026-09-09,2026-09-02 21:21:00,7598.17,2026-09-09 12:37:29,DEL-MAA,2026-09-02
4718,TripEase,Vistara,DEL,MAA,2026-09-09,2026-09-02 18:55:00,7466.8,2026-09-09 12:37:29,DEL-MAA,2026-09-02
4719,SkyFareHub,Akasa Air,DEL,MAA,2026-09-09,2026-09-02 17:52:00,6454.79,2026-09-09 12:37:29,DEL-MAA,2026-09-02
4720,TripEase,Akasa Air,DEL,MAA,2026-09-09,2026-09-02 14:32:00,6518.9,2026-09-09 12:37:29,DEL-MAA,2026-09-02
4721,SkyFareHub,IndiGo,DEL,MAA,2026-09-16,2026-09-02 13:32:00,6286.27,2026-09-09 12:37:29,DEL-MAA,2026-09-02
4722,TripEase,IndiGo,DEL,MAA,2026-09-16,2026-09-02 14:03:00,6414.92,2026-09-09 12:37:29,DEL-MAA,2026-09-02
4723,SkyFareHub,Air India,DEL,MAA,2026-09-16,2026-09-02 14:19:00,7056.9,2026-09-09 12:37:29,DEL-MAA,2026-09-02
4724,TripEase,Air India,DEL,MAA,2026-09-16,2026-09-02 20:21:00,7129.3,2026-09-09 12:37:29,DEL-MAA,2026-09-02
4725,SkyFareHub,SpiceJet,DEL,MAA,2026-09-16,2026-09-02 08:07:00,6534.93,2026-09-09 12:37:29,DEL-MAA,2026-09-02
4726,TripEase,SpiceJet,DEL,MAA,2026-09-16,2026-09-02 20:18:00,5979.16,2026-09-09 12:37:29,DEL-MAA,2026-09-02
4727,SkyFareHub,Vistara,DEL,MAA,2026-09-16,2026-09-02 21:43:00,7812.66,2026-09-09 12:37:29,DEL-MAA,2026-09-02
4728,TripEase,Vistara,DEL,MAA,2026-09-16,2026-09-02 08:28:00,7970.26,2026-09-09 12:37:29,DEL-MAA,2026-09-02
4729,SkyFareHub,Akasa Air,DEL,MAA,2026-09-16,2026-09-02 12:15:00,6481.0,2026-09-09 12:37:29,DEL-MAA,2026-09-02
4730,TripEase,Akasa Air,DEL,MAA,2026-09-16,2026-09-02 11:31:00,6547.5,2026-09-09 12:37:29,DEL-MAA,2026-09-02
4731,SkyFareHub,IndiGo,DEL,MAA,2026-10-02,2026-09-02 18:43:00,6101.13,2026-09-09 12:37:29,DEL-MAA,2026-09-02
4732,TripEase,IndiGo,DEL,MAA,2026-10-02,2026-09-02 21:22:00,6055.57,2026-09-09 12:37:29,DEL-MAA,2026-09-02
4733,SkyFareHub,Air India,DEL,MAA,2026-10-02,2026-09-02 07:51:00,7081.58,2026-09-09 12:37:29,DEL-MAA,2026-09-02
4734,TripEase,Air India,DEL,MAA,2026-10-02,2026-09-02 18:15:00,7134.75,2026-09-09 12:37:29,DEL-MAA,2026-09-02
4735,SkyFareHub,SpiceJet,DEL,MAA,2026-10-02,2026-09-02 12:02:00,6138.08,2026-09-09 12:37:29,DEL-MAA,2026-09-02
4736,TripEase,SpiceJet,DEL,MAA,2026-10-02,2026-09-02 13:20:00,6193.65,2026-09-09 12:37:29,DEL-MAA,2026-09-02
4737,SkyFareHub,Vistara,DEL,MAA,2026-10-02,2026-09-02 10:17:00,7476.48,2026-09-09 12:37:29,DEL-MAA,2026-09-02
4738,TripEase,Vistara,DEL,MAA,2026-10-02,2026-09-02 13:56:00,7300.02,2026-09-09 12:37:29,DEL-MAA,2026-09-02
4739,SkyFareHub,Akasa Air,DEL,MAA,2026-10-02,2026-09-02 09:32:00,5927.49,2026-09-09 12:37:29,DEL-MAA,2026-09-02
4740,TripEase,Akasa Air,DEL,MAA,2026-10-02,2026-09-02 20:30:00,6121.4,2026-09-09 12:37:29,DEL-MAA,2026-09-02
4741,SkyFareHub,IndiGo,BOM,MAA,2026-09-09,2026-09-02 08:53:00,5986.66,2026-09-09 12:37:29,BOM-MAA,2026-09-02
4742,TripEase,IndiGo,BOM,MAA,2026-09-09,2026-09-02 14:16:00,6118.61,2026-09-09 12:37:29,BOM-MAA,2026-09-02
4743,SkyFareHub,Air India,BOM,MAA,2026-09-09,2026-09-02 17:16:00,6396.43,2026-09-09 12:37:29,BOM-MAA,2026-09-02
4744,TripEase,Air India,BOM,MAA,2026-09-09,2026-09-02 12:52:00,6161.43,2026-09-09 12:37:29,BOM-MAA,2026-09-02
4745,SkyFareHub,SpiceJet,BOM,MAA,2026-09-09,2026-09-02 08:30:00,5648.93,2026-09-09 12:37:29,BOM-MAA,2026-09-02
4746,TripEase,SpiceJet,BOM,MAA,2026-09-09,2026-09-02 09:00:00,5630.55,2026-09-09 12:37:29,BOM-MAA,2026-09-02
4747,SkyFareHub,Vistara,BOM,MAA,2026-09-09,2026-09-02 16:15:00,7016.22,2026-09-09 12:37:29,BOM-MAA,2026-09-02
4748,TripEase,Vistara,BOM,MAA,2026-09-09,2026-09-02 20:32:00,6799.59,2026-09-09 12:37:29,BOM-MAA,2026-09-02
4749,SkyFareHub,Akasa Air,BOM,MAA,2026-09-09,2026-09-02 18:51:00,5720.43,2026-09-09 12:37:29,BOM-MAA,2026-09-02
4750,TripEase,Akasa Air,BOM,MAA,2026-09-09,2026-09-02 22:32:00,5883.97,2026-09-09 12:37:29,BOM-MAA,2026-09-02
4751,SkyFareHub,IndiGo,BOM,MAA,2026-09-16,2026-09-02 07:19:00,6160.63,2026-09-09 12:37:29,BOM-MAA,2026-09-02
4752,TripEase,IndiGo,BOM,MAA,2026-09-16,2026-09-02 10:53:00,6061.17,2026-09-09 12:37:29,BOM-MAA,2026-09-02
4753,SkyFareHub,Air India,BOM,MAA,2026-09-16,2026-09-02 20:43:00,6269.0,2026-09-09 12:37:29,BOM-MAA,2026-09-02
4754,TripEase,Air India,BOM,MAA,2026-09-16,2026-09-02 07:51:00,6134.11,2026-09-09 12:37:29,BOM-MAA,2026-09-02
4755,SkyFareHub,SpiceJet,BOM,MAA,2026-09-16,2026-09-02 18:45:00,5492.53,2026-09-09 12:37:29,BOM-MAA,2026-09-02
4756,TripEase,SpiceJet,BOM,MAA,2026-09-16,2026-09-02 12:53:00,5410.67,2026-09-09 12:37:29,BOM-MAA,2026-09-02
4757,SkyFareHub,Vistara,BOM,MAA,2026-09-16,2026-09-02 20:10:00,6697.83,2026-09-09 12:37:29,BOM-MAA,2026-09-02
4758,TripEase,Vistara,BOM,MAA,2026-09-16,2026-09-02 09:09:00,6683.53,2026-09-09 12:37:29,BOM-MAA,2026-09-02
4759,SkyFareHub,Akasa Air,BOM,MAA,2026-09-16,2026-09-02 21:01:00,6101.49,2026-09-09 12:37:29,BOM-MAA,2026-09-02
4760,TripEase,Akasa Air,BOM,MAA,2026-09-16,2026-09-02 12:11:00,5776.65,2026-09-09 12:37:29,BOM-MAA,2026-09-02
4761,SkyFareHub,IndiGo,BOM,MAA,2026-10-02,2026-09-02 07:45:00,5712.97,2026-09-09 12:37:29,BOM-MAA,2026-09-02
4762,TripEase,IndiGo,BOM,MAA,2026-10-02,2026-09-02 11:09:00,5880.82,2026-09-09 12:37:29,BOM-MAA,2026-09-02
4763,SkyFareHub,Air India,BOM,MAA,2026-10-02,2026-09-02 06:11:00,6086.38,2026-09-09 12:37:29,BOM-MAA,2026-09-02
4764,TripEase,Air India,BOM,MAA,2026-10-02,2026-09-02 06:04:00,6166.88,2026-09-09 12:37:29,BOM-MAA,2026-09-02
4765,SkyFareHub,SpiceJet,BOM,MAA,2026-10-02,2026-09-02 19:24:00,5461.12,2026-09-09 12:37:29,BOM-MAA,2026-09-02
4766,TripEase,SpiceJet,BOM,MAA,2026-10-02,2026-09-02 22:53:00,5381.42,2026-09-09 12:37:29,BOM-MAA,2026-09-02
4767,SkyFareHub,Vistara,BOM,MAA,2026-10-02,2026-09-02 21:45:00,6691.52,2026-09-09 12:37:29,BOM-MAA,2026-09-02
4768,TripEase,Vistara,BOM,MAA,2026-10-02,2026-09-02 08:52:00,6303.27,2026-09-09 12:37:29,BOM-MAA,2026-09-02
4769,SkyFareHub,Akasa Air,BOM,MAA,2026-10-02,2026-09-02 08:18:00,5396.44,2026-09-09 12:37:29,BOM-MAA,2026-09-02
4770,TripEase,Akasa Air,BOM,MAA,2026-10-02,2026-09-02 15:59:00,5409.77,2026-09-09 12:37:29,BOM-MAA,2026-09-02
4771,SkyFareHub,IndiGo,DEL,CCU,2026-09-09,2026-09-02 08:37:00,6200.89,2026-09-09 12:37:29,DEL-CCU,2026-09-02
4772,TripEase,IndiGo,DEL,CCU,2026-09-09,2026-09-02 21:17:00,6223.16,2026-09-09 12:37:29,DEL-CCU,2026-09-02
4773,SkyFareHub,Air India,DEL,CCU,2026-09-09,2026-09-02 10:12:00,6963.21,2026-09-09 12:37:29,DEL-CCU,2026-09-02
4774,TripEase,Air India,DEL,CCU,2026-09-09,2026-09-02 16:53:00,6762.71,2026-09-09 12:37:29,DEL-CCU,2026-09-02
4775,SkyFareHub,SpiceJet,DEL,CCU,2026-09-09,2026-09-02 06:12:00,6010.93,2026-09-09 12:37:29,DEL-CCU,2026-09-02
4776,TripEase,SpiceJet,DEL,CCU,2026-09-09,2026-09-02 20:53:00,6365.41,2026-09-09 12:37:29,DEL-CCU,2026-09-02
4777,SkyFareHub,Vistara,DEL,CCU,2026-09-09,2026-09-02 06:23:00,7681.58,2026-09-09 12:37:29,DEL-CCU,2026-09-02
4778,TripEase,Vistara,DEL,CCU,2026-09-09,2026-09-02 16:47:00,7439.31,2026-09-09 12:37:29,DEL-CCU,2026-09-02
4779,SkyFareHub,Akasa Air,DEL,CCU,2026-09-09,2026-09-02 08:21:00,6220.28,2026-09-09 12:37:29,DEL-CCU,2026-09-02
4780,TripEase,Akasa Air,DEL,CCU,2026-09-09,2026-09-02 19:27:00,6031.73,2026-09-09 12:37:29,DEL-CCU,2026-09-02
4781,SkyFareHub,IndiGo,DEL,CCU,2026-09-16,2026-09-02 19:17:00,6602.52,2026-09-09 12:37:29,DEL-CCU,2026-09-02
4782,TripEase,IndiGo,DEL,CCU,2026-09-16,2026-09-02 18:58:00,5910.97,2026-09-09 12:37:29,DEL-CCU,2026-09-02
4783,SkyFareHub,Air India,DEL,CCU,2026-09-16,2026-09-02 08:45:00,6884.57,2026-09-09 12:37:29,DEL-CCU,2026-09-02
4784,TripEase,Air India,DEL,CCU,2026-09-16,2026-09-02 13:18:00,7191.58,2026-09-09 12:37:29,DEL-CCU,2026-09-02
4785,SkyFareHub,SpiceJet,DEL,CCU,2026-09-16,2026-09-02 16:06:00,5727.98,2026-09-09 12:37:29,DEL-CCU,2026-09-02
4786,TripEase,SpiceJet,DEL,CCU,2026-09-16,2026-09-02 14:49:00,6051.41,2026-09-09 12:37:29,DEL-CCU,2026-09-02
4787,SkyFareHub,Vistara,DEL,CCU,2026-09-16,2026-09-02 06:23:00,7115.43,2026-09-09 12:37:29,DEL-CCU,2026-09-02
4788,TripEase,Vistara,DEL,CCU,2026-09-16,2026-09-02 19:26:00,7517.19,2026-09-09 12:37:29,DEL-CCU,2026-09-02
4789,SkyFareHub,Akasa Air,DEL,CCU,2026-09-16,2026-09-02 10:24:00,6059.8,2026-09-09 12:37:29,DEL-CCU,2026-09-02
4790,TripEase,Akasa Air,DEL,CCU,2026-09-16,2026-09-02 18:10:00,6153.19,2026-09-09 12:37:29,DEL-CCU,2026-09-02
4791,SkyFareHub,IndiGo,DEL,CCU,2026-10-02,2026-09-02 06:33:00,6023.93,2026-09-09 12:37:29,DEL-CCU,2026-09-02
4792,TripEase,IndiGo,DEL,CCU,2026-10-02,2026-09-02 22:57:00,5939.32,2026-09-09 12:37:29,DEL-CCU,2026-09-02
4793,SkyFareHub,Air India,DEL,CCU,2026-10-02,2026-09-02 22:43:00,6501.25,2026-09-09 12:37:29,DEL-CCU,2026-09-02
4794,TripEase,Air India,DEL,CCU,2026-10-02,2026-09-02 08:23:00,6659.38,2026-09-09 12:37:29,DEL-CCU,2026-09-02
4795,SkyFareHub,SpiceJet,DEL,CCU,2026-10-02,2026-09-02 19:11:00,5676.44,2026-09-09 12:37:29,DEL-CCU,2026-09-02
4796,TripEase,SpiceJet,DEL,CCU,2026-10-02,2026-09-02 20:57:00,5844.62,2026-09-09 12:37:29,DEL-CCU,2026-09-02
4797,SkyFareHub,Vistara,DEL,CCU,2026-10-02,2026-09-02 13:08:00,7019.58,2026-09-09 12:37:29,DEL-CCU,2026-09-02
4798,TripEase,Vistara,DEL,CCU,2026-10-02,2026-09-02 19:56:00,6565.81,2026-09-09 12:37:29,DEL-CCU,2026-09-02
4799,SkyFareHub,Akasa Air,DEL,CCU,2026-10-02,2026-09-02 20:54:00,6178.92,2026-09-09 12:37:29,DEL-CCU,2026-09-02
4800,TripEase,Akasa Air,DEL,CCU,2026-10-02,2026-09-02 11:24:00,6137.38,2026-09-09 12:37:29,DEL-CCU,2026-09-02
4801,SkyFareHub,IndiGo,BLR,HYD,2026-09-09,2026-09-02 06:48:00,3877.55,2026-09-09 12:37:29,BLR-HYD,2026-09-02
4802,TripEase,IndiGo,BLR,HYD,2026-09-09,2026-09-02 17:59:00,4149.75,2026-09-09 12:37:29,BLR-HYD,2026-09-02
4803,SkyFareHub,Air India,BLR,HYD,2026-09-09,2026-09-02 20:23:00,4000.18,2026-09-09 12:37:29,BLR-HYD,2026-09-02
4804,TripEase,Air India,BLR,HYD,2026-09-09,2026-09-02 09:29:00,4127.97,2026-09-09 12:37:29,BLR-HYD,2026-09-02
4805,SkyFareHub,SpiceJet,BLR,HYD,2026-09-09,2026-09-02 08:42:00,3670.79,2026-09-09 12:37:29,BLR-HYD,2026-09-02
4806,TripEase,SpiceJet,BLR,HYD,2026-09-09,2026-09-02 18:38:00,3792.68,2026-09-09 12:37:29,BLR-HYD,2026-09-02
4807,SkyFareHub,Vistara,BLR,HYD,2026-09-09,2026-09-02 10:17:00,4276.4,2026-09-09 12:37:29,BLR-HYD,2026-09-02
4808,TripEase,Vistara,BLR,HYD,2026-09-09,2026-09-02 18:08:00,4415.38,2026-09-09 12:37:29,BLR-HYD,2026-09-02
4809,SkyFareHub,Akasa Air,BLR,HYD,2026-09-09,2026-09-02 10:38:00,3706.66,2026-09-09 12:37:29,BLR-HYD,2026-09-02
4810,TripEase,Akasa Air,BLR,HYD,2026-09-09,2026-09-02 08:28:00,3896.71,2026-09-09 12:37:29,BLR-HYD,2026-09-02
4811,SkyFareHub,IndiGo,BLR,HYD,2026-09-16,2026-09-02 14:46:00,3771.74,2026-09-09 12:37:29,BLR-HYD,2026-09-02
4812,TripEase,IndiGo,BLR,HYD,2026-09-16,2026-09-02 10:06:00,3879.09,2026-09-09 12:37:29,BLR-HYD,2026-09-02
4813,SkyFareHub,Air India,BLR,HYD,2026-09-16,2026-09-02 15:23:00,4240.15,2026-09-09 12:37:29,BLR-HYD,2026-09-02
4814,TripEase,Air India,BLR,HYD,2026-09-16,2026-09-02 16:27:00,4249.86,2026-09-09 12:37:29,BLR-HYD,2026-09-02
4815,SkyFareHub,SpiceJet,BLR,HYD,2026-09-16,2026-09-02 10:08:00,3668.44,2026-09-09 12:37:29,BLR-HYD,2026-09-02
4816,TripEase,SpiceJet,BLR,HYD,2026-09-16,2026-09-02 06:45:00,3740.52,2026-09-09 12:37:29,BLR-HYD,2026-09-02
4817,SkyFareHub,Vistara,BLR,HYD,2026-09-16,2026-09-02 07:04:00,4584.19,2026-09-09 12:37:29,BLR-HYD,2026-09-02
4818,TripEase,Vistara,BLR,HYD,2026-09-16,2026-09-02 16:26:00,4413.19,2026-09-09 12:37:29,BLR-HYD,2026-09-02
4819,SkyFareHub,Akasa Air,BLR,HYD,2026-09-16,2026-09-02 11:13:00,3577.98,2026-09-09 12:37:29,BLR-HYD,2026-09-02
4820,TripEase,Akasa Air,BLR,HYD,2026-09-16,2026-09-02 21:11:00,3794.15,2026-09-09 12:37:29,BLR-HYD,2026-09-02
4821,SkyFareHub,IndiGo,BLR,HYD,2026-10-02,2026-09-02 16:56:00,3829.52,2026-09-09 12:37:29,BLR-HYD,2026-09-02
4822,TripEase,IndiGo,BLR,HYD,2026-10-02,2026-09-02 06:03:00,3865.08,2026-09-09 12:37:29,BLR-HYD,2026-09-02
4823,SkyFareHub,Air India,BLR,HYD,2026-10-02,2026-09-02 22:11:00,3905.61,2026-09-09 12:37:29,BLR-HYD,2026-09-02
4824,TripEase,Air India,BLR,HYD,2026-10-02,2026-09-02 20:15:00,3866.3,2026-09-09 12:37:29,BLR-HYD,2026-09-02
4825,SkyFareHub,SpiceJet,BLR,HYD,2026-10-02,2026-09-02 08:24:00,3536.61,2026-09-09 12:37:29,BLR-HYD,2026-09-02
4826,TripEase,SpiceJet,BLR,HYD,2026-10-02,2026-09-02 17:00:00,3682.19,2026-09-09 12:37:29,BLR-HYD,2026-09-02
4827,SkyFareHub,Vistara,BLR,HYD,2026-10-02,2026-09-02 17:35:00,4174.75,2026-09-09 12:37:29,BLR-HYD,2026-09-02
4828,TripEase,Vistara,BLR,HYD,2026-10-02,2026-09-02 07:05:00,4408.6,2026-09-09 12:37:29,BLR-HYD,2026-09-02
4829,SkyFareHub,Akasa Air,BLR,HYD,2026-10-02,2026-09-02 06:39:00,3483.45,2026-09-09 12:37:29,BLR-HYD,2026-09-02
4830,TripEase,Akasa Air,BLR,HYD,2026-10-02,2026-09-02 09:52:00,3521.37,2026-09-09 12:37:29,BLR-HYD,2026-09-02
4831,SkyFareHub,IndiGo,DEL,BOM,2026-09-10,2026-09-03 19:05:00,5689.32,2026-09-09 12:37:29,DEL-BOM,2026-09-03
4832,TripEase,IndiGo,DEL,BOM,2026-09-10,2026-09-03 17:14:00,5638.0,2026-09-09 12:37:29,DEL-BOM,2026-09-03
4833,SkyFareHub,Air India,DEL,BOM,2026-09-10,2026-09-03 20:03:00,6488.29,2026-09-09 12:37:29,DEL-BOM,2026-09-03
4834,TripEase,Air India,DEL,BOM,2026-09-10,2026-09-03 07:02:00,6159.08,2026-09-09 12:37:29,DEL-BOM,2026-09-03
4835,SkyFareHub,SpiceJet,DEL,BOM,2026-09-10,2026-09-03 16:43:00,5481.04,2026-09-09 12:37:29,DEL-BOM,2026-09-03
4836,TripEase,SpiceJet,DEL,BOM,2026-09-10,2026-09-03 14:57:00,5335.46,2026-09-09 12:37:29,DEL-BOM,2026-09-03
4837,SkyFareHub,Vistara,DEL,BOM,2026-09-10,2026-09-03 08:56:00,6829.38,2026-09-09 12:37:29,DEL-BOM,2026-09-03
4838,TripEase,Vistara,DEL,BOM,2026-09-10,2026-09-03 16:44:00,6647.2,2026-09-09 12:37:29,DEL-BOM,2026-09-03
4839,SkyFareHub,Akasa Air,DEL,BOM,2026-09-10,2026-09-03 10:51:00,5522.13,2026-09-09 12:37:29,DEL-BOM,2026-09-03
4840,TripEase,Akasa Air,DEL,BOM,2026-09-10,2026-09-03 12:55:00,5529.91,2026-09-09 12:37:29,DEL-BOM,2026-09-03
4841,SkyFareHub,IndiGo,DEL,BOM,2026-09-17,2026-09-03 14:17:00,5708.34,2026-09-09 12:37:29,DEL-BOM,2026-09-03
4842,TripEase,IndiGo,DEL,BOM,2026-09-17,2026-09-03 19:53:00,5894.32,2026-09-09 12:37:29,DEL-BOM,2026-09-03
4843,SkyFareHub,Air India,DEL,BOM,2026-09-17,2026-09-03 22:59:00,6327.72,2026-09-09 12:37:29,DEL-BOM,2026-09-03
4844,TripEase,Air India,DEL,BOM,2026-09-17,2026-09-03 15:51:00,5865.45,2026-09-09 12:37:29,DEL-BOM,2026-09-03
4845,SkyFareHub,SpiceJet,DEL,BOM,2026-09-17,2026-09-03 08:02:00,5245.18,2026-09-09 12:37:29,DEL-BOM,2026-09-03
4846,TripEase,SpiceJet,DEL,BOM,2026-09-17,2026-09-03 17:49:00,5072.18,2026-09-09 12:37:29,DEL-BOM,2026-09-03
4847,SkyFareHub,Vistara,DEL,BOM,2026-09-17,2026-09-03 13:43:00,6514.94,2026-09-09 12:37:29,DEL-BOM,2026-09-03
4848,TripEase,Vistara,DEL,BOM,2026-09-17,2026-09-03 15:13:00,6264.96,2026-09-09 12:37:29,DEL-BOM,2026-09-03
4849,SkyFareHub,Akasa Air,DEL,BOM,2026-09-17,2026-09-03 17:28:00,5729.46,2026-09-09 12:37:29,DEL-BOM,2026-09-03
4850,TripEase,Akasa Air,DEL,BOM,2026-09-17,2026-09-03 13:21:00,5412.39,2026-09-09 12:37:29,DEL-BOM,2026-09-03
4851,SkyFareHub,IndiGo,DEL,BOM,2026-10-03,2026-09-03 22:03:00,5463.64,2026-09-09 12:37:29,DEL-BOM,2026-09-03
4852,TripEase,IndiGo,DEL,BOM,2026-10-03,2026-09-03 19:02:00,5301.37,2026-09-09 12:37:29,DEL-BOM,2026-09-03
4853,SkyFareHub,Air India,DEL,BOM,2026-10-03,2026-09-03 13:45:00,5945.79,2026-09-09 12:37:29,DEL-BOM,2026-09-03
4854,TripEase,Air India,DEL,BOM,2026-10-03,2026-09-03 22:12:00,6218.84,2026-09-09 12:37:29,DEL-BOM,2026-09-03
4855,SkyFareHub,SpiceJet,DEL,BOM,2026-10-03,2026-09-03 16:51:00,5309.01,2026-09-09 12:37:29,DEL-BOM,2026-09-03
4856,TripEase,SpiceJet,DEL,BOM,2026-10-03,2026-09-03 15:25:00,5163.21,2026-09-09 12:37:29,DEL-BOM,2026-09-03
4857,SkyFareHub,Vistara,DEL,BOM,2026-10-03,2026-09-03 16:21:00,6450.23,2026-09-09 12:37:29,DEL-BOM,2026-09-03
4858,TripEase,Vistara,DEL,BOM,2026-10-03,2026-09-03 14:45:00,6123.94,2026-09-09 12:37:29,DEL-BOM,2026-09-03
4859,SkyFareHub,Akasa Air,DEL,BOM,2026-10-03,2026-09-03 16:22:00,5020.37,2026-09-09 12:37:29,DEL-BOM,2026-09-03
4860,TripEase,Akasa Air,DEL,BOM,2026-10-03,2026-09-03 11:13:00,5222.34,2026-09-09 12:37:29,DEL-BOM,2026-09-03
4861,SkyFareHub,IndiGo,DEL,BLR,2026-09-10,2026-09-03 06:38:00,6314.76,2026-09-09 12:37:29,DEL-BLR,2026-09-03
4862,TripEase,IndiGo,DEL,BLR,2026-09-10,2026-09-03 16:06:00,6128.95,2026-09-09 12:37:29,DEL-BLR,2026-09-03
4863,SkyFareHub,Air India,DEL,BLR,2026-09-10,2026-09-03 15:46:00,6500.13,2026-09-09 12:37:29,DEL-BLR,2026-09-03
4864,TripEase,Air India,DEL,BLR,2026-09-10,2026-09-03 09:56:00,6637.17,2026-09-09 12:37:29,DEL-BLR,2026-09-03
4865,SkyFareHub,SpiceJet,DEL,BLR,2026-09-10,2026-09-03 09:29:00,5921.49,2026-09-09 12:37:29,DEL-BLR,2026-09-03
4866,TripEase,SpiceJet,DEL,BLR,2026-09-10,2026-09-03 09:38:00,6174.94,2026-09-09 12:37:29,DEL-BLR,2026-09-03
4867,SkyFareHub,Vistara,DEL,BLR,2026-09-10,2026-09-03 16:51:00,7198.76,2026-09-09 12:37:29,DEL-BLR,2026-09-03
4868,TripEase,Vistara,DEL,BLR,2026-09-10,2026-09-03 18:03:00,7199.42,2026-09-09 12:37:29,DEL-BLR,2026-09-03
4869,SkyFareHub,Akasa Air,DEL,BLR,2026-09-10,2026-09-03 06:25:00,5984.95,2026-09-09 12:37:29,DEL-BLR,2026-09-03
4870,TripEase,Akasa Air,DEL,BLR,2026-09-10,2026-09-03 13:20:00,6069.45,2026-09-09 12:37:29,DEL-BLR,2026-09-03
4871,SkyFareHub,IndiGo,DEL,BLR,2026-09-17,2026-09-03 08:43:00,6423.16,2026-09-09 12:37:29,DEL-BLR,2026-09-03
4872,TripEase,IndiGo,DEL,BLR,2026-09-17,2026-09-03 08:42:00,5768.67,2026-09-09 12:37:29,DEL-BLR,2026-09-03
4873,SkyFareHub,Air India,DEL,BLR,2026-09-17,2026-09-03 16:50:00,6381.09,2026-09-09 12:37:29,DEL-BLR,2026-09-03
4874,TripEase,Air India,DEL,BLR,2026-09-17,2026-09-03 07:00:00,6779.5,2026-09-09 12:37:29,DEL-BLR,2026-09-03
4875,SkyFareHub,SpiceJet,DEL,BLR,2026-09-17,2026-09-03 07:05:00,5616.54,2026-09-09 12:37:29,DEL-BLR,2026-09-03
4876,TripEase,SpiceJet,DEL,BLR,2026-09-17,2026-09-03 11:58:00,5663.57,2026-09-09 12:37:29,DEL-BLR,2026-09-03
4877,SkyFareHub,Vistara,DEL,BLR,2026-09-17,2026-09-03 14:28:00,7435.41,2026-09-09 12:37:29,DEL-BLR,2026-09-03
4878,TripEase,Vistara,DEL,BLR,2026-09-17,2026-09-03 07:28:00,7150.7,2026-09-09 12:37:29,DEL-BLR,2026-09-03
4879,SkyFareHub,Akasa Air,DEL,BLR,2026-09-17,2026-09-03 21:06:00,5985.22,2026-09-09 12:37:29,DEL-BLR,2026-09-03
4880,TripEase,Akasa Air,DEL,BLR,2026-09-17,2026-09-03 10:29:00,6124.47,2026-09-09 12:37:29,DEL-BLR,2026-09-03
4881,SkyFareHub,IndiGo,DEL,BLR,2026-10-03,2026-09-03 17:45:00,5793.57,2026-09-09 12:37:29,DEL-BLR,2026-09-03
4882,TripEase,IndiGo,DEL,BLR,2026-10-03,2026-09-03 06:58:00,6085.03,2026-09-09 12:37:29,DEL-BLR,2026-09-03
4883,SkyFareHub,Air India,DEL,BLR,2026-10-03,2026-09-03 08:03:00,6339.63,2026-09-09 12:37:29,DEL-BLR,2026-09-03
4884,TripEase,Air India,DEL,BLR,2026-10-03,2026-09-03 12:19:00,6089.69,2026-09-09 12:37:29,DEL-BLR,2026-09-03
4885,SkyFareHub,SpiceJet,DEL,BLR,2026-10-03,2026-09-03 09:00:00,5571.21,2026-09-09 12:37:29,DEL-BLR,2026-09-03
4886,TripEase,SpiceJet,DEL,BLR,2026-10-03,2026-09-03 07:56:00,5387.09,2026-09-09 12:37:29,DEL-BLR,2026-09-03
4887,SkyFareHub,Vistara,DEL,BLR,2026-10-03,2026-09-03 15:04:00,6454.22,2026-09-09 12:37:29,DEL-BLR,2026-09-03
4888,TripEase,Vistara,DEL,BLR,2026-10-03,2026-09-03 09:14:00,6480.42,2026-09-09 12:37:29,DEL-BLR,2026-09-03
4889,SkyFareHub,Akasa Air,DEL,BLR,2026-10-03,2026-09-03 11:34:00,5899.9,2026-09-09 12:37:29,DEL-BLR,2026-09-03
4890,TripEase,Akasa Air,DEL,BLR,2026-10-03,2026-09-03 13:58:00,5755.96,2026-09-09 12:37:29,DEL-BLR,2026-09-03
4891,SkyFareHub,IndiGo,BOM,BLR,2026-09-10,2026-09-03 10:02:00,4619.92,2026-09-09 12:37:29,BOM-BLR,2026-09-03
4892,TripEase,IndiGo,BOM,BLR,2026-09-10,2026-09-03 07:26:00,4476.84,2026-09-09 12:37:29,BOM-BLR,2026-09-03
4893,SkyFareHub,Air India,BOM,BLR,2026-09-10,2026-09-03 06:41:00,5227.14,2026-09-09 12:37:29,BOM-BLR,2026-09-03
4894,TripEase,Air India,BOM,BLR,2026-09-10,2026-09-03 07:04:00,4848.35,2026-09-09 12:37:29,BOM-BLR,2026-09-03
4895,SkyFareHub,SpiceJet,BOM,BLR,2026-09-10,2026-09-03 21:16:00,4489.77,2026-09-09 12:37:29,BOM-BLR,2026-09-03
4896,TripEase,SpiceJet,BOM,BLR,2026-09-10,2026-09-03 13:30:00,4306.46,2026-09-09 12:37:29,BOM-BLR,2026-09-03
4897,SkyFareHub,Vistara,BOM,BLR,2026-09-10,2026-09-03 10:45:00,5408.11,2026-09-09 12:37:29,BOM-BLR,2026-09-03
4898,TripEase,Vistara,BOM,BLR,2026-09-10,2026-09-03 12:36:00,5421.53,2026-09-09 12:37:29,BOM-BLR,2026-09-03
4899,SkyFareHub,Akasa Air,BOM,BLR,2026-09-10,2026-09-03 17:55:00,4582.04,2026-09-09 12:37:29,BOM-BLR,2026-09-03
4900,TripEase,Akasa Air,BOM,BLR,2026-09-10,2026-09-03 21:29:00,4275.01,2026-09-09 12:37:29,BOM-BLR,2026-09-03
4901,SkyFareHub,IndiGo,BOM,BLR,2026-09-17,2026-09-03 11:21:00,4632.74,2026-09-09 12:37:29,BOM-BLR,2026-09-03
4902,TripEase,IndiGo,BOM,BLR,2026-09-17,2026-09-03 17:53:00,4441.59,2026-09-09 12:37:29,BOM-BLR,2026-09-03
4903,SkyFareHub,Air India,BOM,BLR,2026-09-17,2026-09-03 18:20:00,4753.13,2026-09-09 12:37:29,BOM-BLR,2026-09-03
4904,TripEase,Air India,BOM,BLR,2026-09-17,2026-09-03 11:18:00,4970.19,2026-09-09 12:37:29,BOM-BLR,2026-09-03
4905,SkyFareHub,SpiceJet,BOM,BLR,2026-09-17,2026-09-03 11:37:00,4225.47,2026-09-09 12:37:29,BOM-BLR,2026-09-03
4906,TripEase,SpiceJet,BOM,BLR,2026-09-17,2026-09-03 10:14:00,4118.4,2026-09-09 12:37:29,BOM-BLR,2026-09-03
4907,SkyFareHub,Vistara,BOM,BLR,2026-09-17,2026-09-03 09:04:00,5330.62,2026-09-09 12:37:29,BOM-BLR,2026-09-03
4908,TripEase,Vistara,BOM,BLR,2026-09-17,2026-09-03 07:41:00,5155.99,2026-09-09 12:37:29,BOM-BLR,2026-09-03
4909,SkyFareHub,Akasa Air,BOM,BLR,2026-09-17,2026-09-03 07:22:00,4564.27,2026-09-09 12:37:29,BOM-BLR,2026-09-03
4910,TripEase,Akasa Air,BOM,BLR,2026-09-17,2026-09-03 19:32:00,4390.34,2026-09-09 12:37:29,BOM-BLR,2026-09-03
4911,SkyFareHub,IndiGo,BOM,BLR,2026-10-03,2026-09-03 09:05:00,4214.59,2026-09-09 12:37:29,BOM-BLR,2026-09-03
4912,TripEase,IndiGo,BOM,BLR,2026-10-03,2026-09-03 10:39:00,4375.31,2026-09-09 12:37:29,BOM-BLR,2026-09-03
4913,SkyFareHub,Air India,BOM,BLR,2026-10-03,2026-09-03 16:59:00,4886.76,2026-09-09 12:37:29,BOM-BLR,2026-09-03
4914,TripEase,Air India,BOM,BLR,2026-10-03,2026-09-03 20:20:00,4895.93,2026-09-09 12:37:29,BOM-BLR,2026-09-03
4915,SkyFareHub,SpiceJet,BOM,BLR,2026-10-03,2026-09-03 08:10:00,4421.13,2026-09-09 12:37:29,BOM-BLR,2026-09-03
4916,TripEase,SpiceJet,BOM,BLR,2026-10-03,2026-09-03 19:19:00,4264.83,2026-09-09 12:37:29,BOM-BLR,2026-09-03
4917,SkyFareHub,Vistara,BOM,BLR,2026-10-03,2026-09-03 13:26:00,4821.74,2026-09-09 12:37:29,BOM-BLR,2026-09-03
4918,TripEase,Vistara,BOM,BLR,2026-10-03,2026-09-03 06:56:00,5282.6,2026-09-09 12:37:29,BOM-BLR,2026-09-03
4919,SkyFareHub,Akasa Air,BOM,BLR,2026-10-03,2026-09-03 17:33:00,4354.19,2026-09-09 12:37:29,BOM-BLR,2026-09-03
4920,TripEase,Akasa Air,BOM,BLR,2026-10-03,2026-09-03 20:56:00,4127.59,2026-09-09 12:37:29,BOM-BLR,2026-09-03
4921,SkyFareHub,IndiGo,DEL,MAA,2026-09-10,2026-09-03 06:58:00,6497.28,2026-09-09 12:37:29,DEL-MAA,2026-09-03
4922,TripEase,IndiGo,DEL,MAA,2026-09-10,2026-09-03 17:53:00,6519.57,2026-09-09 12:37:29,DEL-MAA,2026-09-03
4923,SkyFareHub,Air India,DEL,MAA,2026-09-10,2026-09-03 06:11:00,7148.06,2026-09-09 12:37:29,DEL-MAA,2026-09-03
4924,TripEase,Air India,DEL,MAA,2026-09-10,2026-09-03 11:06:00,7157.91,2026-09-09 12:37:29,DEL-MAA,2026-09-03
4925,SkyFareHub,SpiceJet,DEL,MAA,2026-09-10,2026-09-03 11:04:00,6494.64,2026-09-09 12:37:29,DEL-MAA,2026-09-03
4926,TripEase,SpiceJet,DEL,MAA,2026-09-10,2026-09-03 09:33:00,6460.11,2026-09-09 12:37:29,DEL-MAA,2026-09-03
4927,SkyFareHub,Vistara,DEL,MAA,2026-09-10,2026-09-03 06:43:00,7760.9,2026-09-09 12:37:29,DEL-MAA,2026-09-03
4928,TripEase,Vistara,DEL,MAA,2026-09-10,2026-09-03 09:49:00,7450.46,2026-09-09 12:37:29,DEL-MAA,2026-09-03
4929,SkyFareHub,Akasa Air,DEL,MAA,2026-09-10,2026-09-03 17:21:00,6285.64,2026-09-09 12:37:29,DEL-MAA,2026-09-03
4930,TripEase,Akasa Air,DEL,MAA,2026-09-10,2026-09-03 16:36:00,6375.23,2026-09-09 12:37:29,DEL-MAA,2026-09-03
4931,SkyFareHub,IndiGo,DEL,MAA,2026-09-17,2026-09-03 21:10:00,6826.38,2026-09-09 12:37:29,DEL-MAA,2026-09-03
4932,TripEase,IndiGo,DEL,MAA,2026-09-17,2026-09-03 22:02:00,6565.5,2026-09-09 12:37:29,DEL-MAA,2026-09-03
4933,SkyFareHub,Air India,DEL,MAA,2026-09-17,2026-09-03 16:58:00,7374.96,2026-09-09 12:37:29,DEL-MAA,2026-09-03
4934,TripEase,Air India,DEL,MAA,2026-09-17,2026-09-03 12:04:00,7012.37,2026-09-09 12:37:29,DEL-MAA,2026-09-03
4935,SkyFareHub,SpiceJet,DEL,MAA,2026-09-17,2026-09-03 10:32:00,6264.61,2026-09-09 12:37:29,DEL-MAA,2026-09-03
4936,TripEase,SpiceJet,DEL,MAA,2026-09-17,2026-09-03 11:51:00,6485.56,2026-09-09 12:37:29,DEL-MAA,2026-09-03
4937,SkyFareHub,Vistara,DEL,MAA,2026-09-17,2026-09-03 15:55:00,7540.11,2026-09-09 12:37:29,DEL-MAA,2026-09-03
4938,TripEase,Vistara,DEL,MAA,2026-09-17,2026-09-03 22:08:00,7155.0,2026-09-09 12:37:29,DEL-MAA,2026-09-03
4939,SkyFareHub,Akasa Air,DEL,MAA,2026-09-17,2026-09-03 11:00:00,6347.47,2026-09-09 12:37:29,DEL-MAA,2026-09-03
4940,TripEase,Akasa Air,DEL,MAA,2026-09-17,2026-09-03 15:34:00,6210.73,2026-09-09 12:37:29,DEL-MAA,2026-09-03
4941,SkyFareHub,IndiGo,DEL,MAA,2026-10-03,2026-09-03 13:08:00,6373.83,2026-09-09 12:37:29,DEL-MAA,2026-09-03
4942,TripEase,IndiGo,DEL,MAA,2026-10-03,2026-09-03 14:05:00,6351.65,2026-09-09 12:37:29,DEL-MAA,2026-09-03
4943,SkyFareHub,Air India,DEL,MAA,2026-10-03,2026-09-03 14:41:00,6784.44,2026-09-09 12:37:29,DEL-MAA,2026-09-03
4944,TripEase,Air India,DEL,MAA,2026-10-03,2026-09-03 22:47:00,6600.45,2026-09-09 12:37:29,DEL-MAA,2026-09-03
4945,SkyFareHub,SpiceJet,DEL,MAA,2026-10-03,2026-09-03 17:36:00,5862.2,2026-09-09 12:37:29,DEL-MAA,2026-09-03
4946,TripEase,SpiceJet,DEL,MAA,2026-10-03,2026-09-03 06:43:00,6019.74,2026-09-09 12:37:29,DEL-MAA,2026-09-03
4947,SkyFareHub,Vistara,DEL,MAA,2026-10-03,2026-09-03 06:08:00,7197.16,2026-09-09 12:37:29,DEL-MAA,2026-09-03
4948,TripEase,Vistara,DEL,MAA,2026-10-03,2026-09-03 07:17:00,6958.67,2026-09-09 12:37:29,DEL-MAA,2026-09-03
4949,SkyFareHub,Akasa Air,DEL,MAA,2026-10-03,2026-09-03 13:54:00,6498.81,2026-09-09 12:37:29,DEL-MAA,2026-09-03
4950,TripEase,Akasa Air,DEL,MAA,2026-10-03,2026-09-03 21:22:00,6106.36,2026-09-09 12:37:29,DEL-MAA,2026-09-03
4951,SkyFareHub,IndiGo,BOM,MAA,2026-09-10,2026-09-03 09:15:00,6024.91,2026-09-09 12:37:29,BOM-MAA,2026-09-03
4952,TripEase,IndiGo,BOM,MAA,2026-09-10,2026-09-03 10:32:00,5820.03,2026-09-09 12:37:29,BOM-MAA,2026-09-03
4953,SkyFareHub,Air India,BOM,MAA,2026-09-10,2026-09-03 07:26:00,6195.94,2026-09-09 12:37:29,BOM-MAA,2026-09-03
4954,TripEase,Air India,BOM,MAA,2026-09-10,2026-09-03 07:22:00,6224.99,2026-09-09 12:37:29,BOM-MAA,2026-09-03
4955,SkyFareHub,SpiceJet,BOM,MAA,2026-09-10,2026-09-03 20:29:00,5821.79,2026-09-09 12:37:29,BOM-MAA,2026-09-03
4956,TripEase,SpiceJet,BOM,MAA,2026-09-10,2026-09-03 09:39:00,5638.12,2026-09-09 12:37:29,BOM-MAA,2026-09-03
4957,SkyFareHub,Vistara,BOM,MAA,2026-09-10,2026-09-03 08:43:00,6758.0,2026-09-09 12:37:29,BOM-MAA,2026-09-03
4958,TripEase,Vistara,BOM,MAA,2026-09-10,2026-09-03 08:26:00,6486.86,2026-09-09 12:37:29,BOM-MAA,2026-09-03
4959,SkyFareHub,Akasa Air,BOM,MAA,2026-09-10,2026-09-03 08:30:00,6005.23,2026-09-09 12:37:29,BOM-MAA,2026-09-03
4960,TripEase,Akasa Air,BOM,MAA,2026-09-10,2026-09-03 07:55:00,5844.88,2026-09-09 12:37:29,BOM-MAA,2026-09-03
4961,SkyFareHub,IndiGo,BOM,MAA,2026-09-17,2026-09-03 22:13:00,6145.14,2026-09-09 12:37:29,BOM-MAA,2026-09-03
4962,TripEase,IndiGo,BOM,MAA,2026-09-17,2026-09-03 14:15:00,5827.06,2026-09-09 12:37:29,BOM-MAA,2026-09-03
4963,SkyFareHub,Air India,BOM,MAA,2026-09-17,2026-09-03 14:04:00,6645.49,2026-09-09 12:37:29,BOM-MAA,2026-09-03
4964,TripEase,Air India,BOM,MAA,2026-09-17,2026-09-03 10:36:00,6398.24,2026-09-09 12:37:29,BOM-MAA,2026-09-03
4965,SkyFareHub,SpiceJet,BOM,MAA,2026-09-17,2026-09-03 09:26:00,5546.68,2026-09-09 12:37:29,BOM-MAA,2026-09-03
4966,TripEase,SpiceJet,BOM,MAA,2026-09-17,2026-09-03 17:25:00,5605.04,2026-09-09 12:37:29,BOM-MAA,2026-09-03
4967,SkyFareHub,Vistara,BOM,MAA,2026-09-17,2026-09-03 19:53:00,6769.26,2026-09-09 12:37:29,BOM-MAA,2026-09-03
4968,TripEase,Vistara,BOM,MAA,2026-09-17,2026-09-03 07:24:00,7003.47,2026-09-09 12:37:29,BOM-MAA,2026-09-03
4969,SkyFareHub,Akasa Air,BOM,MAA,2026-09-17,2026-09-03 10:05:00,5570.29,2026-09-09 12:37:29,BOM-MAA,2026-09-03
4970,TripEase,Akasa Air,BOM,MAA,2026-09-17,2026-09-03 17:23:00,5865.48,2026-09-09 12:37:29,BOM-MAA,2026-09-03
4971,SkyFareHub,IndiGo,BOM,MAA,2026-10-03,2026-09-03 14:19:00,5538.43,2026-09-09 12:37:29,BOM-MAA,2026-09-03
4972,TripEase,IndiGo,BOM,MAA,2026-10-03,2026-09-03 19:25:00,5762.5,2026-09-09 12:37:29,BOM-MAA,2026-09-03
4973,SkyFareHub,Air India,BOM,MAA,2026-10-03,2026-09-03 12:45:00,6473.49,2026-09-09 12:37:29,BOM-MAA,2026-09-03
4974,TripEase,Air India,BOM,MAA,2026-10-03,2026-09-03 06:19:00,6001.73,2026-09-09 12:37:29,BOM-MAA,2026-09-03
4975,SkyFareHub,SpiceJet,BOM,MAA,2026-10-03,2026-09-03 20:12:00,5449.71,2026-09-09 12:37:29,BOM-MAA,2026-09-03
4976,TripEase,SpiceJet,BOM,MAA,2026-10-03,2026-09-03 10:27:00,5157.26,2026-09-09 12:37:29,BOM-MAA,2026-09-03
4977,SkyFareHub,Vistara,BOM,MAA,2026-10-03,2026-09-03 15:09:00,6618.16,2026-09-09 12:37:29,BOM-MAA,2026-09-03
4978,TripEase,Vistara,BOM,MAA,2026-10-03,2026-09-03 10:58:00,6552.44,2026-09-09 12:37:29,BOM-MAA,2026-09-03
4979,SkyFareHub,Akasa Air,BOM,MAA,2026-10-03,2026-09-03 16:17:00,5633.79,2026-09-09 12:37:29,BOM-MAA,2026-09-03
4980,TripEase,Akasa Air,BOM,MAA,2026-10-03,2026-09-03 22:54:00,5484.5,2026-09-09 12:37:29,BOM-MAA,2026-09-03
4981,SkyFareHub,IndiGo,DEL,CCU,2026-09-10,2026-09-03 07:34:00,6559.31,2026-09-09 12:37:29,DEL-CCU,2026-09-03
4982,TripEase,IndiGo,DEL,CCU,2026-09-10,2026-09-03 09:47:00,6697.06,2026-09-09 12:37:29,DEL-CCU,2026-09-03
4983,SkyFareHub,Air India,DEL,CCU,2026-09-10,2026-09-03 13:46:00,6946.01,2026-09-09 12:37:29,DEL-CCU,2026-09-03
4984,TripEase,Air India,DEL,CCU,2026-09-10,2026-09-03 08:42:00,6945.0,2026-09-09 12:37:29,DEL-CCU,2026-09-03
4985,SkyFareHub,SpiceJet,DEL,CCU,2026-09-10,2026-09-03 14:14:00,6199.64,2026-09-09 12:37:29,DEL-CCU,2026-09-03
4986,TripEase,SpiceJet,DEL,CCU,2026-09-10,2026-09-03 13:56:00,5879.55,2026-09-09 12:37:29,DEL-CCU,2026-09-03
4987,SkyFareHub,Vistara,DEL,CCU,2026-09-10,2026-09-03 15:29:00,7354.85,2026-09-09 12:37:29,DEL-CCU,2026-09-03
4988,TripEase,Vistara,DEL,CCU,2026-09-10,2026-09-03 17:42:00,7505.59,2026-09-09 12:37:29,DEL-CCU,2026-09-03
4989,SkyFareHub,Akasa Air,DEL,CCU,2026-09-10,2026-09-03 13:15:00,6003.92,2026-09-09 12:37:29,DEL-CCU,2026-09-03
4990,TripEase,Akasa Air,DEL,CCU,2026-09-10,2026-09-03 07:51:00,5982.12,2026-09-09 12:37:29,DEL-CCU,2026-09-03
4991,SkyFareHub,IndiGo,DEL,CCU,2026-09-17,2026-09-03 17:54:00,6248.87,2026-09-09 12:37:29,DEL-CCU,2026-09-03
4992,TripEase,IndiGo,DEL,CCU,2026-09-17,2026-09-03 06:23:00,6398.07,2026-09-09 12:37:29,DEL-CCU,2026-09-03
4993,SkyFareHub,Air India,DEL,CCU,2026-09-17,2026-09-03 20:49:00,6984.83,2026-09-09 12:37:29,DEL-CCU,2026-09-03
4994,TripEase,Air India,DEL,CCU,2026-09-17,2026-09-03 14:31:00,7112.7,2026-09-09 12:37:29,DEL-CCU,2026-09-03
4995,SkyFareHub,SpiceJet,DEL,CCU,2026-09-17,2026-09-03 14:46:00,5899.62,2026-09-09 12:37:29,DEL-CCU,2026-09-03
4996,TripEase,SpiceJet,DEL,CCU,2026-09-17,2026-09-03 16:12:00,6272.54,2026-09-09 12:37:29,DEL-CCU,2026-09-03
4997,SkyFareHub,Vistara,DEL,CCU,2026-09-17,2026-09-03 17:36:00,7065.83,2026-09-09 12:37:29,DEL-CCU,2026-09-03
4998,TripEase,Vistara,DEL,CCU,2026-09-17,2026-09-03 18:24:00,7399.62,2026-09-09 12:37:29,DEL-CCU,2026-09-03
4999,SkyFareHub,Akasa Air,DEL,CCU,2026-09-17,2026-09-03 22:24:00,6369.8,2026-09-09 12:37:29,DEL-CCU,2026-09-03
5000,TripEase,Akasa Air,DEL,CCU,2026-09-17,2026-09-03 12:57:00,6189.9,2026-09-09 12:37:29,DEL-CCU,2026-09-03
5001,SkyFareHub,IndiGo,DEL,CCU,2026-10-03,2026-09-03 16:18:00,5843.86,2026-09-09 12:37:29,DEL-CCU,2026-09-03
5002,TripEase,IndiGo,DEL,CCU,2026-10-03,2026-09-03 06:36:00,6054.81,2026-09-09 12:37:29,DEL-CCU,2026-09-03
5003,SkyFareHub,Air India,DEL,CCU,2026-10-03,2026-09-03 15:32:00,6639.19,2026-09-09 12:37:29,DEL-CCU,2026-09-03
5004,TripEase,Air India,DEL,CCU,2026-10-03,2026-09-03 18:38:00,6313.55,2026-09-09 12:37:29,DEL-CCU,2026-09-03
5005,SkyFareHub,SpiceJet,DEL,CCU,2026-10-03,2026-09-03 17:36:00,5733.94,2026-09-09 12:37:29,DEL-CCU,2026-09-03
5006,TripEase,SpiceJet,DEL,CCU,2026-10-03,2026-09-03 20:11:00,5676.11,2026-09-09 12:37:29,DEL-CCU,2026-09-03
5007,SkyFareHub,Vistara,DEL,CCU,2026-10-03,2026-09-03 06:29:00,6981.71,2026-09-09 12:37:29,DEL-CCU,2026-09-03
5008,TripEase,Vistara,DEL,CCU,2026-10-03,2026-09-03 13:23:00,7134.74,2026-09-09 12:37:29,DEL-CCU,2026-09-03
5009,SkyFareHub,Akasa Air,DEL,CCU,2026-10-03,2026-09-03 09:17:00,6084.82,2026-09-09 12:37:29,DEL-CCU,2026-09-03
5010,TripEase,Akasa Air,DEL,CCU,2026-10-03,2026-09-03 15:03:00,5637.2,2026-09-09 12:37:29,DEL-CCU,2026-09-03
5011,SkyFareHub,IndiGo,BLR,HYD,2026-09-10,2026-09-03 12:15:00,4188.22,2026-09-09 12:37:29,BLR-HYD,2026-09-03
5012,TripEase,IndiGo,BLR,HYD,2026-09-10,2026-09-03 19:52:00,3936.31,2026-09-09 12:37:29,BLR-HYD,2026-09-03
5013,SkyFareHub,Air India,BLR,HYD,2026-09-10,2026-09-03 15:13:00,4179.39,2026-09-09 12:37:29,BLR-HYD,2026-09-03
5014,TripEase,Air India,BLR,HYD,2026-09-10,2026-09-03 19:14:00,4200.2,2026-09-09 12:37:29,BLR-HYD,2026-09-03
5015,SkyFareHub,SpiceJet,BLR,HYD,2026-09-10,2026-09-03 09:58:00,3766.49,2026-09-09 12:37:29,BLR-HYD,2026-09-03
5016,TripEase,SpiceJet,BLR,HYD,2026-09-10,2026-09-03 09:31:00,3674.91,2026-09-09 12:37:29,BLR-HYD,2026-09-03
5017,SkyFareHub,Vistara,BLR,HYD,2026-09-10,2026-09-03 11:09:00,4760.0,2026-09-09 12:37:29,BLR-HYD,2026-09-03
5018,TripEase,Vistara,BLR,HYD,2026-09-10,2026-09-03 20:05:00,4555.92,2026-09-09 12:37:29,BLR-HYD,2026-09-03
5019,SkyFareHub,Akasa Air,BLR,HYD,2026-09-10,2026-09-03 16:10:00,3947.11,2026-09-09 12:37:29,BLR-HYD,2026-09-03
5020,TripEase,Akasa Air,BLR,HYD,2026-09-10,2026-09-03 14:47:00,3790.85,2026-09-09 12:37:29,BLR-HYD,2026-09-03
5021,SkyFareHub,IndiGo,BLR,HYD,2026-09-17,2026-09-03 22:51:00,3976.46,2026-09-09 12:37:29,BLR-HYD,2026-09-03
5022,TripEase,IndiGo,BLR,HYD,2026-09-17,2026-09-03 21:03:00,3803.11,2026-09-09 12:37:29,BLR-HYD,2026-09-03
5023,SkyFareHub,Air India,BLR,HYD,2026-09-17,2026-09-03 11:55:00,3972.62,2026-09-09 12:37:29,BLR-HYD,2026-09-03
5024,TripEase,Air India,BLR,HYD,2026-09-17,2026-09-03 06:44:00,4307.63,2026-09-09 12:37:29,BLR-HYD,2026-09-03
5025,SkyFareHub,SpiceJet,BLR,HYD,2026-09-17,2026-09-03 10:14:00,3749.86,2026-09-09 12:37:29,BLR-HYD,2026-09-03
5026,TripEase,SpiceJet,BLR,HYD,2026-09-17,2026-09-03 10:36:00,3786.77,2026-09-09 12:37:29,BLR-HYD,2026-09-03
5027,SkyFareHub,Vistara,BLR,HYD,2026-09-17,2026-09-03 19:12:00,4473.42,2026-09-09 12:37:29,BLR-HYD,2026-09-03
5028,TripEase,Vistara,BLR,HYD,2026-09-17,2026-09-03 14:58:00,4208.6,2026-09-09 12:37:29,BLR-HYD,2026-09-03
5029,SkyFareHub,Akasa Air,BLR,HYD,2026-09-17,2026-09-03 17:52:00,3695.48,2026-09-09 12:37:29,BLR-HYD,2026-09-03
5030,TripEase,Akasa Air,BLR,HYD,2026-09-17,2026-09-03 08:01:00,3635.28,2026-09-09 12:37:29,BLR-HYD,2026-09-03
5031,SkyFareHub,IndiGo,BLR,HYD,2026-10-03,2026-09-03 22:42:00,3840.22,2026-09-09 12:37:29,BLR-HYD,2026-09-03
5032,TripEase,IndiGo,BLR,HYD,2026-10-03,2026-09-03 10:30:00,3782.8,2026-09-09 12:37:29,BLR-HYD,2026-09-03
5033,SkyFareHub,Air India,BLR,HYD,2026-10-03,2026-09-03 10:04:00,4078.51,2026-09-09 12:37:29,BLR-HYD,2026-09-03
5034,TripEase,Air India,BLR,HYD,2026-10-03,2026-09-03 12:07:00,3935.95,2026-09-09 12:37:29,BLR-HYD,2026-09-03
5035,SkyFareHub,SpiceJet,BLR,HYD,2026-10-03,2026-09-03 13:36:00,3555.9,2026-09-09 12:37:29,BLR-HYD,2026-09-03
5036,TripEase,SpiceJet,BLR,HYD,2026-10-03,2026-09-03 12:48:00,3529.24,2026-09-09 12:37:29,BLR-HYD,2026-09-03
5037,SkyFareHub,Vistara,BLR,HYD,2026-10-03,2026-09-03 08:31:00,4347.2,2026-09-09 12:37:29,BLR-HYD,2026-09-03
5038,TripEase,Vistara,BLR,HYD,2026-10-03,2026-09-03 12:07:00,4578.61,2026-09-09 12:37:29,BLR-HYD,2026-09-03
5039,SkyFareHub,Akasa Air,BLR,HYD,2026-10-03,2026-09-03 17:45:00,3568.72,2026-09-09 12:37:29,BLR-HYD,2026-09-03
5040,TripEase,Akasa Air,BLR,HYD,2026-10-03,2026-09-03 11:58:00,3589.31,2026-09-09 12:37:29,BLR-HYD,2026-09-03
5041,SkyFareHub,IndiGo,DEL,BOM,2026-09-11,2026-09-04 11:36:00,5827.32,2026-09-09 12:37:29,DEL-BOM,2026-09-04
5042,TripEase,IndiGo,DEL,BOM,2026-09-11,2026-09-04 13:22:00,5916.88,2026-09-09 12:37:29,DEL-BOM,2026-09-04
5043,SkyFareHub,Air India,DEL,BOM,2026-09-11,2026-09-04 17:52:00,5917.97,2026-09-09 12:37:29,DEL-BOM,2026-09-04
5044,TripEase,Air India,DEL,BOM,2026-09-11,2026-09-04 12:58:00,6399.82,2026-09-09 12:37:29,DEL-BOM,2026-09-04
5045,SkyFareHub,SpiceJet,DEL,BOM,2026-09-11,2026-09-04 20:14:00,5185.46,2026-09-09 12:37:29,DEL-BOM,2026-09-04
5046,TripEase,SpiceJet,DEL,BOM,2026-09-11,2026-09-04 22:38:00,5393.34,2026-09-09 12:37:29,DEL-BOM,2026-09-04
5047,SkyFareHub,Vistara,DEL,BOM,2026-09-11,2026-09-04 17:54:00,6406.82,2026-09-09 12:37:29,DEL-BOM,2026-09-04
5048,TripEase,Vistara,DEL,BOM,2026-09-11,2026-09-04 13:50:00,6608.34,2026-09-09 12:37:29,DEL-BOM,2026-09-04
5049,SkyFareHub,Akasa Air,DEL,BOM,2026-09-11,2026-09-04 19:27:00,5334.2,2026-09-09 12:37:29,DEL-BOM,2026-09-04
5050,TripEase,Akasa Air,DEL,BOM,2026-09-11,2026-09-04 07:30:00,5289.44,2026-09-09 12:37:29,DEL-BOM,2026-09-04
5051,SkyFareHub,IndiGo,DEL,BOM,2026-09-18,2026-09-04 20:02:00,5702.43,2026-09-09 12:37:29,DEL-BOM,2026-09-04
5052,TripEase,IndiGo,DEL,BOM,2026-09-18,2026-09-04 21:50:00,5579.25,2026-09-09 12:37:29,DEL-BOM,2026-09-04
5053,SkyFareHub,Air India,DEL,BOM,2026-09-18,2026-09-04 11:53:00,6379.38,2026-09-09 12:37:29,DEL-BOM,2026-09-04
5054,TripEase,Air India,DEL,BOM,2026-09-18,2026-09-04 09:00:00,6188.56,2026-09-09 12:37:29,DEL-BOM,2026-09-04
5055,SkyFareHub,SpiceJet,DEL,BOM,2026-09-18,2026-09-04 09:22:00,5217.17,2026-09-09 12:37:29,DEL-BOM,2026-09-04
5056,TripEase,SpiceJet,DEL,BOM,2026-09-18,2026-09-04 13:57:00,5537.26,2026-09-09 12:37:29,DEL-BOM,2026-09-04
5057,SkyFareHub,Vistara,DEL,BOM,2026-09-18,2026-09-04 11:45:00,6760.9,2026-09-09 12:37:29,DEL-BOM,2026-09-04
5058,TripEase,Vistara,DEL,BOM,2026-09-18,2026-09-04 19:59:00,6380.34,2026-09-09 12:37:29,DEL-BOM,2026-09-04
5059,SkyFareHub,Akasa Air,DEL,BOM,2026-09-18,2026-09-04 14:49:00,5455.76,2026-09-09 12:37:29,DEL-BOM,2026-09-04
5060,TripEase,Akasa Air,DEL,BOM,2026-09-18,2026-09-04 20:48:00,5302.8,2026-09-09 12:37:29,DEL-BOM,2026-09-04
5061,SkyFareHub,IndiGo,DEL,BOM,2026-10-04,2026-09-04 12:44:00,5208.14,2026-09-09 12:37:29,DEL-BOM,2026-09-04
5062,TripEase,IndiGo,DEL,BOM,2026-10-04,2026-09-04 11:58:00,5519.49,2026-09-09 12:37:29,DEL-BOM,2026-09-04
5063,SkyFareHub,Air India,DEL,BOM,2026-10-04,2026-09-04 09:48:00,5790.4,2026-09-09 12:37:29,DEL-BOM,2026-09-04
5064,TripEase,Air India,DEL,BOM,2026-10-04,2026-09-04 10:22:00,5824.63,2026-09-09 12:37:29,DEL-BOM,2026-09-04
5065,SkyFareHub,SpiceJet,DEL,BOM,2026-10-04,2026-09-04 10:45:00,5232.91,2026-09-09 12:37:29,DEL-BOM,2026-09-04
5066,TripEase,SpiceJet,DEL,BOM,2026-10-04,2026-09-04 11:11:00,5437.4,2026-09-09 12:37:29,DEL-BOM,2026-09-04
5067,SkyFareHub,Vistara,DEL,BOM,2026-10-04,2026-09-04 07:24:00,6302.91,2026-09-09 12:37:29,DEL-BOM,2026-09-04
5068,TripEase,Vistara,DEL,BOM,2026-10-04,2026-09-04 16:13:00,6227.92,2026-09-09 12:37:29,DEL-BOM,2026-09-04
5069,SkyFareHub,Akasa Air,DEL,BOM,2026-10-04,2026-09-04 18:15:00,5067.5,2026-09-09 12:37:29,DEL-BOM,2026-09-04
5070,TripEase,Akasa Air,DEL,BOM,2026-10-04,2026-09-04 21:55:00,5446.97,2026-09-09 12:37:29,DEL-BOM,2026-09-04
5071,SkyFareHub,IndiGo,DEL,BLR,2026-09-11,2026-09-04 09:34:00,6196.71,2026-09-09 12:37:29,DEL-BLR,2026-09-04
5072,TripEase,IndiGo,DEL,BLR,2026-09-11,2026-09-04 21:17:00,5950.46,2026-09-09 12:37:29,DEL-BLR,2026-09-04
5073,SkyFareHub,Air India,DEL,BLR,2026-09-11,2026-09-04 21:42:00,6388.26,2026-09-09 12:37:29,DEL-BLR,2026-09-04
5074,TripEase,Air India,DEL,BLR,2026-09-11,2026-09-04 15:49:00,6750.98,2026-09-09 12:37:29,DEL-BLR,2026-09-04
5075,SkyFareHub,SpiceJet,DEL,BLR,2026-09-11,2026-09-04 10:00:00,5742.72,2026-09-09 12:37:29,DEL-BLR,2026-09-04
5076,TripEase,SpiceJet,DEL,BLR,2026-09-11,2026-09-04 18:11:00,5931.02,2026-09-09 12:37:29,DEL-BLR,2026-09-04
5077,SkyFareHub,Vistara,DEL,BLR,2026-09-11,2026-09-04 15:42:00,6895.16,2026-09-09 12:37:29,DEL-BLR,2026-09-04
5078,TripEase,Vistara,DEL,BLR,2026-09-11,2026-09-04 21:42:00,7114.08,2026-09-09 12:37:29,DEL-BLR,2026-09-04
5079,SkyFareHub,Akasa Air,DEL,BLR,2026-09-11,2026-09-04 14:50:00,5800.75,2026-09-09 12:37:29,DEL-BLR,2026-09-04
5080,TripEase,Akasa Air,DEL,BLR,2026-09-11,2026-09-04 14:36:00,5961.93,2026-09-09 12:37:29,DEL-BLR,2026-09-04
5081,SkyFareHub,IndiGo,DEL,BLR,2026-09-18,2026-09-04 08:23:00,5792.7,2026-09-09 12:37:29,DEL-BLR,2026-09-04
5082,TripEase,IndiGo,DEL,BLR,2026-09-18,2026-09-04 14:04:00,6094.41,2026-09-09 12:37:29,DEL-BLR,2026-09-04
5083,SkyFareHub,Air India,DEL,BLR,2026-09-18,2026-09-04 16:21:00,6493.54,2026-09-09 12:37:29,DEL-BLR,2026-09-04
5084,TripEase,Air India,DEL,BLR,2026-09-18,2026-09-04 08:36:00,6381.74,2026-09-09 12:37:29,DEL-BLR,2026-09-04
5085,SkyFareHub,SpiceJet,DEL,BLR,2026-09-18,2026-09-04 12:37:00,5950.53,2026-09-09 12:37:29,DEL-BLR,2026-09-04
5086,TripEase,SpiceJet,DEL,BLR,2026-09-18,2026-09-04 17:51:00,5748.69,2026-09-09 12:37:29,DEL-BLR,2026-09-04
5087,SkyFareHub,Vistara,DEL,BLR,2026-09-18,2026-09-04 06:51:00,6852.7,2026-09-09 12:37:29,DEL-BLR,2026-09-04
5088,TripEase,Vistara,DEL,BLR,2026-09-18,2026-09-04 19:10:00,6731.37,2026-09-09 12:37:29,DEL-BLR,2026-09-04
5089,SkyFareHub,Akasa Air,DEL,BLR,2026-09-18,2026-09-04 21:06:00,5864.31,2026-09-09 12:37:29,DEL-BLR,2026-09-04
5090,TripEase,Akasa Air,DEL,BLR,2026-09-18,2026-09-04 10:19:00,5822.59,2026-09-09 12:37:29,DEL-BLR,2026-09-04
5091,SkyFareHub,IndiGo,DEL,BLR,2026-10-04,2026-09-04 13:48:00,5612.04,2026-09-09 12:37:29,DEL-BLR,2026-09-04
5092,TripEase,IndiGo,DEL,BLR,2026-10-04,2026-09-04 18:29:00,6166.76,2026-09-09 12:37:29,DEL-BLR,2026-09-04
5093,SkyFareHub,Air India,DEL,BLR,2026-10-04,2026-09-04 18:02:00,6466.51,2026-09-09 12:37:29,DEL-BLR,2026-09-04
5094,TripEase,Air India,DEL,BLR,2026-10-04,2026-09-04 12:04:00,6436.53,2026-09-09 12:37:29,DEL-BLR,2026-09-04
5095,SkyFareHub,SpiceJet,DEL,BLR,2026-10-04,2026-09-04 21:14:00,5470.13,2026-09-09 12:37:29,DEL-BLR,2026-09-04
5096,TripEase,SpiceJet,DEL,BLR,2026-10-04,2026-09-04 11:08:00,5469.44,2026-09-09 12:37:29,DEL-BLR,2026-09-04
5097,SkyFareHub,Vistara,DEL,BLR,2026-10-04,2026-09-04 06:29:00,6729.04,2026-09-09 12:37:29,DEL-BLR,2026-09-04
5098,TripEase,Vistara,DEL,BLR,2026-10-04,2026-09-04 22:34:00,7137.97,2026-09-09 12:37:29,DEL-BLR,2026-09-04
5099,SkyFareHub,Akasa Air,DEL,BLR,2026-10-04,2026-09-04 19:22:00,5849.58,2026-09-09 12:37:29,DEL-BLR,2026-09-04
5100,TripEase,Akasa Air,DEL,BLR,2026-10-04,2026-09-04 12:40:00,5669.08,2026-09-09 12:37:29,DEL-BLR,2026-09-04
5101,SkyFareHub,IndiGo,BOM,BLR,2026-09-11,2026-09-04 15:12:00,4838.03,2026-09-09 12:37:29,BOM-BLR,2026-09-04
5102,TripEase,IndiGo,BOM,BLR,2026-09-11,2026-09-04 18:21:00,4399.89,2026-09-09 12:37:29,BOM-BLR,2026-09-04
5103,SkyFareHub,Air India,BOM,BLR,2026-09-11,2026-09-04 22:43:00,4811.38,2026-09-09 12:37:29,BOM-BLR,2026-09-04
5104,TripEase,Air India,BOM,BLR,2026-09-11,2026-09-04 16:11:00,5144.08,2026-09-09 12:37:29,BOM-BLR,2026-09-04
5105,SkyFareHub,SpiceJet,BOM,BLR,2026-09-11,2026-09-04 11:07:00,4235.7,2026-09-09 12:37:29,BOM-BLR,2026-09-04
5106,TripEase,SpiceJet,BOM,BLR,2026-09-11,2026-09-04 06:49:00,4415.63,2026-09-09 12:37:29,BOM-BLR,2026-09-04
5107,SkyFareHub,Vistara,BOM,BLR,2026-09-11,2026-09-04 14:18:00,5390.1,2026-09-09 12:37:29,BOM-BLR,2026-09-04
5108,TripEase,Vistara,BOM,BLR,2026-09-11,2026-09-04 15:30:00,5368.82,2026-09-09 12:37:29,BOM-BLR,2026-09-04
5109,SkyFareHub,Akasa Air,BOM,BLR,2026-09-11,2026-09-04 10:26:00,4217.39,2026-09-09 12:37:29,BOM-BLR,2026-09-04
5110,TripEase,Akasa Air,BOM,BLR,2026-09-11,2026-09-04 15:19:00,4677.12,2026-09-09 12:37:29,BOM-BLR,2026-09-04
5111,SkyFareHub,IndiGo,BOM,BLR,2026-09-18,2026-09-04 21:25:00,4679.95,2026-09-09 12:37:29,BOM-BLR,2026-09-04
5112,TripEase,IndiGo,BOM,BLR,2026-09-18,2026-09-04 20:59:00,4502.53,2026-09-09 12:37:29,BOM-BLR,2026-09-04
5113,SkyFareHub,Air India,BOM,BLR,2026-09-18,2026-09-04 19:52:00,5014.12,2026-09-09 12:37:29,BOM-BLR,2026-09-04
5114,TripEase,Air India,BOM,BLR,2026-09-18,2026-09-04 19:44:00,4956.19,2026-09-09 12:37:29,BOM-BLR,2026-09-04
5115,SkyFareHub,SpiceJet,BOM,BLR,2026-09-18,2026-09-04 16:02:00,4469.21,2026-09-09 12:37:29,BOM-BLR,2026-09-04
5116,TripEase,SpiceJet,BOM,BLR,2026-09-18,2026-09-04 16:44:00,4128.29,2026-09-09 12:37:29,BOM-BLR,2026-09-04
5117,SkyFareHub,Vistara,BOM,BLR,2026-09-18,2026-09-04 18:17:00,5066.55,2026-09-09 12:37:29,BOM-BLR,2026-09-04
5118,TripEase,Vistara,BOM,BLR,2026-09-18,2026-09-04 20:28:00,5344.24,2026-09-09 12:37:29,BOM-BLR,2026-09-04
5119,SkyFareHub,Akasa Air,BOM,BLR,2026-09-18,2026-09-04 17:08:00,4405.76,2026-09-09 12:37:29,BOM-BLR,2026-09-04
5120,TripEase,Akasa Air,BOM,BLR,2026-09-18,2026-09-04 16:13:00,4446.13,2026-09-09 12:37:29,BOM-BLR,2026-09-04
5121,SkyFareHub,IndiGo,BOM,BLR,2026-10-04,2026-09-04 20:46:00,4245.66,2026-09-09 12:37:29,BOM-BLR,2026-09-04
5122,TripEase,IndiGo,BOM,BLR,2026-10-04,2026-09-04 09:10:00,4230.1,2026-09-09 12:37:29,BOM-BLR,2026-09-04
5123,SkyFareHub,Air India,BOM,BLR,2026-10-04,2026-09-04 12:27:00,4795.64,2026-09-09 12:37:29,BOM-BLR,2026-09-04
5124,TripEase,Air India,BOM,BLR,2026-10-04,2026-09-04 16:39:00,4858.66,2026-09-09 12:37:29,BOM-BLR,2026-09-04
5125,SkyFareHub,SpiceJet,BOM,BLR,2026-10-04,2026-09-04 16:39:00,4153.38,2026-09-09 12:37:29,BOM-BLR,2026-09-04
5126,TripEase,SpiceJet,BOM,BLR,2026-10-04,2026-09-04 19:42:00,4289.05,2026-09-09 12:37:29,BOM-BLR,2026-09-04
5127,SkyFareHub,Vistara,BOM,BLR,2026-10-04,2026-09-04 16:48:00,5017.62,2026-09-09 12:37:29,BOM-BLR,2026-09-04
5128,TripEase,Vistara,BOM,BLR,2026-10-04,2026-09-04 15:47:00,5131.61,2026-09-09 12:37:29,BOM-BLR,2026-09-04
5129,SkyFareHub,Akasa Air,BOM,BLR,2026-10-04,2026-09-04 08:50:00,4264.87,2026-09-09 12:37:29,BOM-BLR,2026-09-04
5130,TripEase,Akasa Air,BOM,BLR,2026-10-04,2026-09-04 18:36:00,4472.46,2026-09-09 12:37:29,BOM-BLR,2026-09-04
5131,SkyFareHub,IndiGo,DEL,MAA,2026-09-11,2026-09-04 13:53:00,6993.54,2026-09-09 12:37:29,DEL-MAA,2026-09-04
5132,TripEase,IndiGo,DEL,MAA,2026-09-11,2026-09-04 14:37:00,6982.33,2026-09-09 12:37:29,DEL-MAA,2026-09-04
5133,SkyFareHub,Air India,DEL,MAA,2026-09-11,2026-09-04 14:56:00,7117.61,2026-09-09 12:37:29,DEL-MAA,2026-09-04
5134,TripEase,Air India,DEL,MAA,2026-09-11,2026-09-04 11:09:00,7002.59,2026-09-09 12:37:29,DEL-MAA,2026-09-04
5135,SkyFareHub,SpiceJet,DEL,MAA,2026-09-11,2026-09-04 22:26:00,6285.82,2026-09-09 12:37:29,DEL-MAA,2026-09-04
5136,TripEase,SpiceJet,DEL,MAA,2026-09-11,2026-09-04 12:36:00,6286.33,2026-09-09 12:37:29,DEL-MAA,2026-09-04
5137,SkyFareHub,Vistara,DEL,MAA,2026-09-11,2026-09-04 22:37:00,7856.33,2026-09-09 12:37:29,DEL-MAA,2026-09-04
5138,TripEase,Vistara,DEL,MAA,2026-09-11,2026-09-04 13:10:00,7851.03,2026-09-09 12:37:29,DEL-MAA,2026-09-04
5139,SkyFareHub,Akasa Air,DEL,MAA,2026-09-11,2026-09-04 20:08:00,6125.85,2026-09-09 12:37:29,DEL-MAA,2026-09-04
5140,TripEase,Akasa Air,DEL,MAA,2026-09-11,2026-09-04 21:48:00,6168.46,2026-09-09 12:37:29,DEL-MAA,2026-09-04
5141,SkyFareHub,IndiGo,DEL,MAA,2026-09-18,2026-09-04 22:22:00,6320.54,2026-09-09 12:37:29,DEL-MAA,2026-09-04
5142,TripEase,IndiGo,DEL,MAA,2026-09-18,2026-09-04 19:23:00,6520.54,2026-09-09 12:37:29,DEL-MAA,2026-09-04
5143,SkyFareHub,Air India,DEL,MAA,2026-09-18,2026-09-04 10:54:00,7197.75,2026-09-09 12:37:29,DEL-MAA,2026-09-04
5144,TripEase,Air India,DEL,MAA,2026-09-18,2026-09-04 06:02:00,7122.56,2026-09-09 12:37:29,DEL-MAA,2026-09-04
5145,SkyFareHub,SpiceJet,DEL,MAA,2026-09-18,2026-09-04 15:24:00,6225.43,2026-09-09 12:37:29,DEL-MAA,2026-09-04
5146,TripEase,SpiceJet,DEL,MAA,2026-09-18,2026-09-04 13:36:00,6383.39,2026-09-09 12:37:29,DEL-MAA,2026-09-04
5147,SkyFareHub,Vistara,DEL,MAA,2026-09-18,2026-09-04 17:06:00,7138.47,2026-09-09 12:37:29,DEL-MAA,2026-09-04
5148,TripEase,Vistara,DEL,MAA,2026-09-18,2026-09-04 20:21:00,7228.35,2026-09-09 12:37:29,DEL-MAA,2026-09-04
5149,SkyFareHub,Akasa Air,DEL,MAA,2026-09-18,2026-09-04 22:45:00,6757.86,2026-09-09 12:37:29,DEL-MAA,2026-09-04
5150,TripEase,Akasa Air,DEL,MAA,2026-09-18,2026-09-04 16:40:00,6362.08,2026-09-09 12:37:29,DEL-MAA,2026-09-04
5151,SkyFareHub,IndiGo,DEL,MAA,2026-10-04,2026-09-04 06:35:00,6493.46,2026-09-09 12:37:29,DEL-MAA,2026-09-04
5152,TripEase,IndiGo,DEL,MAA,2026-10-04,2026-09-04 08:59:00,6820.29,2026-09-09 12:37:29,DEL-MAA,2026-09-04
5153,SkyFareHub,Air India,DEL,MAA,2026-10-04,2026-09-04 08:16:00,6850.25,2026-09-09 12:37:29,DEL-MAA,2026-09-04
5154,TripEase,Air India,DEL,MAA,2026-10-04,2026-09-04 12:16:00,7062.35,2026-09-09 12:37:29,DEL-MAA,2026-09-04
5155,SkyFareHub,SpiceJet,DEL,MAA,2026-10-04,2026-09-04 13:05:00,6150.32,2026-09-09 12:37:29,DEL-MAA,2026-09-04
5156,TripEase,SpiceJet,DEL,MAA,2026-10-04,2026-09-04 17:03:00,6043.2,2026-09-09 12:37:29,DEL-MAA,2026-09-04
5157,SkyFareHub,Vistara,DEL,MAA,2026-10-04,2026-09-04 11:12:00,7512.58,2026-09-09 12:37:29,DEL-MAA,2026-09-04
5158,TripEase,Vistara,DEL,MAA,2026-10-04,2026-09-04 10:02:00,7417.88,2026-09-09 12:37:29,DEL-MAA,2026-09-04
5159,SkyFareHub,Akasa Air,DEL,MAA,2026-10-04,2026-09-04 20:18:00,6285.27,2026-09-09 12:37:29,DEL-MAA,2026-09-04
5160,TripEase,Akasa Air,DEL,MAA,2026-10-04,2026-09-04 09:01:00,6028.41,2026-09-09 12:37:29,DEL-MAA,2026-09-04
5161,SkyFareHub,IndiGo,BOM,MAA,2026-09-11,2026-09-04 19:32:00,5966.14,2026-09-09 12:37:29,BOM-MAA,2026-09-04
5162,TripEase,IndiGo,BOM,MAA,2026-09-11,2026-09-04 18:50:00,6181.67,2026-09-09 12:37:29,BOM-MAA,2026-09-04
5163,SkyFareHub,Air India,BOM,MAA,2026-09-11,2026-09-04 07:35:00,6778.59,2026-09-09 12:37:29,BOM-MAA,2026-09-04
5164,TripEase,Air India,BOM,MAA,2026-09-11,2026-09-04 16:45:00,6824.2,2026-09-09 12:37:29,BOM-MAA,2026-09-04
5165,SkyFareHub,SpiceJet,BOM,MAA,2026-09-11,2026-09-04 14:24:00,5674.57,2026-09-09 12:37:29,BOM-MAA,2026-09-04
5166,TripEase,SpiceJet,BOM,MAA,2026-09-11,2026-09-04 10:56:00,5975.31,2026-09-09 12:37:29,BOM-MAA,2026-09-04
5167,SkyFareHub,Vistara,BOM,MAA,2026-09-11,2026-09-04 21:28:00,6901.51,2026-09-09 12:37:29,BOM-MAA,2026-09-04
5168,TripEase,Vistara,BOM,MAA,2026-09-11,2026-09-04 14:12:00,6937.74,2026-09-09 12:37:29,BOM-MAA,2026-09-04
5169,SkyFareHub,Akasa Air,BOM,MAA,2026-09-11,2026-09-04 16:03:00,5983.45,2026-09-09 12:37:29,BOM-MAA,2026-09-04
5170,TripEase,Akasa Air,BOM,MAA,2026-09-11,2026-09-04 17:03:00,5674.83,2026-09-09 12:37:29,BOM-MAA,2026-09-04
5171,SkyFareHub,IndiGo,BOM,MAA,2026-09-18,2026-09-04 14:27:00,5870.04,2026-09-09 12:37:29,BOM-MAA,2026-09-04
5172,TripEase,IndiGo,BOM,MAA,2026-09-18,2026-09-04 16:46:00,5752.66,2026-09-09 12:37:29,BOM-MAA,2026-09-04
5173,SkyFareHub,Air India,BOM,MAA,2026-09-18,2026-09-04 11:12:00,6743.13,2026-09-09 12:37:29,BOM-MAA,2026-09-04
5174,TripEase,Air India,BOM,MAA,2026-09-18,2026-09-04 10:39:00,6245.88,2026-09-09 12:37:29,BOM-MAA,2026-09-04
5175,SkyFareHub,SpiceJet,BOM,MAA,2026-09-18,2026-09-04 06:08:00,5588.02,2026-09-09 12:37:29,BOM-MAA,2026-09-04
5176,TripEase,SpiceJet,BOM,MAA,2026-09-18,2026-09-04 09:13:00,5570.12,2026-09-09 12:37:29,BOM-MAA,2026-09-04
5177,SkyFareHub,Vistara,BOM,MAA,2026-09-18,2026-09-04 06:14:00,6444.16,2026-09-09 12:37:29,BOM-MAA,2026-09-04
5178,TripEase,Vistara,BOM,MAA,2026-09-18,2026-09-04 20:04:00,6602.91,2026-09-09 12:37:29,BOM-MAA,2026-09-04
5179,SkyFareHub,Akasa Air,BOM,MAA,2026-09-18,2026-09-04 19:50:00,5717.6,2026-09-09 12:37:29,BOM-MAA,2026-09-04
5180,TripEase,Akasa Air,BOM,MAA,2026-09-18,2026-09-04 06:28:00,5869.0,2026-09-09 12:37:29,BOM-MAA,2026-09-04
5181,SkyFareHub,IndiGo,BOM,MAA,2026-10-04,2026-09-04 21:39:00,5762.73,2026-09-09 12:37:29,BOM-MAA,2026-09-04
5182,TripEase,IndiGo,BOM,MAA,2026-10-04,2026-09-04 16:15:00,5859.21,2026-09-09 12:37:29,BOM-MAA,2026-09-04
5183,SkyFareHub,Air India,BOM,MAA,2026-10-04,2026-09-04 14:41:00,6213.24,2026-09-09 12:37:29,BOM-MAA,2026-09-04
5184,TripEase,Air India,BOM,MAA,2026-10-04,2026-09-04 11:58:00,5951.73,2026-09-09 12:37:29,BOM-MAA,2026-09-04
5185,SkyFareHub,SpiceJet,BOM,MAA,2026-10-04,2026-09-04 14:52:00,5346.17,2026-09-09 12:37:29,BOM-MAA,2026-09-04
5186,TripEase,SpiceJet,BOM,MAA,2026-10-04,2026-09-04 12:17:00,5344.76,2026-09-09 12:37:29,BOM-MAA,2026-09-04
5187,SkyFareHub,Vistara,BOM,MAA,2026-10-04,2026-09-04 10:02:00,6873.23,2026-09-09 12:37:29,BOM-MAA,2026-09-04
5188,TripEase,Vistara,BOM,MAA,2026-10-04,2026-09-04 08:51:00,6304.23,2026-09-09 12:37:29,BOM-MAA,2026-09-04
5189,SkyFareHub,Akasa Air,BOM,MAA,2026-10-04,2026-09-04 06:05:00,5667.64,2026-09-09 12:37:29,BOM-MAA,2026-09-04
5190,TripEase,Akasa Air,BOM,MAA,2026-10-04,2026-09-04 11:42:00,5418.48,2026-09-09 12:37:29,BOM-MAA,2026-09-04
5191,SkyFareHub,IndiGo,DEL,CCU,2026-09-11,2026-09-04 17:03:00,6489.43,2026-09-09 12:37:29,DEL-CCU,2026-09-04
5192,TripEase,IndiGo,DEL,CCU,2026-09-11,2026-09-04 19:58:00,6531.41,2026-09-09 12:37:29,DEL-CCU,2026-09-04
5193,SkyFareHub,Air India,DEL,CCU,2026-09-11,2026-09-04 20:46:00,7180.54,2026-09-09 12:37:29,DEL-CCU,2026-09-04
5194,TripEase,Air India,DEL,CCU,2026-09-11,2026-09-04 21:41:00,6917.55,2026-09-09 12:37:29,DEL-CCU,2026-09-04
5195,SkyFareHub,SpiceJet,DEL,CCU,2026-09-11,2026-09-04 14:26:00,6160.51,2026-09-09 12:37:29,DEL-CCU,2026-09-04
5196,TripEase,SpiceJet,DEL,CCU,2026-09-11,2026-09-04 11:59:00,6008.56,2026-09-09 12:37:29,DEL-CCU,2026-09-04
5197,SkyFareHub,Vistara,DEL,CCU,2026-09-11,2026-09-04 13:34:00,7189.44,2026-09-09 12:37:29,DEL-CCU,2026-09-04
5198,TripEase,Vistara,DEL,CCU,2026-09-11,2026-09-04 21:40:00,7572.85,2026-09-09 12:37:29,DEL-CCU,2026-09-04
5199,SkyFareHub,Akasa Air,DEL,CCU,2026-09-11,2026-09-04 08:11:00,6051.3,2026-09-09 12:37:29,DEL-CCU,2026-09-04
5200,TripEase,Akasa Air,DEL,CCU,2026-09-11,2026-09-04 16:24:00,6089.63,2026-09-09 12:37:29,DEL-CCU,2026-09-04
5201,SkyFareHub,IndiGo,DEL,CCU,2026-09-18,2026-09-04 14:58:00,6284.92,2026-09-09 12:37:29,DEL-CCU,2026-09-04
5202,TripEase,IndiGo,DEL,CCU,2026-09-18,2026-09-04 13:31:00,6420.15,2026-09-09 12:37:29,DEL-CCU,2026-09-04
5203,SkyFareHub,Air India,DEL,CCU,2026-09-18,2026-09-04 08:50:00,6566.53,2026-09-09 12:37:29,DEL-CCU,2026-09-04
5204,TripEase,Air India,DEL,CCU,2026-09-18,2026-09-04 08:03:00,6508.58,2026-09-09 12:37:29,DEL-CCU,2026-09-04
5205,SkyFareHub,SpiceJet,DEL,CCU,2026-09-18,2026-09-04 22:02:00,5811.12,2026-09-09 12:37:29,DEL-CCU,2026-09-04
5206,TripEase,SpiceJet,DEL,CCU,2026-09-18,2026-09-04 19:51:00,5827.01,2026-09-09 12:37:29,DEL-CCU,2026-09-04
5207,SkyFareHub,Vistara,DEL,CCU,2026-09-18,2026-09-04 08:29:00,7567.71,2026-09-09 12:37:29,DEL-CCU,2026-09-04
5208,TripEase,Vistara,DEL,CCU,2026-09-18,2026-09-04 21:18:00,7639.54,2026-09-09 12:37:29,DEL-CCU,2026-09-04
5209,SkyFareHub,Akasa Air,DEL,CCU,2026-09-18,2026-09-04 13:38:00,6340.58,2026-09-09 12:37:29,DEL-CCU,2026-09-04
5210,TripEase,Akasa Air,DEL,CCU,2026-09-18,2026-09-04 14:44:00,5818.64,2026-09-09 12:37:29,DEL-CCU,2026-09-04
5211,SkyFareHub,IndiGo,DEL,CCU,2026-10-04,2026-09-04 09:31:00,6082.44,2026-09-09 12:37:29,DEL-CCU,2026-09-04
5212,TripEase,IndiGo,DEL,CCU,2026-10-04,2026-09-04 21:24:00,5803.52,2026-09-09 12:37:29,DEL-CCU,2026-09-04
5213,SkyFareHub,Air India,DEL,CCU,2026-10-04,2026-09-04 20:11:00,6638.9,2026-09-09 12:37:29,DEL-CCU,2026-09-04
5214,TripEase,Air India,DEL,CCU,2026-10-04,2026-09-04 15:09:00,6373.74,2026-09-09 12:37:29,DEL-CCU,2026-09-04
5215,SkyFareHub,SpiceJet,DEL,CCU,2026-10-04,2026-09-04 18:43:00,5602.82,2026-09-09 12:37:29,DEL-CCU,2026-09-04
5216,TripEase,SpiceJet,DEL,CCU,2026-10-04,2026-09-04 18:54:00,5836.48,2026-09-09 12:37:29,DEL-CCU,2026-09-04
5217,SkyFareHub,Vistara,DEL,CCU,2026-10-04,2026-09-04 06:44:00,7465.37,2026-09-09 12:37:29,DEL-CCU,2026-09-04
5218,TripEase,Vistara,DEL,CCU,2026-10-04,2026-09-04 15:18:00,6928.75,2026-09-09 12:37:29,DEL-CCU,2026-09-04
5219,SkyFareHub,Akasa Air,DEL,CCU,2026-10-04,2026-09-04 06:19:00,5974.19,2026-09-09 12:37:29,DEL-CCU,2026-09-04
5220,TripEase,Akasa Air,DEL,CCU,2026-10-04,2026-09-04 22:38:00,5941.52,2026-09-09 12:37:29,DEL-CCU,2026-09-04
5221,SkyFareHub,IndiGo,BLR,HYD,2026-09-11,2026-09-04 14:29:00,3918.08,2026-09-09 12:37:29,BLR-HYD,2026-09-04
5222,TripEase,IndiGo,BLR,HYD,2026-09-11,2026-09-04 17:39:00,3703.32,2026-09-09 12:37:29,BLR-HYD,2026-09-04
5223,SkyFareHub,Air India,BLR,HYD,2026-09-11,2026-09-04 17:04:00,4377.48,2026-09-09 12:37:29,BLR-HYD,2026-09-04
5224,TripEase,Air India,BLR,HYD,2026-09-11,2026-09-04 12:50:00,4381.12,2026-09-09 12:37:29,BLR-HYD,2026-09-04
5225,SkyFareHub,SpiceJet,BLR,HYD,2026-09-11,2026-09-04 11:25:00,3789.86,2026-09-09 12:37:29,BLR-HYD,2026-09-04
5226,TripEase,SpiceJet,BLR,HYD,2026-09-11,2026-09-04 11:56:00,3749.83,2026-09-09 12:37:29,BLR-HYD,2026-09-04
5227,SkyFareHub,Vistara,BLR,HYD,2026-09-11,2026-09-04 13:17:00,4508.35,2026-09-09 12:37:29,BLR-HYD,2026-09-04
5228,TripEase,Vistara,BLR,HYD,2026-09-11,2026-09-04 21:20:00,4523.12,2026-09-09 12:37:29,BLR-HYD,2026-09-04
5229,SkyFareHub,Akasa Air,BLR,HYD,2026-09-11,2026-09-04 17:36:00,3827.01,2026-09-09 12:37:29,BLR-HYD,2026-09-04
5230,TripEase,Akasa Air,BLR,HYD,2026-09-11,2026-09-04 18:22:00,3690.46,2026-09-09 12:37:29,BLR-HYD,2026-09-04
5231,SkyFareHub,IndiGo,BLR,HYD,2026-09-18,2026-09-04 10:01:00,3806.93,2026-09-09 12:37:29,BLR-HYD,2026-09-04
5232,TripEase,IndiGo,BLR,HYD,2026-09-18,2026-09-04 11:09:00,3941.72,2026-09-09 12:37:29,BLR-HYD,2026-09-04
5233,SkyFareHub,Air India,BLR,HYD,2026-09-18,2026-09-04 16:59:00,4121.95,2026-09-09 12:37:29,BLR-HYD,2026-09-04
5234,TripEase,Air India,BLR,HYD,2026-09-18,2026-09-04 19:13:00,4417.09,2026-09-09 12:37:29,BLR-HYD,2026-09-04
5235,SkyFareHub,SpiceJet,BLR,HYD,2026-09-18,2026-09-04 16:48:00,3568.42,2026-09-09 12:37:29,BLR-HYD,2026-09-04
5236,TripEase,SpiceJet,BLR,HYD,2026-09-18,2026-09-04 13:27:00,3749.75,2026-09-09 12:37:29,BLR-HYD,2026-09-04
5237,SkyFareHub,Vistara,BLR,HYD,2026-09-18,2026-09-04 10:41:00,4412.42,2026-09-09 12:37:29,BLR-HYD,2026-09-04
5238,TripEase,Vistara,BLR,HYD,2026-09-18,2026-09-04 15:42:00,4513.35,2026-09-09 12:37:29,BLR-HYD,2026-09-04
5239,SkyFareHub,Akasa Air,BLR,HYD,2026-09-18,2026-09-04 19:24:00,3767.87,2026-09-09 12:37:29,BLR-HYD,2026-09-04
5240,TripEase,Akasa Air,BLR,HYD,2026-09-18,2026-09-04 22:01:00,3669.97,2026-09-09 12:37:29,BLR-HYD,2026-09-04
5241,SkyFareHub,IndiGo,BLR,HYD,2026-10-04,2026-09-04 09:12:00,3804.78,2026-09-09 12:37:29,BLR-HYD,2026-09-04
5242,TripEase,IndiGo,BLR,HYD,2026-10-04,2026-09-04 07:02:00,3572.39,2026-09-09 12:37:29,BLR-HYD,2026-09-04
5243,SkyFareHub,Air India,BLR,HYD,2026-10-04,2026-09-04 13:45:00,3984.02,2026-09-09 12:37:29,BLR-HYD,2026-09-04
5244,TripEase,Air India,BLR,HYD,2026-10-04,2026-09-04 08:11:00,4058.62,2026-09-09 12:37:29,BLR-HYD,2026-09-04
5245,SkyFareHub,SpiceJet,BLR,HYD,2026-10-04,2026-09-04 11:50:00,3575.09,2026-09-09 12:37:29,BLR-HYD,2026-09-04
5246,TripEase,SpiceJet,BLR,HYD,2026-10-04,2026-09-04 22:42:00,3494.41,2026-09-09 12:37:29,BLR-HYD,2026-09-04
5247,SkyFareHub,Vistara,BLR,HYD,2026-10-04,2026-09-04 17:34:00,4353.58,2026-09-09 12:37:29,BLR-HYD,2026-09-04
5248,TripEase,Vistara,BLR,HYD,2026-10-04,2026-09-04 19:34:00,4175.6,2026-09-09 12:37:29,BLR-HYD,2026-09-04
5249,SkyFareHub,Akasa Air,BLR,HYD,2026-10-04,2026-09-04 06:06:00,3615.24,2026-09-09 12:37:29,BLR-HYD,2026-09-04
5250,TripEase,Akasa Air,BLR,HYD,2026-10-04,2026-09-04 16:16:00,3628.41,2026-09-09 12:37:29,BLR-HYD,2026-09-04
5251,SkyFareHub,IndiGo,DEL,BOM,2026-09-12,2026-09-05 15:19:00,5578.09,2026-09-09 12:37:29,DEL-BOM,2026-09-05
5252,TripEase,IndiGo,DEL,BOM,2026-09-12,2026-09-05 06:02:00,5932.99,2026-09-09 12:37:29,DEL-BOM,2026-09-05
5253,SkyFareHub,Air India,DEL,BOM,2026-09-12,2026-09-05 22:58:00,6185.83,2026-09-09 12:37:29,DEL-BOM,2026-09-05
5254,TripEase,Air India,DEL,BOM,2026-09-12,2026-09-05 22:30:00,6351.53,2026-09-09 12:37:29,DEL-BOM,2026-09-05
5255,SkyFareHub,SpiceJet,DEL,BOM,2026-09-12,2026-09-05 16:49:00,5247.02,2026-09-09 12:37:29,DEL-BOM,2026-09-05
5256,TripEase,SpiceJet,DEL,BOM,2026-09-12,2026-09-05 18:18:00,5484.44,2026-09-09 12:37:29,DEL-BOM,2026-09-05
5257,SkyFareHub,Vistara,DEL,BOM,2026-09-12,2026-09-05 15:49:00,6753.28,2026-09-09 12:37:29,DEL-BOM,2026-09-05
5258,TripEase,Vistara,DEL,BOM,2026-09-12,2026-09-05 10:13:00,6725.47,2026-09-09 12:37:29,DEL-BOM,2026-09-05
5259,SkyFareHub,Akasa Air,DEL,BOM,2026-09-12,2026-09-05 10:45:00,5336.07,2026-09-09 12:37:29,DEL-BOM,2026-09-05
5260,TripEase,Akasa Air,DEL,BOM,2026-09-12,2026-09-05 11:04:00,5825.24,2026-09-09 12:37:29,DEL-BOM,2026-09-05
5261,SkyFareHub,IndiGo,DEL,BOM,2026-09-19,2026-09-05 08:02:00,5321.66,2026-09-09 12:37:29,DEL-BOM,2026-09-05
5262,TripEase,IndiGo,DEL,BOM,2026-09-19,2026-09-05 12:50:00,5563.2,2026-09-09 12:37:29,DEL-BOM,2026-09-05
5263,SkyFareHub,Air India,DEL,BOM,2026-09-19,2026-09-05 21:32:00,6222.25,2026-09-09 12:37:29,DEL-BOM,2026-09-05
5264,TripEase,Air India,DEL,BOM,2026-09-19,2026-09-05 09:05:00,6299.81,2026-09-09 12:37:29,DEL-BOM,2026-09-05
5265,SkyFareHub,SpiceJet,DEL,BOM,2026-09-19,2026-09-05 10:52:00,5365.88,2026-09-09 12:37:29,DEL-BOM,2026-09-05
5266,TripEase,SpiceJet,DEL,BOM,2026-09-19,2026-09-05 14:36:00,5480.89,2026-09-09 12:37:29,DEL-BOM,2026-09-05
5267,SkyFareHub,Vistara,DEL,BOM,2026-09-19,2026-09-05 11:32:00,6407.99,2026-09-09 12:37:29,DEL-BOM,2026-09-05
5268,TripEase,Vistara,DEL,BOM,2026-09-19,2026-09-05 06:03:00,6417.52,2026-09-09 12:37:29,DEL-BOM,2026-09-05
5269,SkyFareHub,Akasa Air,DEL,BOM,2026-09-19,2026-09-05 19:01:00,5309.13,2026-09-09 12:37:29,DEL-BOM,2026-09-05
5270,TripEase,Akasa Air,DEL,BOM,2026-09-19,2026-09-05 06:03:00,5637.68,2026-09-09 12:37:29,DEL-BOM,2026-09-05
5271,SkyFareHub,IndiGo,DEL,BOM,2026-10-05,2026-09-05 11:34:00,5364.58,2026-09-09 12:37:29,DEL-BOM,2026-09-05
5272,TripEase,IndiGo,DEL,BOM,2026-10-05,2026-09-05 12:55:00,5380.71,2026-09-09 12:37:29,DEL-BOM,2026-09-05
5273,SkyFareHub,Air India,DEL,BOM,2026-10-05,2026-09-05 07:20:00,5619.98,2026-09-09 12:37:29,DEL-BOM,2026-09-05
5274,TripEase,Air India,DEL,BOM,2026-10-05,2026-09-05 22:57:00,5936.88,2026-09-09 12:37:29,DEL-BOM,2026-09-05
5275,SkyFareHub,SpiceJet,DEL,BOM,2026-10-05,2026-09-05 17:35:00,5121.03,2026-09-09 12:37:29,DEL-BOM,2026-09-05
5276,TripEase,SpiceJet,DEL,BOM,2026-10-05,2026-09-05 11:42:00,5375.38,2026-09-09 12:37:29,DEL-BOM,2026-09-05
5277,SkyFareHub,Vistara,DEL,BOM,2026-10-05,2026-09-05 07:03:00,6492.56,2026-09-09 12:37:29,DEL-BOM,2026-09-05
5278,TripEase,Vistara,DEL,BOM,2026-10-05,2026-09-05 19:10:00,6241.31,2026-09-09 12:37:29,DEL-BOM,2026-09-05
5279,SkyFareHub,Akasa Air,DEL,BOM,2026-10-05,2026-09-05 13:54:00,5491.53,2026-09-09 12:37:29,DEL-BOM,2026-09-05
5280,TripEase,Akasa Air,DEL,BOM,2026-10-05,2026-09-05 12:56:00,5267.97,2026-09-09 12:37:29,DEL-BOM,2026-09-05
5281,SkyFareHub,IndiGo,DEL,BLR,2026-09-12,2026-09-05 18:43:00,6448.05,2026-09-09 12:37:29,DEL-BLR,2026-09-05
5282,TripEase,IndiGo,DEL,BLR,2026-09-12,2026-09-05 12:52:00,6537.78,2026-09-09 12:37:29,DEL-BLR,2026-09-05
5283,SkyFareHub,Air India,DEL,BLR,2026-09-12,2026-09-05 08:32:00,6872.3,2026-09-09 12:37:29,DEL-BLR,2026-09-05
5284,TripEase,Air India,DEL,BLR,2026-09-12,2026-09-05 18:11:00,6476.1,2026-09-09 12:37:29,DEL-BLR,2026-09-05
5285,SkyFareHub,SpiceJet,DEL,BLR,2026-09-12,2026-09-05 19:35:00,5722.33,2026-09-09 12:37:29,DEL-BLR,2026-09-05
5286,TripEase,SpiceJet,DEL,BLR,2026-09-12,2026-09-05 06:04:00,5916.78,2026-09-09 12:37:29,DEL-BLR,2026-09-05
5287,SkyFareHub,Vistara,DEL,BLR,2026-09-12,2026-09-05 11:12:00,7048.11,2026-09-09 12:37:29,DEL-BLR,2026-09-05
5288,TripEase,Vistara,DEL,BLR,2026-09-12,2026-09-05 10:06:00,7477.43,2026-09-09 12:37:29,DEL-BLR,2026-09-05
5289,SkyFareHub,Akasa Air,DEL,BLR,2026-09-12,2026-09-05 13:22:00,6245.32,2026-09-09 12:37:29,DEL-BLR,2026-09-05
5290,TripEase,Akasa Air,DEL,BLR,2026-09-12,2026-09-05 08:33:00,6213.27,2026-09-09 12:37:29,DEL-BLR,2026-09-05
5291,SkyFareHub,IndiGo,DEL,BLR,2026-09-19,2026-09-05 06:25:00,6198.94,2026-09-09 12:37:29,DEL-BLR,2026-09-05
5292,TripEase,IndiGo,DEL,BLR,2026-09-19,2026-09-05 18:06:00,6349.25,2026-09-09 12:37:29,DEL-BLR,2026-09-05
5293,SkyFareHub,Air India,DEL,BLR,2026-09-19,2026-09-05 17:52:00,6673.37,2026-09-09 12:37:29,DEL-BLR,2026-09-05
5294,TripEase,Air India,DEL,BLR,2026-09-19,2026-09-05 22:06:00,6471.57,2026-09-09 12:37:29,DEL-BLR,2026-09-05
5295,SkyFareHub,SpiceJet,DEL,BLR,2026-09-19,2026-09-05 13:49:00,6102.57,2026-09-09 12:37:29,DEL-BLR,2026-09-05
5296,TripEase,SpiceJet,DEL,BLR,2026-09-19,2026-09-05 20:26:00,5498.63,2026-09-09 12:37:29,DEL-BLR,2026-09-05
5297,SkyFareHub,Vistara,DEL,BLR,2026-09-19,2026-09-05 09:22:00,7014.45,2026-09-09 12:37:29,DEL-BLR,2026-09-05
5298,TripEase,Vistara,DEL,BLR,2026-09-19,2026-09-05 13:34:00,7284.61,2026-09-09 12:37:29,DEL-BLR,2026-09-05
5299,SkyFareHub,Akasa Air,DEL,BLR,2026-09-19,2026-09-05 21:11:00,5987.84,2026-09-09 12:37:29,DEL-BLR,2026-09-05
5300,TripEase,Akasa Air,DEL,BLR,2026-09-19,2026-09-05 10:44:00,5888.67,2026-09-09 12:37:29,DEL-BLR,2026-09-05
5301,SkyFareHub,IndiGo,DEL,BLR,2026-10-05,2026-09-05 18:34:00,5833.15,2026-09-09 12:37:29,DEL-BLR,2026-09-05
5302,TripEase,IndiGo,DEL,BLR,2026-10-05,2026-09-05 17:36:00,5759.74,2026-09-09 12:37:29,DEL-BLR,2026-09-05
5303,SkyFareHub,Air India,DEL,BLR,2026-10-05,2026-09-05 20:13:00,6436.09,2026-09-09 12:37:29,DEL-BLR,2026-09-05
5304,TripEase,Air India,DEL,BLR,2026-10-05,2026-09-05 11:21:00,6310.67,2026-09-09 12:37:29,DEL-BLR,2026-09-05
5305,SkyFareHub,SpiceJet,DEL,BLR,2026-10-05,2026-09-05 19:40:00,5591.37,2026-09-09 12:37:29,DEL-BLR,2026-09-05
5306,TripEase,SpiceJet,DEL,BLR,2026-10-05,2026-09-05 15:56:00,5785.92,2026-09-09 12:37:29,DEL-BLR,2026-09-05
5307,SkyFareHub,Vistara,DEL,BLR,2026-10-05,2026-09-05 06:28:00,6771.14,2026-09-09 12:37:29,DEL-BLR,2026-09-05
5308,TripEase,Vistara,DEL,BLR,2026-10-05,2026-09-05 19:27:00,6684.78,2026-09-09 12:37:29,DEL-BLR,2026-09-05
5309,SkyFareHub,Akasa Air,DEL,BLR,2026-10-05,2026-09-05 08:48:00,5966.9,2026-09-09 12:37:29,DEL-BLR,2026-09-05
5310,TripEase,Akasa Air,DEL,BLR,2026-10-05,2026-09-05 21:01:00,5766.17,2026-09-09 12:37:29,DEL-BLR,2026-09-05
5311,SkyFareHub,IndiGo,BOM,BLR,2026-09-12,2026-09-05 20:19:00,4704.72,2026-09-09 12:37:29,BOM-BLR,2026-09-05
5312,TripEase,IndiGo,BOM,BLR,2026-09-12,2026-09-05 17:43:00,4735.39,2026-09-09 12:37:29,BOM-BLR,2026-09-05
5313,SkyFareHub,Air India,BOM,BLR,2026-09-12,2026-09-05 18:17:00,5108.78,2026-09-09 12:37:29,BOM-BLR,2026-09-05
5314,TripEase,Air India,BOM,BLR,2026-09-12,2026-09-05 22:54:00,4871.31,2026-09-09 12:37:29,BOM-BLR,2026-09-05
5315,SkyFareHub,SpiceJet,BOM,BLR,2026-09-12,2026-09-05 13:18:00,4339.36,2026-09-09 12:37:29,BOM-BLR,2026-09-05
5316,TripEase,SpiceJet,BOM,BLR,2026-09-12,2026-09-05 16:13:00,4558.42,2026-09-09 12:37:29,BOM-BLR,2026-09-05
5317,SkyFareHub,Vistara,BOM,BLR,2026-09-12,2026-09-05 09:24:00,5349.22,2026-09-09 12:37:29,BOM-BLR,2026-09-05
5318,TripEase,Vistara,BOM,BLR,2026-09-12,2026-09-05 06:16:00,5304.73,2026-09-09 12:37:29,BOM-BLR,2026-09-05
5319,SkyFareHub,Akasa Air,BOM,BLR,2026-09-12,2026-09-05 11:42:00,4317.35,2026-09-09 12:37:29,BOM-BLR,2026-09-05
5320,TripEase,Akasa Air,BOM,BLR,2026-09-12,2026-09-05 06:20:00,4660.37,2026-09-09 12:37:29,BOM-BLR,2026-09-05
5321,SkyFareHub,IndiGo,BOM,BLR,2026-09-19,2026-09-05 07:10:00,4665.95,2026-09-09 12:37:29,BOM-BLR,2026-09-05
5322,TripEase,IndiGo,BOM,BLR,2026-09-19,2026-09-05 07:25:00,4690.17,2026-09-09 12:37:29,BOM-BLR,2026-09-05
5323,SkyFareHub,Air India,BOM,BLR,2026-09-19,2026-09-05 07:01:00,4944.36,2026-09-09 12:37:29,BOM-BLR,2026-09-05
5324,TripEase,Air India,BOM,BLR,2026-09-19,2026-09-05 14:22:00,5007.7,2026-09-09 12:37:29,BOM-BLR,2026-09-05
5325,SkyFareHub,SpiceJet,BOM,BLR,2026-09-19,2026-09-05 06:35:00,4448.09,2026-09-09 12:37:29,BOM-BLR,2026-09-05
5326,TripEase,SpiceJet,BOM,BLR,2026-09-19,2026-09-05 12:55:00,4521.3,2026-09-09 12:37:29,BOM-BLR,2026-09-05
5327,SkyFareHub,Vistara,BOM,BLR,2026-09-19,2026-09-05 21:19:00,5214.77,2026-09-09 12:37:29,BOM-BLR,2026-09-05
5328,TripEase,Vistara,BOM,BLR,2026-09-19,2026-09-05 13:39:00,5373.82,2026-09-09 12:37:29,BOM-BLR,2026-09-05
5329,SkyFareHub,Akasa Air,BOM,BLR,2026-09-19,2026-09-05 09:35:00,4489.11,2026-09-09 12:37:29,BOM-BLR,2026-09-05
5330,TripEase,Akasa Air,BOM,BLR,2026-09-19,2026-09-05 13:00:00,4537.49,2026-09-09 12:37:29,BOM-BLR,2026-09-05
5331,SkyFareHub,IndiGo,BOM,BLR,2026-10-05,2026-09-05 17:58:00,4446.83,2026-09-09 12:37:29,BOM-BLR,2026-09-05
5332,TripEase,IndiGo,BOM,BLR,2026-10-05,2026-09-05 07:43:00,4142.08,2026-09-09 12:37:29,BOM-BLR,2026-09-05
5333,SkyFareHub,Air India,BOM,BLR,2026-10-05,2026-09-05 18:06:00,4713.48,2026-09-09 12:37:29,BOM-BLR,2026-09-05
5334,TripEase,Air India,BOM,BLR,2026-10-05,2026-09-05 17:41:00,4946.63,2026-09-09 12:37:29,BOM-BLR,2026-09-05
5335,SkyFareHub,SpiceJet,BOM,BLR,2026-10-05,2026-09-05 17:24:00,4230.3,2026-09-09 12:37:29,BOM-BLR,2026-09-05
5336,TripEase,SpiceJet,BOM,BLR,2026-10-05,2026-09-05 12:52:00,4170.99,2026-09-09 12:37:29,BOM-BLR,2026-09-05
5337,SkyFareHub,Vistara,BOM,BLR,2026-10-05,2026-09-05 15:27:00,5103.55,2026-09-09 12:37:29,BOM-BLR,2026-09-05
5338,TripEase,Vistara,BOM,BLR,2026-10-05,2026-09-05 21:58:00,4957.58,2026-09-09 12:37:29,BOM-BLR,2026-09-05
5339,SkyFareHub,Akasa Air,BOM,BLR,2026-10-05,2026-09-05 09:33:00,4267.22,2026-09-09 12:37:29,BOM-BLR,2026-09-05
5340,TripEase,Akasa Air,BOM,BLR,2026-10-05,2026-09-05 07:01:00,4283.55,2026-09-09 12:37:29,BOM-BLR,2026-09-05
5341,SkyFareHub,IndiGo,DEL,MAA,2026-09-12,2026-09-05 19:23:00,6632.97,2026-09-09 12:37:29,DEL-MAA,2026-09-05
5342,TripEase,IndiGo,DEL,MAA,2026-09-12,2026-09-05 13:17:00,6797.5,2026-09-09 12:37:29,DEL-MAA,2026-09-05
5343,SkyFareHub,Air India,DEL,MAA,2026-09-12,2026-09-05 14:08:00,7437.68,2026-09-09 12:37:29,DEL-MAA,2026-09-05
5344,TripEase,Air India,DEL,MAA,2026-09-12,2026-09-05 18:30:00,7530.2,2026-09-09 12:37:29,DEL-MAA,2026-09-05
5345,SkyFareHub,SpiceJet,DEL,MAA,2026-09-12,2026-09-05 19:35:00,6227.49,2026-09-09 12:37:29,DEL-MAA,2026-09-05
5346,TripEase,SpiceJet,DEL,MAA,2026-09-12,2026-09-05 17:10:00,6571.52,2026-09-09 12:37:29,DEL-MAA,2026-09-05
5347,SkyFareHub,Vistara,DEL,MAA,2026-09-12,2026-09-05 10:50:00,7413.51,2026-09-09 12:37:29,DEL-MAA,2026-09-05
5348,TripEase,Vistara,DEL,MAA,2026-09-12,2026-09-05 17:39:00,7745.83,2026-09-09 12:37:29,DEL-MAA,2026-09-05
5349,SkyFareHub,Akasa Air,DEL,MAA,2026-09-12,2026-09-05 10:20:00,6735.24,2026-09-09 12:37:29,DEL-MAA,2026-09-05
5350,TripEase,Akasa Air,DEL,MAA,2026-09-12,2026-09-05 11:54:00,6869.66,2026-09-09 12:37:29,DEL-MAA,2026-09-05
5351,SkyFareHub,IndiGo,DEL,MAA,2026-09-19,2026-09-05 16:15:00,6518.56,2026-09-09 12:37:29,DEL-MAA,2026-09-05
5352,TripEase,IndiGo,DEL,MAA,2026-09-19,2026-09-05 15:28:00,6547.44,2026-09-09 12:37:29,DEL-MAA,2026-09-05
5353,SkyFareHub,Air India,DEL,MAA,2026-09-19,2026-09-05 15:30:00,7240.73,2026-09-09 12:37:29,DEL-MAA,2026-09-05
5354,TripEase,Air India,DEL,MAA,2026-09-19,2026-09-05 15:43:00,7321.88,2026-09-09 12:37:29,DEL-MAA,2026-09-05
5355,SkyFareHub,SpiceJet,DEL,MAA,2026-09-19,2026-09-05 13:38:00,6408.37,2026-09-09 12:37:29,DEL-MAA,2026-09-05
5356,TripEase,SpiceJet,DEL,MAA,2026-09-19,2026-09-05 13:34:00,6156.06,2026-09-09 12:37:29,DEL-MAA,2026-09-05
5357,SkyFareHub,Vistara,DEL,MAA,2026-09-19,2026-09-05 08:08:00,7247.09,2026-09-09 12:37:29,DEL-MAA,2026-09-05
5358,TripEase,Vistara,DEL,MAA,2026-09-19,2026-09-05 12:06:00,7616.42,2026-09-09 12:37:29,DEL-MAA,2026-09-05
5359,SkyFareHub,Akasa Air,DEL,MAA,2026-09-19,2026-09-05 07:00:00,6400.54,2026-09-09 12:37:29,DEL-MAA,2026-09-05
5360,TripEase,Akasa Air,DEL,MAA,2026-09-19,2026-09-05 11:05:00,6528.89,2026-09-09 12:37:29,DEL-MAA,2026-09-05
5361,SkyFareHub,IndiGo,DEL,MAA,2026-10-05,2026-09-05 21:15:00,6480.79,2026-09-09 12:37:29,DEL-MAA,2026-09-05
5362,TripEase,IndiGo,DEL,MAA,2026-10-05,2026-09-05 20:31:00,6697.58,2026-09-09 12:37:29,DEL-MAA,2026-09-05
5363,SkyFareHub,Air India,DEL,MAA,2026-10-05,2026-09-05 13:39:00,6863.14,2026-09-09 12:37:29,DEL-MAA,2026-09-05
5364,TripEase,Air India,DEL,MAA,2026-10-05,2026-09-05 16:35:00,6780.35,2026-09-09 12:37:29,DEL-MAA,2026-09-05
5365,SkyFareHub,SpiceJet,DEL,MAA,2026-10-05,2026-09-05 15:10:00,5902.27,2026-09-09 12:37:29,DEL-MAA,2026-09-05
5366,TripEase,SpiceJet,DEL,MAA,2026-10-05,2026-09-05 16:06:00,6136.95,2026-09-09 12:37:29,DEL-MAA,2026-09-05
5367,SkyFareHub,Vistara,DEL,MAA,2026-10-05,2026-09-05 16:31:00,7546.14,2026-09-09 12:37:29,DEL-MAA,2026-09-05
5368,TripEase,Vistara,DEL,MAA,2026-10-05,2026-09-05 08:03:00,7127.61,2026-09-09 12:37:29,DEL-MAA,2026-09-05
5369,SkyFareHub,Akasa Air,DEL,MAA,2026-10-05,2026-09-05 07:23:00,5984.0,2026-09-09 12:37:29,DEL-MAA,2026-09-05
5370,TripEase,Akasa Air,DEL,MAA,2026-10-05,2026-09-05 20:29:00,5985.46,2026-09-09 12:37:29,DEL-MAA,2026-09-05
5371,SkyFareHub,IndiGo,BOM,MAA,2026-09-12,2026-09-05 17:40:00,5911.61,2026-09-09 12:37:29,BOM-MAA,2026-09-05
5372,TripEase,IndiGo,BOM,MAA,2026-09-12,2026-09-05 15:28:00,5975.68,2026-09-09 12:37:29,BOM-MAA,2026-09-05
5373,SkyFareHub,Air India,BOM,MAA,2026-09-12,2026-09-05 15:07:00,6780.38,2026-09-09 12:37:29,BOM-MAA,2026-09-05
5374,TripEase,Air India,BOM,MAA,2026-09-12,2026-09-05 09:22:00,6803.07,2026-09-09 12:37:29,BOM-MAA,2026-09-05
5375,SkyFareHub,SpiceJet,BOM,MAA,2026-09-12,2026-09-05 20:12:00,5820.07,2026-09-09 12:37:29,BOM-MAA,2026-09-05
5376,TripEase,SpiceJet,BOM,MAA,2026-09-12,2026-09-05 12:02:00,5723.25,2026-09-09 12:37:29,BOM-MAA,2026-09-05
5377,SkyFareHub,Vistara,BOM,MAA,2026-09-12,2026-09-05 06:14:00,6819.74,2026-09-09 12:37:29,BOM-MAA,2026-09-05
5378,TripEase,Vistara,BOM,MAA,2026-09-12,2026-09-05 19:05:00,6760.54,2026-09-09 12:37:29,BOM-MAA,2026-09-05
5379,SkyFareHub,Akasa Air,BOM,MAA,2026-09-12,2026-09-05 12:15:00,5857.65,2026-09-09 12:37:29,BOM-MAA,2026-09-05
5380,TripEase,Akasa Air,BOM,MAA,2026-09-12,2026-09-05 11:27:00,5993.49,2026-09-09 12:37:29,BOM-MAA,2026-09-05
5381,SkyFareHub,IndiGo,BOM,MAA,2026-09-19,2026-09-05 22:34:00,6140.79,2026-09-09 12:37:29,BOM-MAA,2026-09-05
5382,TripEase,IndiGo,BOM,MAA,2026-09-19,2026-09-05 08:22:00,6225.04,2026-09-09 12:37:29,BOM-MAA,2026-09-05
5383,SkyFareHub,Air India,BOM,MAA,2026-09-19,2026-09-05 21:12:00,6546.64,2026-09-09 12:37:29,BOM-MAA,2026-09-05
5384,TripEase,Air India,BOM,MAA,2026-09-19,2026-09-05 19:11:00,6278.05,2026-09-09 12:37:29,BOM-MAA,2026-09-05
5385,SkyFareHub,SpiceJet,BOM,MAA,2026-09-19,2026-09-05 11:07:00,5401.99,2026-09-09 12:37:29,BOM-MAA,2026-09-05
5386,TripEase,SpiceJet,BOM,MAA,2026-09-19,2026-09-05 16:53:00,5542.38,2026-09-09 12:37:29,BOM-MAA,2026-09-05
5387,SkyFareHub,Vistara,BOM,MAA,2026-09-19,2026-09-05 13:30:00,7080.87,2026-09-09 12:37:29,BOM-MAA,2026-09-05
5388,TripEase,Vistara,BOM,MAA,2026-09-19,2026-09-05 07:06:00,7105.15,2026-09-09 12:37:29,BOM-MAA,2026-09-05
5389,SkyFareHub,Akasa Air,BOM,MAA,2026-09-19,2026-09-05 17:27:00,5882.22,2026-09-09 12:37:29,BOM-MAA,2026-09-05
5390,TripEase,Akasa Air,BOM,MAA,2026-09-19,2026-09-05 14:55:00,5729.03,2026-09-09 12:37:29,BOM-MAA,2026-09-05
5391,SkyFareHub,IndiGo,BOM,MAA,2026-10-05,2026-09-05 21:28:00,5537.77,2026-09-09 12:37:29,BOM-MAA,2026-09-05
5392,TripEase,IndiGo,BOM,MAA,2026-10-05,2026-09-05 18:37:00,5994.3,2026-09-09 12:37:29,BOM-MAA,2026-09-05
5393,SkyFareHub,Air India,BOM,MAA,2026-10-05,2026-09-05 13:13:00,6587.74,2026-09-09 12:37:29,BOM-MAA,2026-09-05
5394,TripEase,Air India,BOM,MAA,2026-10-05,2026-09-05 14:56:00,6213.06,2026-09-09 12:37:29,BOM-MAA,2026-09-05
5395,SkyFareHub,SpiceJet,BOM,MAA,2026-10-05,2026-09-05 14:57:00,5489.34,2026-09-09 12:37:29,BOM-MAA,2026-09-05
5396,TripEase,SpiceJet,BOM,MAA,2026-10-05,2026-09-05 06:44:00,5414.03,2026-09-09 12:37:29,BOM-MAA,2026-09-05
5397,SkyFareHub,Vistara,BOM,MAA,2026-10-05,2026-09-05 16:30:00,6171.07,2026-09-09 12:37:29,BOM-MAA,2026-09-05
5398,TripEase,Vistara,BOM,MAA,2026-10-05,2026-09-05 13:53:00,6259.43,2026-09-09 12:37:29,BOM-MAA,2026-09-05
5399,SkyFareHub,Akasa Air,BOM,MAA,2026-10-05,2026-09-05 11:06:00,5823.52,2026-09-09 12:37:29,BOM-MAA,2026-09-05
5400,TripEase,Akasa Air,BOM,MAA,2026-10-05,2026-09-05 19:42:00,5666.32,2026-09-09 12:37:29,BOM-MAA,2026-09-05
5401,SkyFareHub,IndiGo,DEL,CCU,2026-09-12,2026-09-05 11:41:00,6596.83,2026-09-09 12:37:29,DEL-CCU,2026-09-05
5402,TripEase,IndiGo,DEL,CCU,2026-09-12,2026-09-05 22:49:00,6237.81,2026-09-09 12:37:29,DEL-CCU,2026-09-05
5403,SkyFareHub,Air India,DEL,CCU,2026-09-12,2026-09-05 20:37:00,7002.71,2026-09-09 12:37:29,DEL-CCU,2026-09-05
5404,TripEase,Air India,DEL,CCU,2026-09-12,2026-09-05 17:52:00,6734.74,2026-09-09 12:37:29,DEL-CCU,2026-09-05
5405,SkyFareHub,SpiceJet,DEL,CCU,2026-09-12,2026-09-05 17:48:00,6238.81,2026-09-09 12:37:29,DEL-CCU,2026-09-05
5406,TripEase,SpiceJet,DEL,CCU,2026-09-12,2026-09-05 09:53:00,6280.9,2026-09-09 12:37:29,DEL-CCU,2026-09-05
5407,SkyFareHub,Vistara,DEL,CCU,2026-09-12,2026-09-05 08:28:00,7306.09,2026-09-09 12:37:29,DEL-CCU,2026-09-05
5408,TripEase,Vistara,DEL,CCU,2026-09-12,2026-09-05 08:52:00,7522.32,2026-09-09 12:37:29,DEL-CCU,2026-09-05
5409,SkyFareHub,Akasa Air,DEL,CCU,2026-09-12,2026-09-05 12:40:00,6066.52,2026-09-09 12:37:29,DEL-CCU,2026-09-05
5410,TripEase,Akasa Air,DEL,CCU,2026-09-12,2026-09-05 08:29:00,6425.28,2026-09-09 12:37:29,DEL-CCU,2026-09-05
5411,SkyFareHub,IndiGo,DEL,CCU,2026-09-19,2026-09-05 22:19:00,6026.54,2026-09-09 12:37:29,DEL-CCU,2026-09-05
5412,TripEase,IndiGo,DEL,CCU,2026-09-19,2026-09-05 16:51:00,6458.75,2026-09-09 12:37:29,DEL-CCU,2026-09-05
5413,SkyFareHub,Air India,DEL,CCU,2026-09-19,2026-09-05 12:27:00,6529.34,2026-09-09 12:37:29,DEL-CCU,2026-09-05
5414,TripEase,Air India,DEL,CCU,2026-09-19,2026-09-05 22:25:00,6996.7,2026-09-09 12:37:29,DEL-CCU,2026-09-05
5415,SkyFareHub,SpiceJet,DEL,CCU,2026-09-19,2026-09-05 11:46:00,6110.63,2026-09-09 12:37:29,DEL-CCU,2026-09-05
5416,TripEase,SpiceJet,DEL,CCU,2026-09-19,2026-09-05 22:32:00,5715.28,2026-09-09 12:37:29,DEL-CCU,2026-09-05
5417,SkyFareHub,Vistara,DEL,CCU,2026-09-19,2026-09-05 09:49:00,7167.85,2026-09-09 12:37:29,DEL-CCU,2026-09-05
5418,TripEase,Vistara,DEL,CCU,2026-09-19,2026-09-05 21:53:00,6933.85,2026-09-09 12:37:29,DEL-CCU,2026-09-05
5419,SkyFareHub,Akasa Air,DEL,CCU,2026-09-19,2026-09-05 16:36:00,6084.08,2026-09-09 12:37:29,DEL-CCU,2026-09-05
5420,TripEase,Akasa Air,DEL,CCU,2026-09-19,2026-09-05 11:53:00,6026.07,2026-09-09 12:37:29,DEL-CCU,2026-09-05
5421,SkyFareHub,IndiGo,DEL,CCU,2026-10-05,2026-09-05 07:23:00,5924.17,2026-09-09 12:37:29,DEL-CCU,2026-09-05
5422,TripEase,IndiGo,DEL,CCU,2026-10-05,2026-09-05 19:59:00,6061.2,2026-09-09 12:37:29,DEL-CCU,2026-09-05
5423,SkyFareHub,Air India,DEL,CCU,2026-10-05,2026-09-05 17:05:00,6462.92,2026-09-09 12:37:29,DEL-CCU,2026-09-05
5424,TripEase,Air India,DEL,CCU,2026-10-05,2026-09-05 22:34:00,6749.95,2026-09-09 12:37:29,DEL-CCU,2026-09-05
5425,SkyFareHub,SpiceJet,DEL,CCU,2026-10-05,2026-09-05 20:47:00,6028.77,2026-09-09 12:37:29,DEL-CCU,2026-09-05
5426,TripEase,SpiceJet,DEL,CCU,2026-10-05,2026-09-05 16:12:00,5713.03,2026-09-09 12:37:29,DEL-CCU,2026-09-05
5427,SkyFareHub,Vistara,DEL,CCU,2026-10-05,2026-09-05 09:07:00,6793.67,2026-09-09 12:37:29,DEL-CCU,2026-09-05
5428,TripEase,Vistara,DEL,CCU,2026-10-05,2026-09-05 08:00:00,7213.03,2026-09-09 12:37:29,DEL-CCU,2026-09-05
5429,SkyFareHub,Akasa Air,DEL,CCU,2026-10-05,2026-09-05 10:54:00,5953.58,2026-09-09 12:37:29,DEL-CCU,2026-09-05
5430,TripEase,Akasa Air,DEL,CCU,2026-10-05,2026-09-05 10:41:00,5971.36,2026-09-09 12:37:29,DEL-CCU,2026-09-05
5431,SkyFareHub,IndiGo,BLR,HYD,2026-09-12,2026-09-05 13:46:00,4020.46,2026-09-09 12:37:29,BLR-HYD,2026-09-05
5432,TripEase,IndiGo,BLR,HYD,2026-09-12,2026-09-05 22:20:00,3934.95,2026-09-09 12:37:29,BLR-HYD,2026-09-05
5433,SkyFareHub,Air India,BLR,HYD,2026-09-12,2026-09-05 22:45:00,4442.95,2026-09-09 12:37:29,BLR-HYD,2026-09-05
5434,TripEase,Air India,BLR,HYD,2026-09-12,2026-09-05 07:56:00,4072.19,2026-09-09 12:37:29,BLR-HYD,2026-09-05
5435,SkyFareHub,SpiceJet,BLR,HYD,2026-09-12,2026-09-05 20:13:00,3569.8,2026-09-09 12:37:29,BLR-HYD,2026-09-05
5436,TripEase,SpiceJet,BLR,HYD,2026-09-12,2026-09-05 22:31:00,3804.9,2026-09-09 12:37:29,BLR-HYD,2026-09-05
5437,SkyFareHub,Vistara,BLR,HYD,2026-09-12,2026-09-05 10:58:00,4495.0,2026-09-09 12:37:29,BLR-HYD,2026-09-05
5438,TripEase,Vistara,BLR,HYD,2026-09-12,2026-09-05 17:32:00,4432.95,2026-09-09 12:37:29,BLR-HYD,2026-09-05
5439,SkyFareHub,Akasa Air,BLR,HYD,2026-09-12,2026-09-05 13:13:00,3867.13,2026-09-09 12:37:29,BLR-HYD,2026-09-05
5440,TripEase,Akasa Air,BLR,HYD,2026-09-12,2026-09-05 07:45:00,3845.96,2026-09-09 12:37:29,BLR-HYD,2026-09-05
5441,SkyFareHub,IndiGo,BLR,HYD,2026-09-19,2026-09-05 16:55:00,3692.75,2026-09-09 12:37:29,BLR-HYD,2026-09-05
5442,TripEase,IndiGo,BLR,HYD,2026-09-19,2026-09-05 19:05:00,4112.36,2026-09-09 12:37:29,BLR-HYD,2026-09-05
5443,SkyFareHub,Air India,BLR,HYD,2026-09-19,2026-09-05 20:42:00,4265.38,2026-09-09 12:37:29,BLR-HYD,2026-09-05
5444,TripEase,Air India,BLR,HYD,2026-09-19,2026-09-05 18:52:00,4148.2,2026-09-09 12:37:29,BLR-HYD,2026-09-05
5445,SkyFareHub,SpiceJet,BLR,HYD,2026-09-19,2026-09-05 11:22:00,3672.45,2026-09-09 12:37:29,BLR-HYD,2026-09-05
5446,TripEase,SpiceJet,BLR,HYD,2026-09-19,2026-09-05 09:24:00,3728.69,2026-09-09 12:37:29,BLR-HYD,2026-09-05
5447,SkyFareHub,Vistara,BLR,HYD,2026-09-19,2026-09-05 07:42:00,4363.65,2026-09-09 12:37:29,BLR-HYD,2026-09-05
5448,TripEase,Vistara,BLR,HYD,2026-09-19,2026-09-05 13:30:00,4338.71,2026-09-09 12:37:29,BLR-HYD,2026-09-05
5449,SkyFareHub,Akasa Air,BLR,HYD,2026-09-19,2026-09-05 11:34:00,3754.2,2026-09-09 12:37:29,BLR-HYD,2026-09-05
5450,TripEase,Akasa Air,BLR,HYD,2026-09-19,2026-09-05 18:26:00,3908.91,2026-09-09 12:37:29,BLR-HYD,2026-09-05
5451,SkyFareHub,IndiGo,BLR,HYD,2026-10-05,2026-09-05 15:11:00,3701.24,2026-09-09 12:37:29,BLR-HYD,2026-09-05
5452,TripEase,IndiGo,BLR,HYD,2026-10-05,2026-09-05 14:16:00,3735.58,2026-09-09 12:37:29,BLR-HYD,2026-09-05
5453,SkyFareHub,Air India,BLR,HYD,2026-10-05,2026-09-05 19:04:00,3967.16,2026-09-09 12:37:29,BLR-HYD,2026-09-05
5454,TripEase,Air India,BLR,HYD,2026-10-05,2026-09-05 20:20:00,3810.16,2026-09-09 12:37:29,BLR-HYD,2026-09-05
5455,SkyFareHub,SpiceJet,BLR,HYD,2026-10-05,2026-09-05 15:26:00,3544.13,2026-09-09 12:37:29,BLR-HYD,2026-09-05
5456,TripEase,SpiceJet,BLR,HYD,2026-10-05,2026-09-05 17:07:00,3564.75,2026-09-09 12:37:29,BLR-HYD,2026-09-05
5457,SkyFareHub,Vistara,BLR,HYD,2026-10-05,2026-09-05 06:08:00,4204.29,2026-09-09 12:37:29,BLR-HYD,2026-09-05
5458,TripEase,Vistara,BLR,HYD,2026-10-05,2026-09-05 14:09:00,4242.82,2026-09-09 12:37:29,BLR-HYD,2026-09-05
5459,SkyFareHub,Akasa Air,BLR,HYD,2026-10-05,2026-09-05 10:59:00,3576.42,2026-09-09 12:37:29,BLR-HYD,2026-09-05
5460,TripEase,Akasa Air,BLR,HYD,2026-10-05,2026-09-05 14:40:00,3829.61,2026-09-09 12:37:29,BLR-HYD,2026-09-05
5461,SkyFareHub,IndiGo,DEL,BOM,2026-09-13,2026-09-06 09:33:00,5525.95,2026-09-09 12:37:29,DEL-BOM,2026-09-06
5462,TripEase,IndiGo,DEL,BOM,2026-09-13,2026-09-06 16:50:00,5738.68,2026-09-09 12:37:29,DEL-BOM,2026-09-06
5463,SkyFareHub,Air India,DEL,BOM,2026-09-13,2026-09-06 19:36:00,5852.25,2026-09-09 12:37:29,DEL-BOM,2026-09-06
5464,TripEase,Air India,DEL,BOM,2026-09-13,2026-09-06 18:16:00,6288.46,2026-09-09 12:37:29,DEL-BOM,2026-09-06
5465,SkyFareHub,SpiceJet,DEL,BOM,2026-09-13,2026-09-06 06:36:00,5631.2,2026-09-09 12:37:29,DEL-BOM,2026-09-06
5466,TripEase,SpiceJet,DEL,BOM,2026-09-13,2026-09-06 14:39:00,5289.11,2026-09-09 12:37:29,DEL-BOM,2026-09-06
5467,SkyFareHub,Vistara,DEL,BOM,2026-09-13,2026-09-06 16:48:00,6681.33,2026-09-09 12:37:29,DEL-BOM,2026-09-06
5468,TripEase,Vistara,DEL,BOM,2026-09-13,2026-09-06 13:53:00,6661.22,2026-09-09 12:37:29,DEL-BOM,2026-09-06
5469,SkyFareHub,Akasa Air,DEL,BOM,2026-09-13,2026-09-06 20:08:00,5633.27,2026-09-09 12:37:29,DEL-BOM,2026-09-06
5470,TripEase,Akasa Air,DEL,BOM,2026-09-13,2026-09-06 14:56:00,5571.36,2026-09-09 12:37:29,DEL-BOM,2026-09-06
5471,SkyFareHub,IndiGo,DEL,BOM,2026-09-20,2026-09-06 19:51:00,5544.75,2026-09-09 12:37:29,DEL-BOM,2026-09-06
5472,TripEase,IndiGo,DEL,BOM,2026-09-20,2026-09-06 09:50:00,5677.64,2026-09-09 12:37:29,DEL-BOM,2026-09-06
5473,SkyFareHub,Air India,DEL,BOM,2026-09-20,2026-09-06 14:49:00,5849.88,2026-09-09 12:37:29,DEL-BOM,2026-09-06
5474,TripEase,Air India,DEL,BOM,2026-09-20,2026-09-06 12:19:00,6311.86,2026-09-09 12:37:29,DEL-BOM,2026-09-06
5475,SkyFareHub,SpiceJet,DEL,BOM,2026-09-20,2026-09-06 22:57:00,5572.44,2026-09-09 12:37:29,DEL-BOM,2026-09-06
5476,TripEase,SpiceJet,DEL,BOM,2026-09-20,2026-09-06 21:28:00,5163.54,2026-09-09 12:37:29,DEL-BOM,2026-09-06
5477,SkyFareHub,Vistara,DEL,BOM,2026-09-20,2026-09-06 22:14:00,6502.59,2026-09-09 12:37:29,DEL-BOM,2026-09-06
5478,TripEase,Vistara,DEL,BOM,2026-09-20,2026-09-06 15:48:00,6488.01,2026-09-09 12:37:29,DEL-BOM,2026-09-06
5479,SkyFareHub,Akasa Air,DEL,BOM,2026-09-20,2026-09-06 14:06:00,5294.22,2026-09-09 12:37:29,DEL-BOM,2026-09-06
5480,TripEase,Akasa Air,DEL,BOM,2026-09-20,2026-09-06 06:39:00,5186.48,2026-09-09 12:37:29,DEL-BOM,2026-09-06
5481,SkyFareHub,IndiGo,DEL,BOM,2026-10-06,2026-09-06 17:12:00,5772.69,2026-09-09 12:37:29,DEL-BOM,2026-09-06
5482,TripEase,IndiGo,DEL,BOM,2026-10-06,2026-09-06 19:01:00,5498.38,2026-09-09 12:37:29,DEL-BOM,2026-09-06
5483,SkyFareHub,Air India,DEL,BOM,2026-10-06,2026-09-06 10:22:00,5604.86,2026-09-09 12:37:29,DEL-BOM,2026-09-06
5484,TripEase,Air India,DEL,BOM,2026-10-06,2026-09-06 07:59:00,5655.5,2026-09-09 12:37:29,DEL-BOM,2026-09-06
5485,SkyFareHub,SpiceJet,DEL,BOM,2026-10-06,2026-09-06 11:55:00,5125.34,2026-09-09 12:37:29,DEL-BOM,2026-09-06
5486,TripEase,SpiceJet,DEL,BOM,2026-10-06,2026-09-06 07:46:00,5451.35,2026-09-09 12:37:29,DEL-BOM,2026-09-06
5487,SkyFareHub,Vistara,DEL,BOM,2026-10-06,2026-09-06 10:00:00,6322.98,2026-09-09 12:37:29,DEL-BOM,2026-09-06
5488,TripEase,Vistara,DEL,BOM,2026-10-06,2026-09-06 06:03:00,6066.42,2026-09-09 12:37:29,DEL-BOM,2026-09-06
5489,SkyFareHub,Akasa Air,DEL,BOM,2026-10-06,2026-09-06 14:06:00,5370.63,2026-09-09 12:37:29,DEL-BOM,2026-09-06
5490,TripEase,Akasa Air,DEL,BOM,2026-10-06,2026-09-06 17:49:00,5204.21,2026-09-09 12:37:29,DEL-BOM,2026-09-06
5491,SkyFareHub,IndiGo,DEL,BLR,2026-09-13,2026-09-06 08:03:00,6123.68,2026-09-09 12:37:29,DEL-BLR,2026-09-06
5492,TripEase,IndiGo,DEL,BLR,2026-09-13,2026-09-06 15:06:00,6375.05,2026-09-09 12:37:29,DEL-BLR,2026-09-06
5493,SkyFareHub,Air India,DEL,BLR,2026-09-13,2026-09-06 10:48:00,7149.05,2026-09-09 12:37:29,DEL-BLR,2026-09-06
5494,TripEase,Air India,DEL,BLR,2026-09-13,2026-09-06 06:37:00,6795.53,2026-09-09 12:37:29,DEL-BLR,2026-09-06
5495,SkyFareHub,SpiceJet,DEL,BLR,2026-09-13,2026-09-06 10:47:00,6052.21,2026-09-09 12:37:29,DEL-BLR,2026-09-06
5496,TripEase,SpiceJet,DEL,BLR,2026-09-13,2026-09-06 19:13:00,5783.51,2026-09-09 12:37:29,DEL-BLR,2026-09-06
5497,SkyFareHub,Vistara,DEL,BLR,2026-09-13,2026-09-06 21:53:00,6933.2,2026-09-09 12:37:29,DEL-BLR,2026-09-06
5498,TripEase,Vistara,DEL,BLR,2026-09-13,2026-09-06 15:00:00,6900.76,2026-09-09 12:37:29,DEL-BLR,2026-09-06
5499,SkyFareHub,Akasa Air,DEL,BLR,2026-09-13,2026-09-06 12:11:00,6075.06,2026-09-09 12:37:29,DEL-BLR,2026-09-06
5500,TripEase,Akasa Air,DEL,BLR,2026-09-13,2026-09-06 07:02:00,5865.86,2026-09-09 12:37:29,DEL-BLR,2026-09-06
5501,SkyFareHub,IndiGo,DEL,BLR,2026-09-20,2026-09-06 19:06:00,5951.2,2026-09-09 12:37:29,DEL-BLR,2026-09-06
5502,TripEase,IndiGo,DEL,BLR,2026-09-20,2026-09-06 21:00:00,6132.88,2026-09-09 12:37:29,DEL-BLR,2026-09-06
5503,SkyFareHub,Air India,DEL,BLR,2026-09-20,2026-09-06 11:03:00,6411.09,2026-09-09 12:37:29,DEL-BLR,2026-09-06
5504,TripEase,Air India,DEL,BLR,2026-09-20,2026-09-06 07:02:00,6729.15,2026-09-09 12:37:29,DEL-BLR,2026-09-06
5505,SkyFareHub,SpiceJet,DEL,BLR,2026-09-20,2026-09-06 13:25:00,5980.49,2026-09-09 12:37:29,DEL-BLR,2026-09-06
5506,TripEase,SpiceJet,DEL,BLR,2026-09-20,2026-09-06 10:04:00,5992.03,2026-09-09 12:37:29,DEL-BLR,2026-09-06
5507,SkyFareHub,Vistara,DEL,BLR,2026-09-20,2026-09-06 06:00:00,6979.2,2026-09-09 12:37:29,DEL-BLR,2026-09-06
5508,TripEase,Vistara,DEL,BLR,2026-09-20,2026-09-06 16:01:00,6966.27,2026-09-09 12:37:29,DEL-BLR,2026-09-06
5509,SkyFareHub,Akasa Air,DEL,BLR,2026-09-20,2026-09-06 10:21:00,5749.67,2026-09-09 12:37:29,DEL-BLR,2026-09-06
5510,TripEase,Akasa Air,DEL,BLR,2026-09-20,2026-09-06 06:01:00,6201.06,2026-09-09 12:37:29,DEL-BLR,2026-09-06
5511,SkyFareHub,IndiGo,DEL,BLR,2026-10-06,2026-09-06 20:05:00,5984.13,2026-09-09 12:37:29,DEL-BLR,2026-09-06
5512,TripEase,IndiGo,DEL,BLR,2026-10-06,2026-09-06 20:10:00,5895.15,2026-09-09 12:37:29,DEL-BLR,2026-09-06
5513,SkyFareHub,Air India,DEL,BLR,2026-10-06,2026-09-06 18:36:00,6093.87,2026-09-09 12:37:29,DEL-BLR,2026-09-06
5514,TripEase,Air India,DEL,BLR,2026-10-06,2026-09-06 08:41:00,6186.88,2026-09-09 12:37:29,DEL-BLR,2026-09-06
5515,SkyFareHub,SpiceJet,DEL,BLR,2026-10-06,2026-09-06 09:01:00,5475.37,2026-09-09 12:37:29,DEL-BLR,2026-09-06
5516,TripEase,SpiceJet,DEL,BLR,2026-10-06,2026-09-06 14:47:00,5700.28,2026-09-09 12:37:29,DEL-BLR,2026-09-06
5517,SkyFareHub,Vistara,DEL,BLR,2026-10-06,2026-09-06 21:07:00,6625.16,2026-09-09 12:37:29,DEL-BLR,2026-09-06
5518,TripEase,Vistara,DEL,BLR,2026-10-06,2026-09-06 08:30:00,6892.23,2026-09-09 12:37:29,DEL-BLR,2026-09-06
5519,SkyFareHub,Akasa Air,DEL,BLR,2026-10-06,2026-09-06 15:15:00,5903.6,2026-09-09 12:37:29,DEL-BLR,2026-09-06
5520,TripEase,Akasa Air,DEL,BLR,2026-10-06,2026-09-06 10:52:00,5889.39,2026-09-09 12:37:29,DEL-BLR,2026-09-06
5521,SkyFareHub,IndiGo,BOM,BLR,2026-09-13,2026-09-06 10:11:00,4517.36,2026-09-09 12:37:29,BOM-BLR,2026-09-06
5522,TripEase,IndiGo,BOM,BLR,2026-09-13,2026-09-06 18:00:00,4509.29,2026-09-09 12:37:29,BOM-BLR,2026-09-06
5523,SkyFareHub,Air India,BOM,BLR,2026-09-13,2026-09-06 14:48:00,4809.32,2026-09-09 12:37:29,BOM-BLR,2026-09-06
5524,TripEase,Air India,BOM,BLR,2026-09-13,2026-09-06 06:37:00,5018.65,2026-09-09 12:37:29,BOM-BLR,2026-09-06
5525,SkyFareHub,SpiceJet,BOM,BLR,2026-09-13,2026-09-06 20:51:00,4425.2,2026-09-09 12:37:29,BOM-BLR,2026-09-06
5526,TripEase,SpiceJet,BOM,BLR,2026-09-13,2026-09-06 18:39:00,4665.78,2026-09-09 12:37:29,BOM-BLR,2026-09-06
5527,SkyFareHub,Vistara,BOM,BLR,2026-09-13,2026-09-06 19:41:00,5227.94,2026-09-09 12:37:29,BOM-BLR,2026-09-06
5528,TripEase,Vistara,BOM,BLR,2026-09-13,2026-09-06 13:59:00,5371.6,2026-09-09 12:37:29,BOM-BLR,2026-09-06
5529,SkyFareHub,Akasa Air,BOM,BLR,2026-09-13,2026-09-06 20:38:00,4376.59,2026-09-09 12:37:29,BOM-BLR,2026-09-06
5530,TripEase,Akasa Air,BOM,BLR,2026-09-13,2026-09-06 06:43:00,4710.84,2026-09-09 12:37:29,BOM-BLR,2026-09-06
5531,SkyFareHub,IndiGo,BOM,BLR,2026-09-20,2026-09-06 17:37:00,4598.21,2026-09-09 12:37:29,BOM-BLR,2026-09-06
5532,TripEase,IndiGo,BOM,BLR,2026-09-20,2026-09-06 07:08:00,4516.74,2026-09-09 12:37:29,BOM-BLR,2026-09-06
5533,SkyFareHub,Air India,BOM,BLR,2026-09-20,2026-09-06 09:20:00,4843.43,2026-09-09 12:37:29,BOM-BLR,2026-09-06
5534,TripEase,Air India,BOM,BLR,2026-09-20,2026-09-06 08:10:00,5170.33,2026-09-09 12:37:29,BOM-BLR,2026-09-06
5535,SkyFareHub,SpiceJet,BOM,BLR,2026-09-20,2026-09-06 18:48:00,4496.46,2026-09-09 12:37:29,BOM-BLR,2026-09-06
5536,TripEase,SpiceJet,BOM,BLR,2026-09-20,2026-09-06 19:16:00,4511.07,2026-09-09 12:37:29,BOM-BLR,2026-09-06
5537,SkyFareHub,Vistara,BOM,BLR,2026-09-20,2026-09-06 22:43:00,5268.85,2026-09-09 12:37:29,BOM-BLR,2026-09-06
5538,TripEase,Vistara,BOM,BLR,2026-09-20,2026-09-06 18:03:00,5176.32,2026-09-09 12:37:29,BOM-BLR,2026-09-06
5539,SkyFareHub,Akasa Air,BOM,BLR,2026-09-20,2026-09-06 14:19:00,4616.95,2026-09-09 12:37:29,BOM-BLR,2026-09-06
5540,TripEase,Akasa Air,BOM,BLR,2026-09-20,2026-09-06 13:28:00,4327.55,2026-09-09 12:37:29,BOM-BLR,2026-09-06
5541,SkyFareHub,IndiGo,BOM,BLR,2026-10-06,2026-09-06 08:36:00,4587.34,2026-09-09 12:37:29,BOM-BLR,2026-09-06
5542,TripEase,IndiGo,BOM,BLR,2026-10-06,2026-09-06 15:39:00,4193.28,2026-09-09 12:37:29,BOM-BLR,2026-09-06
5543,SkyFareHub,Air India,BOM,BLR,2026-10-06,2026-09-06 19:19:00,4840.85,2026-09-09 12:37:29,BOM-BLR,2026-09-06
5544,TripEase,Air India,BOM,BLR,2026-10-06,2026-09-06 22:59:00,4610.55,2026-09-09 12:37:29,BOM-BLR,2026-09-06
5545,SkyFareHub,SpiceJet,BOM,BLR,2026-10-06,2026-09-06 12:25:00,4444.43,2026-09-09 12:37:29,BOM-BLR,2026-09-06
5546,TripEase,SpiceJet,BOM,BLR,2026-10-06,2026-09-06 10:53:00,4329.76,2026-09-09 12:37:29,BOM-BLR,2026-09-06
5547,SkyFareHub,Vistara,BOM,BLR,2026-10-06,2026-09-06 13:17:00,4948.57,2026-09-09 12:37:29,BOM-BLR,2026-09-06
5548,TripEase,Vistara,BOM,BLR,2026-10-06,2026-09-06 14:28:00,5145.75,2026-09-09 12:37:29,BOM-BLR,2026-09-06
5549,SkyFareHub,Akasa Air,BOM,BLR,2026-10-06,2026-09-06 11:07:00,4358.01,2026-09-09 12:37:29,BOM-BLR,2026-09-06
5550,TripEase,Akasa Air,BOM,BLR,2026-10-06,2026-09-06 19:20:00,4349.1,2026-09-09 12:37:29,BOM-BLR,2026-09-06
5551,SkyFareHub,IndiGo,DEL,MAA,2026-09-13,2026-09-06 06:10:00,6505.19,2026-09-09 12:37:29,DEL-MAA,2026-09-06
5552,TripEase,IndiGo,DEL,MAA,2026-09-13,2026-09-06 21:43:00,6384.08,2026-09-09 12:37:29,DEL-MAA,2026-09-06
5553,SkyFareHub,Air India,DEL,MAA,2026-09-13,2026-09-06 06:22:00,7396.23,2026-09-09 12:37:29,DEL-MAA,2026-09-06
5554,TripEase,Air India,DEL,MAA,2026-09-13,2026-09-06 12:48:00,7310.85,2026-09-09 12:37:29,DEL-MAA,2026-09-06
5555,SkyFareHub,SpiceJet,DEL,MAA,2026-09-13,2026-09-06 06:35:00,6102.21,2026-09-09 12:37:29,DEL-MAA,2026-09-06
5556,TripEase,SpiceJet,DEL,MAA,2026-09-13,2026-09-06 15:47:00,6329.07,2026-09-09 12:37:29,DEL-MAA,2026-09-06
5557,SkyFareHub,Vistara,DEL,MAA,2026-09-13,2026-09-06 13:37:00,7854.93,2026-09-09 12:37:29,DEL-MAA,2026-09-06
5558,TripEase,Vistara,DEL,MAA,2026-09-13,2026-09-06 22:33:00,7294.51,2026-09-09 12:37:29,DEL-MAA,2026-09-06
5559,SkyFareHub,Akasa Air,DEL,MAA,2026-09-13,2026-09-06 08:07:00,6698.07,2026-09-09 12:37:29,DEL-MAA,2026-09-06
5560,TripEase,Akasa Air,DEL,MAA,2026-09-13,2026-09-06 06:01:00,6384.36,2026-09-09 12:37:29,DEL-MAA,2026-09-06
5561,SkyFareHub,IndiGo,DEL,MAA,2026-09-20,2026-09-06 08:24:00,6842.45,2026-09-09 12:37:29,DEL-MAA,2026-09-06
5562,TripEase,IndiGo,DEL,MAA,2026-09-20,2026-09-06 10:52:00,6790.36,2026-09-09 12:37:29,DEL-MAA,2026-09-06
5563,SkyFareHub,Air India,DEL,MAA,2026-09-20,2026-09-06 12:59:00,7118.15,2026-09-09 12:37:29,DEL-MAA,2026-09-06
5564,TripEase,Air India,DEL,MAA,2026-09-20,2026-09-06 20:47:00,7308.7,2026-09-09 12:37:29,DEL-MAA,2026-09-06
5565,SkyFareHub,SpiceJet,DEL,MAA,2026-09-20,2026-09-06 06:34:00,6261.68,2026-09-09 12:37:29,DEL-MAA,2026-09-06
5566,TripEase,SpiceJet,DEL,MAA,2026-09-20,2026-09-06 08:54:00,6412.4,2026-09-09 12:37:29,DEL-MAA,2026-09-06
5567,SkyFareHub,Vistara,DEL,MAA,2026-09-20,2026-09-06 21:16:00,7902.97,2026-09-09 12:37:29,DEL-MAA,2026-09-06
5568,TripEase,Vistara,DEL,MAA,2026-09-20,2026-09-06 06:58:00,7377.22,2026-09-09 12:37:29,DEL-MAA,2026-09-06
5569,SkyFareHub,Akasa Air,DEL,MAA,2026-09-20,2026-09-06 22:17:00,6640.3,2026-09-09 12:37:29,DEL-MAA,2026-09-06
5570,TripEase,Akasa Air,DEL,MAA,2026-09-20,2026-09-06 09:56:00,6456.1,2026-09-09 12:37:29,DEL-MAA,2026-09-06
5571,SkyFareHub,IndiGo,DEL,MAA,2026-10-06,2026-09-06 20:05:00,6360.41,2026-09-09 12:37:29,DEL-MAA,2026-09-06
5572,TripEase,IndiGo,DEL,MAA,2026-10-06,2026-09-06 08:20:00,6668.98,2026-09-09 12:37:29,DEL-MAA,2026-09-06
5573,SkyFareHub,Air India,DEL,MAA,2026-10-06,2026-09-06 17:44:00,6770.5,2026-09-09 12:37:29,DEL-MAA,2026-09-06
5574,TripEase,Air India,DEL,MAA,2026-10-06,2026-09-06 15:09:00,6820.3,2026-09-09 12:37:29,DEL-MAA,2026-09-06
5575,SkyFareHub,SpiceJet,DEL,MAA,2026-10-06,2026-09-06 14:51:00,6233.99,2026-09-09 12:37:29,DEL-MAA,2026-09-06
5576,TripEase,SpiceJet,DEL,MAA,2026-10-06,2026-09-06 17:13:00,6107.88,2026-09-09 12:37:29,DEL-MAA,2026-09-06
5577,SkyFareHub,Vistara,DEL,MAA,2026-10-06,2026-09-06 19:26:00,7184.31,2026-09-09 12:37:29,DEL-MAA,2026-09-06
5578,TripEase,Vistara,DEL,MAA,2026-10-06,2026-09-06 14:18:00,7046.82,2026-09-09 12:37:29,DEL-MAA,2026-09-06
5579,SkyFareHub,Akasa Air,DEL,MAA,2026-10-06,2026-09-06 18:27:00,6362.95,2026-09-09 12:37:29,DEL-MAA,2026-09-06
5580,TripEase,Akasa Air,DEL,MAA,2026-10-06,2026-09-06 09:03:00,6297.33,2026-09-09 12:37:29,DEL-MAA,2026-09-06
5581,SkyFareHub,IndiGo,BOM,MAA,2026-09-13,2026-09-06 06:51:00,5966.55,2026-09-09 12:37:29,BOM-MAA,2026-09-06
5582,TripEase,IndiGo,BOM,MAA,2026-09-13,2026-09-06 08:44:00,5950.15,2026-09-09 12:37:29,BOM-MAA,2026-09-06
5583,SkyFareHub,Air India,BOM,MAA,2026-09-13,2026-09-06 13:32:00,6676.46,2026-09-09 12:37:29,BOM-MAA,2026-09-06
5584,TripEase,Air India,BOM,MAA,2026-09-13,2026-09-06 15:00:00,6645.78,2026-09-09 12:37:29,BOM-MAA,2026-09-06
5585,SkyFareHub,SpiceJet,BOM,MAA,2026-09-13,2026-09-06 10:02:00,5698.69,2026-09-09 12:37:29,BOM-MAA,2026-09-06
5586,TripEase,SpiceJet,BOM,MAA,2026-09-13,2026-09-06 08:31:00,5739.53,2026-09-09 12:37:29,BOM-MAA,2026-09-06
5587,SkyFareHub,Vistara,BOM,MAA,2026-09-13,2026-09-06 10:29:00,6725.62,2026-09-09 12:37:29,BOM-MAA,2026-09-06
5588,TripEase,Vistara,BOM,MAA,2026-09-13,2026-09-06 12:26:00,6950.89,2026-09-09 12:37:29,BOM-MAA,2026-09-06
5589,SkyFareHub,Akasa Air,BOM,MAA,2026-09-13,2026-09-06 13:22:00,5915.72,2026-09-09 12:37:29,BOM-MAA,2026-09-06
5590,TripEase,Akasa Air,BOM,MAA,2026-09-13,2026-09-06 15:05:00,5908.21,2026-09-09 12:37:29,BOM-MAA,2026-09-06
5591,SkyFareHub,IndiGo,BOM,MAA,2026-09-20,2026-09-06 10:35:00,5634.55,2026-09-09 12:37:29,BOM-MAA,2026-09-06
5592,TripEase,IndiGo,BOM,MAA,2026-09-20,2026-09-06 09:43:00,5896.48,2026-09-09 12:37:29,BOM-MAA,2026-09-06
5593,SkyFareHub,Air India,BOM,MAA,2026-09-20,2026-09-06 11:50:00,6208.64,2026-09-09 12:37:29,BOM-MAA,2026-09-06
5594,TripEase,Air India,BOM,MAA,2026-09-20,2026-09-06 06:18:00,6417.2,2026-09-09 12:37:29,BOM-MAA,2026-09-06
5595,SkyFareHub,SpiceJet,BOM,MAA,2026-09-20,2026-09-06 09:56:00,5851.4,2026-09-09 12:37:29,BOM-MAA,2026-09-06
5596,TripEase,SpiceJet,BOM,MAA,2026-09-20,2026-09-06 11:14:00,5420.41,2026-09-09 12:37:29,BOM-MAA,2026-09-06
5597,SkyFareHub,Vistara,BOM,MAA,2026-09-20,2026-09-06 06:03:00,6558.84,2026-09-09 12:37:29,BOM-MAA,2026-09-06
5598,TripEase,Vistara,BOM,MAA,2026-09-20,2026-09-06 22:09:00,6630.54,2026-09-09 12:37:29,BOM-MAA,2026-09-06
5599,SkyFareHub,Akasa Air,BOM,MAA,2026-09-20,2026-09-06 11:12:00,5580.77,2026-09-09 12:37:29,BOM-MAA,2026-09-06
5600,TripEase,Akasa Air,BOM,MAA,2026-09-20,2026-09-06 19:04:00,5856.67,2026-09-09 12:37:29,BOM-MAA,2026-09-06
5601,SkyFareHub,IndiGo,BOM,MAA,2026-10-06,2026-09-06 14:34:00,5547.49,2026-09-09 12:37:29,BOM-MAA,2026-09-06
5602,TripEase,IndiGo,BOM,MAA,2026-10-06,2026-09-06 19:27:00,5675.87,2026-09-09 12:37:29,BOM-MAA,2026-09-06
5603,SkyFareHub,Air India,BOM,MAA,2026-10-06,2026-09-06 14:19:00,6227.1,2026-09-09 12:37:29,BOM-MAA,2026-09-06
5604,TripEase,Air India,BOM,MAA,2026-10-06,2026-09-06 15:41:00,5977.23,2026-09-09 12:37:29,BOM-MAA,2026-09-06
5605,SkyFareHub,SpiceJet,BOM,MAA,2026-10-06,2026-09-06 20:26:00,5200.81,2026-09-09 12:37:29,BOM-MAA,2026-09-06
5606,TripEase,SpiceJet,BOM,MAA,2026-10-06,2026-09-06 15:24:00,5786.23,2026-09-09 12:37:29,BOM-MAA,2026-09-06
5607,SkyFareHub,Vistara,BOM,MAA,2026-10-06,2026-09-06 08:21:00,6590.73,2026-09-09 12:37:29,BOM-MAA,2026-09-06
5608,TripEase,Vistara,BOM,MAA,2026-10-06,2026-09-06 12:46:00,6414.71,2026-09-09 12:37:29,BOM-MAA,2026-09-06
5609,SkyFareHub,Akasa Air,BOM,MAA,2026-10-06,2026-09-06 14:15:00,5603.3,2026-09-09 12:37:29,BOM-MAA,2026-09-06
5610,TripEase,Akasa Air,BOM,MAA,2026-10-06,2026-09-06 08:31:00,5660.1,2026-09-09 12:37:29,BOM-MAA,2026-09-06
5611,SkyFareHub,IndiGo,DEL,CCU,2026-09-13,2026-09-06 11:20:00,6712.74,2026-09-09 12:37:29,DEL-CCU,2026-09-06
5612,TripEase,IndiGo,DEL,CCU,2026-09-13,2026-09-06 10:52:00,6670.84,2026-09-09 12:37:29,DEL-CCU,2026-09-06
5613,SkyFareHub,Air India,DEL,CCU,2026-09-13,2026-09-06 18:28:00,7123.49,2026-09-09 12:37:29,DEL-CCU,2026-09-06
5614,TripEase,Air India,DEL,CCU,2026-09-13,2026-09-06 19:45:00,7232.32,2026-09-09 12:37:29,DEL-CCU,2026-09-06
5615,SkyFareHub,SpiceJet,DEL,CCU,2026-09-13,2026-09-06 18:09:00,6431.06,2026-09-09 12:37:29,DEL-CCU,2026-09-06
5616,TripEase,SpiceJet,DEL,CCU,2026-09-13,2026-09-06 08:59:00,6211.98,2026-09-09 12:37:29,DEL-CCU,2026-09-06
5617,SkyFareHub,Vistara,DEL,CCU,2026-09-13,2026-09-06 19:54:00,7454.49,2026-09-09 12:37:29,DEL-CCU,2026-09-06
5618,TripEase,Vistara,DEL,CCU,2026-09-13,2026-09-06 14:50:00,7440.21,2026-09-09 12:37:29,DEL-CCU,2026-09-06
5619,SkyFareHub,Akasa Air,DEL,CCU,2026-09-13,2026-09-06 08:42:00,6300.54,2026-09-09 12:37:29,DEL-CCU,2026-09-06
5620,TripEase,Akasa Air,DEL,CCU,2026-09-13,2026-09-06 12:23:00,5913.71,2026-09-09 12:37:29,DEL-CCU,2026-09-06
5621,SkyFareHub,IndiGo,DEL,CCU,2026-09-20,2026-09-06 09:51:00,6070.97,2026-09-09 12:37:29,DEL-CCU,2026-09-06
5622,TripEase,IndiGo,DEL,CCU,2026-09-20,2026-09-06 21:19:00,6356.02,2026-09-09 12:37:29,DEL-CCU,2026-09-06
5623,SkyFareHub,Air India,DEL,CCU,2026-09-20,2026-09-06 16:55:00,6964.37,2026-09-09 12:37:29,DEL-CCU,2026-09-06
5624,TripEase,Air India,DEL,CCU,2026-09-20,2026-09-06 07:19:00,6613.9,2026-09-09 12:37:29,DEL-CCU,2026-09-06
5625,SkyFareHub,SpiceJet,DEL,CCU,2026-09-20,2026-09-06 18:35:00,6279.24,2026-09-09 12:37:29,DEL-CCU,2026-09-06
5626,TripEase,SpiceJet,DEL,CCU,2026-09-20,2026-09-06 08:21:00,5724.26,2026-09-09 12:37:29,DEL-CCU,2026-09-06
5627,SkyFareHub,Vistara,DEL,CCU,2026-09-20,2026-09-06 14:38:00,7443.53,2026-09-09 12:37:29,DEL-CCU,2026-09-06
5628,TripEase,Vistara,DEL,CCU,2026-09-20,2026-09-06 17:16:00,7379.39,2026-09-09 12:37:29,DEL-CCU,2026-09-06
5629,SkyFareHub,Akasa Air,DEL,CCU,2026-09-20,2026-09-06 18:42:00,6075.73,2026-09-09 12:37:29,DEL-CCU,2026-09-06
5630,TripEase,Akasa Air,DEL,CCU,2026-09-20,2026-09-06 08:49:00,6365.43,2026-09-09 12:37:29,DEL-CCU,2026-09-06
5631,SkyFareHub,IndiGo,DEL,CCU,2026-10-06,2026-09-06 21:49:00,6019.49,2026-09-09 12:37:29,DEL-CCU,2026-09-06
5632,TripEase,IndiGo,DEL,CCU,2026-10-06,2026-09-06 22:09:00,6010.51,2026-09-09 12:37:29,DEL-CCU,2026-09-06
5633,SkyFareHub,Air India,DEL,CCU,2026-10-06,2026-09-06 19:14:00,6415.53,2026-09-09 12:37:29,DEL-CCU,2026-09-06
5634,TripEase,Air India,DEL,CCU,2026-10-06,2026-09-06 15:32:00,6465.54,2026-09-09 12:37:29,DEL-CCU,2026-09-06
5635,SkyFareHub,SpiceJet,DEL,CCU,2026-10-06,2026-09-06 11:46:00,6010.14,2026-09-09 12:37:29,DEL-CCU,2026-09-06
5636,TripEase,SpiceJet,DEL,CCU,2026-10-06,2026-09-06 19:34:00,5637.17,2026-09-09 12:37:29,DEL-CCU,2026-09-06
5637,SkyFareHub,Vistara,DEL,CCU,2026-10-06,2026-09-06 14:55:00,6753.14,2026-09-09 12:37:29,DEL-CCU,2026-09-06
5638,TripEase,Vistara,DEL,CCU,2026-10-06,2026-09-06 09:52:00,7152.92,2026-09-09 12:37:29,DEL-CCU,2026-09-06
5639,SkyFareHub,Akasa Air,DEL,CCU,2026-10-06,2026-09-06 08:10:00,5603.91,2026-09-09 12:37:29,DEL-CCU,2026-09-06
5640,TripEase,Akasa Air,DEL,CCU,2026-10-06,2026-09-06 12:42:00,6061.38,2026-09-09 12:37:29,DEL-CCU,2026-09-06
5641,SkyFareHub,IndiGo,BLR,HYD,2026-09-13,2026-09-06 11:15:00,3928.28,2026-09-09 12:37:29,BLR-HYD,2026-09-06
5642,TripEase,IndiGo,BLR,HYD,2026-09-13,2026-09-06 18:03:00,3972.69,2026-09-09 12:37:29,BLR-HYD,2026-09-06
5643,SkyFareHub,Air India,BLR,HYD,2026-09-13,2026-09-06 22:27:00,4262.15,2026-09-09 12:37:29,BLR-HYD,2026-09-06
5644,TripEase,Air India,BLR,HYD,2026-09-13,2026-09-06 21:09:00,4209.18,2026-09-09 12:37:29,BLR-HYD,2026-09-06
5645,SkyFareHub,SpiceJet,BLR,HYD,2026-09-13,2026-09-06 22:24:00,3682.81,2026-09-09 12:37:29,BLR-HYD,2026-09-06
5646,TripEase,SpiceJet,BLR,HYD,2026-09-13,2026-09-06 11:03:00,3517.39,2026-09-09 12:37:29,BLR-HYD,2026-09-06
5647,SkyFareHub,Vistara,BLR,HYD,2026-09-13,2026-09-06 20:35:00,4640.77,2026-09-09 12:37:29,BLR-HYD,2026-09-06
5648,TripEase,Vistara,BLR,HYD,2026-09-13,2026-09-06 07:05:00,4693.26,2026-09-09 12:37:29,BLR-HYD,2026-09-06
5649,SkyFareHub,Akasa Air,BLR,HYD,2026-09-13,2026-09-06 06:13:00,3652.65,2026-09-09 12:37:29,BLR-HYD,2026-09-06
5650,TripEase,Akasa Air,BLR,HYD,2026-09-13,2026-09-06 09:15:00,3868.32,2026-09-09 12:37:29,BLR-HYD,2026-09-06
5651,SkyFareHub,IndiGo,BLR,HYD,2026-09-20,2026-09-06 09:37:00,3814.24,2026-09-09 12:37:29,BLR-HYD,2026-09-06
5652,TripEase,IndiGo,BLR,HYD,2026-09-20,2026-09-06 19:02:00,4053.92,2026-09-09 12:37:29,BLR-HYD,2026-09-06
5653,SkyFareHub,Air India,BLR,HYD,2026-09-20,2026-09-06 18:56:00,4198.43,2026-09-09 12:37:29,BLR-HYD,2026-09-06
5654,TripEase,Air India,BLR,HYD,2026-09-20,2026-09-06 17:43:00,4413.09,2026-09-09 12:37:29,BLR-HYD,2026-09-06
5655,SkyFareHub,SpiceJet,BLR,HYD,2026-09-20,2026-09-06 07:46:00,3867.36,2026-09-09 12:37:29,BLR-HYD,2026-09-06
5656,TripEase,SpiceJet,BLR,HYD,2026-09-20,2026-09-06 15:54:00,3610.77,2026-09-09 12:37:29,BLR-HYD,2026-09-06
5657,SkyFareHub,Vistara,BLR,HYD,2026-09-20,2026-09-06 22:21:00,4638.41,2026-09-09 12:37:29,BLR-HYD,2026-09-06
5658,TripEase,Vistara,BLR,HYD,2026-09-20,2026-09-06 09:04:00,4720.81,2026-09-09 12:37:29,BLR-HYD,2026-09-06
5659,SkyFareHub,Akasa Air,BLR,HYD,2026-09-20,2026-09-06 13:21:00,3672.58,2026-09-09 12:37:29,BLR-HYD,2026-09-06
5660,TripEase,Akasa Air,BLR,HYD,2026-09-20,2026-09-06 06:30:00,3831.32,2026-09-09 12:37:29,BLR-HYD,2026-09-06
5661,SkyFareHub,IndiGo,BLR,HYD,2026-10-06,2026-09-06 20:33:00,3904.54,2026-09-09 12:37:29,BLR-HYD,2026-09-06
5662,TripEase,IndiGo,BLR,HYD,2026-10-06,2026-09-06 20:38:00,3831.43,2026-09-09 12:37:29,BLR-HYD,2026-09-06
5663,SkyFareHub,Air India,BLR,HYD,2026-10-06,2026-09-06 20:07:00,4202.44,2026-09-09 12:37:29,BLR-HYD,2026-09-06
5664,TripEase,Air India,BLR,HYD,2026-10-06,2026-09-06 06:35:00,4114.01,2026-09-09 12:37:29,BLR-HYD,2026-09-06
5665,SkyFareHub,SpiceJet,BLR,HYD,2026-10-06,2026-09-06 21:53:00,3546.92,2026-09-09 12:37:29,BLR-HYD,2026-09-06
5666,TripEase,SpiceJet,BLR,HYD,2026-10-06,2026-09-06 18:16:00,3561.62,2026-09-09 12:37:29,BLR-HYD,2026-09-06
5667,SkyFareHub,Vistara,BLR,HYD,2026-10-06,2026-09-06 12:31:00,4393.63,2026-09-09 12:37:29,BLR-HYD,2026-09-06
5668,TripEase,Vistara,BLR,HYD,2026-10-06,2026-09-06 20:56:00,4201.98,2026-09-09 12:37:29,BLR-HYD,2026-09-06
5669,SkyFareHub,Akasa Air,BLR,HYD,2026-10-06,2026-09-06 06:11:00,3707.22,2026-09-09 12:37:29,BLR-HYD,2026-09-06
5670,TripEase,Akasa Air,BLR,HYD,2026-10-06,2026-09-06 17:50:00,3748.65,2026-09-09 12:37:29,BLR-HYD,2026-09-06
5671,SkyFareHub,IndiGo,DEL,BOM,2026-09-14,2026-09-07 22:02:00,5784.23,2026-09-09 12:37:29,DEL-BOM,2026-09-07
5672,TripEase,IndiGo,DEL,BOM,2026-09-14,2026-09-07 15:12:00,5555.64,2026-09-09 12:37:29,DEL-BOM,2026-09-07
5673,SkyFareHub,Air India,DEL,BOM,2026-09-14,2026-09-07 18:11:00,6196.19,2026-09-09 12:37:29,DEL-BOM,2026-09-07
5674,TripEase,Air India,DEL,BOM,2026-09-14,2026-09-07 18:37:00,6137.24,2026-09-09 12:37:29,DEL-BOM,2026-09-07
5675,SkyFareHub,SpiceJet,DEL,BOM,2026-09-14,2026-09-07 18:35:00,5399.62,2026-09-09 12:37:29,DEL-BOM,2026-09-07
5676,TripEase,SpiceJet,DEL,BOM,2026-09-14,2026-09-07 18:42:00,5361.02,2026-09-09 12:37:29,DEL-BOM,2026-09-07
5677,SkyFareHub,Vistara,DEL,BOM,2026-09-14,2026-09-07 20:43:00,6526.28,2026-09-09 12:37:29,DEL-BOM,2026-09-07
5678,TripEase,Vistara,DEL,BOM,2026-09-14,2026-09-07 09:15:00,6509.69,2026-09-09 12:37:29,DEL-BOM,2026-09-07
5679,SkyFareHub,Akasa Air,DEL,BOM,2026-09-14,2026-09-07 17:44:00,5749.66,2026-09-09 12:37:29,DEL-BOM,2026-09-07
5680,TripEase,Akasa Air,DEL,BOM,2026-09-14,2026-09-07 10:05:00,5790.4,2026-09-09 12:37:29,DEL-BOM,2026-09-07
5681,SkyFareHub,IndiGo,DEL,BOM,2026-09-21,2026-09-07 19:57:00,5644.05,2026-09-09 12:37:29,DEL-BOM,2026-09-07
5682,TripEase,IndiGo,DEL,BOM,2026-09-21,2026-09-07 08:00:00,5433.34,2026-09-09 12:37:29,DEL-BOM,2026-09-07
5683,SkyFareHub,Air India,DEL,BOM,2026-09-21,2026-09-07 12:23:00,5907.26,2026-09-09 12:37:29,DEL-BOM,2026-09-07
5684,TripEase,Air India,DEL,BOM,2026-09-21,2026-09-07 22:49:00,6036.31,2026-09-09 12:37:29,DEL-BOM,2026-09-07
5685,SkyFareHub,SpiceJet,DEL,BOM,2026-09-21,2026-09-07 15:54:00,5349.26,2026-09-09 12:37:29,DEL-BOM,2026-09-07
5686,TripEase,SpiceJet,DEL,BOM,2026-09-21,2026-09-07 09:39:00,5318.62,2026-09-09 12:37:29,DEL-BOM,2026-09-07
5687,SkyFareHub,Vistara,DEL,BOM,2026-09-21,2026-09-07 10:18:00,6402.94,2026-09-09 12:37:29,DEL-BOM,2026-09-07
5688,TripEase,Vistara,DEL,BOM,2026-09-21,2026-09-07 08:14:00,6432.37,2026-09-09 12:37:29,DEL-BOM,2026-09-07
5689,SkyFareHub,Akasa Air,DEL,BOM,2026-09-21,2026-09-07 09:47:00,5201.38,2026-09-09 12:37:29,DEL-BOM,2026-09-07
5690,TripEase,Akasa Air,DEL,BOM,2026-09-21,2026-09-07 08:52:00,5544.12,2026-09-09 12:37:29,DEL-BOM,2026-09-07
5691,SkyFareHub,IndiGo,DEL,BOM,2026-10-07,2026-09-07 07:09:00,5364.52,2026-09-09 12:37:29,DEL-BOM,2026-09-07
5692,TripEase,IndiGo,DEL,BOM,2026-10-07,2026-09-07 18:30:00,5419.34,2026-09-09 12:37:29,DEL-BOM,2026-09-07
5693,SkyFareHub,Air India,DEL,BOM,2026-10-07,2026-09-07 18:44:00,6092.39,2026-09-09 12:37:29,DEL-BOM,2026-09-07
5694,TripEase,Air India,DEL,BOM,2026-10-07,2026-09-07 13:14:00,5872.16,2026-09-09 12:37:29,DEL-BOM,2026-09-07
5695,SkyFareHub,SpiceJet,DEL,BOM,2026-10-07,2026-09-07 16:14:00,5391.03,2026-09-09 12:37:29,DEL-BOM,2026-09-07
5696,TripEase,SpiceJet,DEL,BOM,2026-10-07,2026-09-07 06:20:00,4979.63,2026-09-09 12:37:29,DEL-BOM,2026-09-07
5697,SkyFareHub,Vistara,DEL,BOM,2026-10-07,2026-09-07 14:58:00,5891.4,2026-09-09 12:37:29,DEL-BOM,2026-09-07
5698,TripEase,Vistara,DEL,BOM,2026-10-07,2026-09-07 10:31:00,6186.4,2026-09-09 12:37:29,DEL-BOM,2026-09-07
5699,SkyFareHub,Akasa Air,DEL,BOM,2026-10-07,2026-09-07 19:54:00,5395.37,2026-09-09 12:37:29,DEL-BOM,2026-09-07
5700,TripEase,Akasa Air,DEL,BOM,2026-10-07,2026-09-07 13:35:00,5432.37,2026-09-09 12:37:29,DEL-BOM,2026-09-07
5701,SkyFareHub,IndiGo,DEL,BLR,2026-09-14,2026-09-07 09:08:00,6256.63,2026-09-09 12:37:29,DEL-BLR,2026-09-07
5702,TripEase,IndiGo,DEL,BLR,2026-09-14,2026-09-07 20:58:00,6110.7,2026-09-09 12:37:29,DEL-BLR,2026-09-07
5703,SkyFareHub,Air India,DEL,BLR,2026-09-14,2026-09-07 10:14:00,6866.59,2026-09-09 12:37:29,DEL-BLR,2026-09-07
5704,TripEase,Air India,DEL,BLR,2026-09-14,2026-09-07 21:32:00,6903.29,2026-09-09 12:37:29,DEL-BLR,2026-09-07
5705,SkyFareHub,SpiceJet,DEL,BLR,2026-09-14,2026-09-07 10:24:00,5694.5,2026-09-09 12:37:29,DEL-BLR,2026-09-07
5706,TripEase,SpiceJet,DEL,BLR,2026-09-14,2026-09-07 20:10:00,6151.92,2026-09-09 12:37:29,DEL-BLR,2026-09-07
5707,SkyFareHub,Vistara,DEL,BLR,2026-09-14,2026-09-07 10:18:00,6976.34,2026-09-09 12:37:29,DEL-BLR,2026-09-07
5708,TripEase,Vistara,DEL,BLR,2026-09-14,2026-09-07 17:49:00,7320.29,2026-09-09 12:37:29,DEL-BLR,2026-09-07
5709,SkyFareHub,Akasa Air,DEL,BLR,2026-09-14,2026-09-07 20:09:00,6051.84,2026-09-09 12:37:29,DEL-BLR,2026-09-07
5710,TripEase,Akasa Air,DEL,BLR,2026-09-14,2026-09-07 09:01:00,5676.23,2026-09-09 12:37:29,DEL-BLR,2026-09-07
5711,SkyFareHub,IndiGo,DEL,BLR,2026-09-21,2026-09-07 22:29:00,5976.28,2026-09-09 12:37:29,DEL-BLR,2026-09-07
5712,TripEase,IndiGo,DEL,BLR,2026-09-21,2026-09-07 14:48:00,5929.07,2026-09-09 12:37:29,DEL-BLR,2026-09-07
5713,SkyFareHub,Air India,DEL,BLR,2026-09-21,2026-09-07 13:30:00,6744.05,2026-09-09 12:37:29,DEL-BLR,2026-09-07
5714,TripEase,Air India,DEL,BLR,2026-09-21,2026-09-07 09:31:00,6562.88,2026-09-09 12:37:29,DEL-BLR,2026-09-07
5715,SkyFareHub,SpiceJet,DEL,BLR,2026-09-21,2026-09-07 22:01:00,5932.77,2026-09-09 12:37:29,DEL-BLR,2026-09-07
5716,TripEase,SpiceJet,DEL,BLR,2026-09-21,2026-09-07 15:52:00,6115.63,2026-09-09 12:37:29,DEL-BLR,2026-09-07
5717,SkyFareHub,Vistara,DEL,BLR,2026-09-21,2026-09-07 16:45:00,6755.25,2026-09-09 12:37:29,DEL-BLR,2026-09-07
5718,TripEase,Vistara,DEL,BLR,2026-09-21,2026-09-07 07:10:00,6922.73,2026-09-09 12:37:29,DEL-BLR,2026-09-07
5719,SkyFareHub,Akasa Air,DEL,BLR,2026-09-21,2026-09-07 18:43:00,5942.89,2026-09-09 12:37:29,DEL-BLR,2026-09-07
5720,TripEase,Akasa Air,DEL,BLR,2026-09-21,2026-09-07 20:11:00,6158.95,2026-09-09 12:37:29,DEL-BLR,2026-09-07
5721,SkyFareHub,IndiGo,DEL,BLR,2026-10-07,2026-09-07 07:28:00,6100.57,2026-09-09 12:37:29,DEL-BLR,2026-09-07
5722,TripEase,IndiGo,DEL,BLR,2026-10-07,2026-09-07 06:28:00,5826.25,2026-09-09 12:37:29,DEL-BLR,2026-09-07
5723,SkyFareHub,Air India,DEL,BLR,2026-10-07,2026-09-07 12:09:00,6462.67,2026-09-09 12:37:29,DEL-BLR,2026-09-07
5724,TripEase,Air India,DEL,BLR,2026-10-07,2026-09-07 12:21:00,6253.41,2026-09-09 12:37:29,DEL-BLR,2026-09-07
5725,SkyFareHub,SpiceJet,DEL,BLR,2026-10-07,2026-09-07 18:30:00,5541.72,2026-09-09 12:37:29,DEL-BLR,2026-09-07
5726,TripEase,SpiceJet,DEL,BLR,2026-10-07,2026-09-07 10:13:00,5497.25,2026-09-09 12:37:29,DEL-BLR,2026-09-07
5727,SkyFareHub,Vistara,DEL,BLR,2026-10-07,2026-09-07 22:53:00,7035.44,2026-09-09 12:37:29,DEL-BLR,2026-09-07
5728,TripEase,Vistara,DEL,BLR,2026-10-07,2026-09-07 06:51:00,6650.69,2026-09-09 12:37:29,DEL-BLR,2026-09-07
5729,SkyFareHub,Akasa Air,DEL,BLR,2026-10-07,2026-09-07 22:25:00,5812.06,2026-09-09 12:37:29,DEL-BLR,2026-09-07
5730,TripEase,Akasa Air,DEL,BLR,2026-10-07,2026-09-07 07:44:00,5726.34,2026-09-09 12:37:29,DEL-BLR,2026-09-07
5731,SkyFareHub,IndiGo,BOM,BLR,2026-09-14,2026-09-07 13:16:00,4586.48,2026-09-09 12:37:29,BOM-BLR,2026-09-07
5732,TripEase,IndiGo,BOM,BLR,2026-09-14,2026-09-07 22:53:00,4580.74,2026-09-09 12:37:29,BOM-BLR,2026-09-07
5733,SkyFareHub,Air India,BOM,BLR,2026-09-14,2026-09-07 12:36:00,4993.9,2026-09-09 12:37:29,BOM-BLR,2026-09-07
5734,TripEase,Air India,BOM,BLR,2026-09-14,2026-09-07 16:38:00,4900.16,2026-09-09 12:37:29,BOM-BLR,2026-09-07
5735,SkyFareHub,SpiceJet,BOM,BLR,2026-09-14,2026-09-07 14:49:00,4557.63,2026-09-09 12:37:29,BOM-BLR,2026-09-07
5736,TripEase,SpiceJet,BOM,BLR,2026-09-14,2026-09-07 16:26:00,4193.45,2026-09-09 12:37:29,BOM-BLR,2026-09-07
5737,SkyFareHub,Vistara,BOM,BLR,2026-09-14,2026-09-07 22:38:00,5442.67,2026-09-09 12:37:29,BOM-BLR,2026-09-07
5738,TripEase,Vistara,BOM,BLR,2026-09-14,2026-09-07 16:22:00,5552.1,2026-09-09 12:37:29,BOM-BLR,2026-09-07
5739,SkyFareHub,Akasa Air,BOM,BLR,2026-09-14,2026-09-07 08:37:00,4437.77,2026-09-09 12:37:29,BOM-BLR,2026-09-07
5740,TripEase,Akasa Air,BOM,BLR,2026-09-14,2026-09-07 22:16:00,4489.85,2026-09-09 12:37:29,BOM-BLR,2026-09-07
5741,SkyFareHub,IndiGo,BOM,BLR,2026-09-21,2026-09-07 12:55:00,4399.56,2026-09-09 12:37:29,BOM-BLR,2026-09-07
5742,TripEase,IndiGo,BOM,BLR,2026-09-21,2026-09-07 20:46:00,4675.76,2026-09-09 12:37:29,BOM-BLR,2026-09-07
5743,SkyFareHub,Air India,BOM,BLR,2026-09-21,2026-09-07 11:11:00,4738.8,2026-09-09 12:37:29,BOM-BLR,2026-09-07
5744,TripEase,Air India,BOM,BLR,2026-09-21,2026-09-07 09:06:00,5059.28,2026-09-09 12:37:29,BOM-BLR,2026-09-07
5745,SkyFareHub,SpiceJet,BOM,BLR,2026-09-21,2026-09-07 17:41:00,4567.66,2026-09-09 12:37:29,BOM-BLR,2026-09-07
5746,TripEase,SpiceJet,BOM,BLR,2026-09-21,2026-09-07 09:31:00,4503.76,2026-09-09 12:37:29,BOM-BLR,2026-09-07
5747,SkyFareHub,Vistara,BOM,BLR,2026-09-21,2026-09-07 15:10:00,5036.99,2026-09-09 12:37:29,BOM-BLR,2026-09-07
5748,TripEase,Vistara,BOM,BLR,2026-09-21,2026-09-07 09:18:00,5374.48,2026-09-09 12:37:29,BOM-BLR,2026-09-07
5749,SkyFareHub,Akasa Air,BOM,BLR,2026-09-21,2026-09-07 13:02:00,4410.83,2026-09-09 12:37:29,BOM-BLR,2026-09-07
5750,TripEase,Akasa Air,BOM,BLR,2026-09-21,2026-09-07 19:37:00,4553.19,2026-09-09 12:37:29,BOM-BLR,2026-09-07
5751,SkyFareHub,IndiGo,BOM,BLR,2026-10-07,2026-09-07 11:11:00,4313.1,2026-09-09 12:37:29,BOM-BLR,2026-09-07
5752,TripEase,IndiGo,BOM,BLR,2026-10-07,2026-09-07 19:36:00,4212.51,2026-09-09 12:37:29,BOM-BLR,2026-09-07
5753,SkyFareHub,Air India,BOM,BLR,2026-10-07,2026-09-07 14:11:00,4796.65,2026-09-09 12:37:29,BOM-BLR,2026-09-07
5754,TripEase,Air India,BOM,BLR,2026-10-07,2026-09-07 08:03:00,4825.56,2026-09-09 12:37:29,BOM-BLR,2026-09-07
5755,SkyFareHub,SpiceJet,BOM,BLR,2026-10-07,2026-09-07 08:28:00,4095.75,2026-09-09 12:37:29,BOM-BLR,2026-09-07
5756,TripEase,SpiceJet,BOM,BLR,2026-10-07,2026-09-07 06:58:00,4329.49,2026-09-09 12:37:29,BOM-BLR,2026-09-07
5757,SkyFareHub,Vistara,BOM,BLR,2026-10-07,2026-09-07 18:59:00,5172.97,2026-09-09 12:37:29,BOM-BLR,2026-09-07
5758,TripEase,Vistara,BOM,BLR,2026-10-07,2026-09-07 07:56:00,5129.81,2026-09-09 12:37:29,BOM-BLR,2026-09-07
5759,SkyFareHub,Akasa Air,BOM,BLR,2026-10-07,2026-09-07 07:18:00,4150.53,2026-09-09 12:37:29,BOM-BLR,2026-09-07
5760,TripEase,Akasa Air,BOM,BLR,2026-10-07,2026-09-07 19:53:00,4285.45,2026-09-09 12:37:29,BOM-BLR,2026-09-07
5761,SkyFareHub,IndiGo,DEL,MAA,2026-09-14,2026-09-07 14:24:00,6644.78,2026-09-09 12:37:29,DEL-MAA,2026-09-07
5762,TripEase,IndiGo,DEL,MAA,2026-09-14,2026-09-07 20:10:00,6952.26,2026-09-09 12:37:29,DEL-MAA,2026-09-07
5763,SkyFareHub,Air India,DEL,MAA,2026-09-14,2026-09-07 19:15:00,7469.22,2026-09-09 12:37:29,DEL-MAA,2026-09-07
5764,TripEase,Air India,DEL,MAA,2026-09-14,2026-09-07 13:36:00,7334.62,2026-09-09 12:37:29,DEL-MAA,2026-09-07
5765,SkyFareHub,SpiceJet,DEL,MAA,2026-09-14,2026-09-07 16:16:00,6148.78,2026-09-09 12:37:29,DEL-MAA,2026-09-07
5766,TripEase,SpiceJet,DEL,MAA,2026-09-14,2026-09-07 16:06:00,6349.78,2026-09-09 12:37:29,DEL-MAA,2026-09-07
5767,SkyFareHub,Vistara,DEL,MAA,2026-09-14,2026-09-07 13:08:00,7774.68,2026-09-09 12:37:29,DEL-MAA,2026-09-07
5768,TripEase,Vistara,DEL,MAA,2026-09-14,2026-09-07 21:11:00,7598.74,2026-09-09 12:37:29,DEL-MAA,2026-09-07
5769,SkyFareHub,Akasa Air,DEL,MAA,2026-09-14,2026-09-07 09:52:00,6422.84,2026-09-09 12:37:29,DEL-MAA,2026-09-07
5770,TripEase,Akasa Air,DEL,MAA,2026-09-14,2026-09-07 07:19:00,6445.16,2026-09-09 12:37:29,DEL-MAA,2026-09-07
5771,SkyFareHub,IndiGo,DEL,MAA,2026-09-21,2026-09-07 19:03:00,6949.7,2026-09-09 12:37:29,DEL-MAA,2026-09-07
5772,TripEase,IndiGo,DEL,MAA,2026-09-21,2026-09-07 19:28:00,6443.2,2026-09-09 12:37:29,DEL-MAA,2026-09-07
5773,SkyFareHub,Air India,DEL,MAA,2026-09-21,2026-09-07 11:29:00,7071.17,2026-09-09 12:37:29,DEL-MAA,2026-09-07
5774,TripEase,Air India,DEL,MAA,2026-09-21,2026-09-07 15:22:00,7436.74,2026-09-09 12:37:29,DEL-MAA,2026-09-07
5775,SkyFareHub,SpiceJet,DEL,MAA,2026-09-21,2026-09-07 14:39:00,6612.85,2026-09-09 12:37:29,DEL-MAA,2026-09-07
5776,TripEase,SpiceJet,DEL,MAA,2026-09-21,2026-09-07 06:28:00,6496.44,2026-09-09 12:37:29,DEL-MAA,2026-09-07
5777,SkyFareHub,Vistara,DEL,MAA,2026-09-21,2026-09-07 19:19:00,7810.91,2026-09-09 12:37:29,DEL-MAA,2026-09-07
5778,TripEase,Vistara,DEL,MAA,2026-09-21,2026-09-07 21:23:00,7828.13,2026-09-09 12:37:29,DEL-MAA,2026-09-07
5779,SkyFareHub,Akasa Air,DEL,MAA,2026-09-21,2026-09-07 06:10:00,6736.58,2026-09-09 12:37:29,DEL-MAA,2026-09-07
5780,TripEase,Akasa Air,DEL,MAA,2026-09-21,2026-09-07 09:36:00,6044.91,2026-09-09 12:37:29,DEL-MAA,2026-09-07
5781,SkyFareHub,IndiGo,DEL,MAA,2026-10-07,2026-09-07 07:10:00,6821.96,2026-09-09 12:37:29,DEL-MAA,2026-09-07
5782,TripEase,IndiGo,DEL,MAA,2026-10-07,2026-09-07 17:49:00,6125.91,2026-09-09 12:37:29,DEL-MAA,2026-09-07
5783,SkyFareHub,Air India,DEL,MAA,2026-10-07,2026-09-07 13:39:00,7064.83,2026-09-09 12:37:29,DEL-MAA,2026-09-07
5784,TripEase,Air India,DEL,MAA,2026-10-07,2026-09-07 07:37:00,6606.15,2026-09-09 12:37:29,DEL-MAA,2026-09-07
5785,SkyFareHub,SpiceJet,DEL,MAA,2026-10-07,2026-09-07 17:12:00,6140.63,2026-09-09 12:37:29,DEL-MAA,2026-09-07
5786,TripEase,SpiceJet,DEL,MAA,2026-10-07,2026-09-07 11:15:00,5884.71,2026-09-09 12:37:29,DEL-MAA,2026-09-07
5787,SkyFareHub,Vistara,DEL,MAA,2026-10-07,2026-09-07 17:57:00,7130.01,2026-09-09 12:37:29,DEL-MAA,2026-09-07
5788,TripEase,Vistara,DEL,MAA,2026-10-07,2026-09-07 07:07:00,7434.16,2026-09-09 12:37:29,DEL-MAA,2026-09-07
5789,SkyFareHub,Akasa Air,DEL,MAA,2026-10-07,2026-09-07 16:18:00,6403.07,2026-09-09 12:37:29,DEL-MAA,2026-09-07
5790,TripEase,Akasa Air,DEL,MAA,2026-10-07,2026-09-07 07:14:00,6253.77,2026-09-09 12:37:29,DEL-MAA,2026-09-07
5791,SkyFareHub,IndiGo,BOM,MAA,2026-09-14,2026-09-07 15:44:00,6239.21,2026-09-09 12:37:29,BOM-MAA,2026-09-07
5792,TripEase,IndiGo,BOM,MAA,2026-09-14,2026-09-07 13:12:00,6219.99,2026-09-09 12:37:29,BOM-MAA,2026-09-07
5793,SkyFareHub,Air India,BOM,MAA,2026-09-14,2026-09-07 13:25:00,6636.65,2026-09-09 12:37:29,BOM-MAA,2026-09-07
5794,TripEase,Air India,BOM,MAA,2026-09-14,2026-09-07 10:00:00,6776.03,2026-09-09 12:37:29,BOM-MAA,2026-09-07
5795,SkyFareHub,SpiceJet,BOM,MAA,2026-09-14,2026-09-07 13:07:00,5716.54,2026-09-09 12:37:29,BOM-MAA,2026-09-07
5796,TripEase,SpiceJet,BOM,MAA,2026-09-14,2026-09-07 14:48:00,5725.23,2026-09-09 12:37:29,BOM-MAA,2026-09-07
5797,SkyFareHub,Vistara,BOM,MAA,2026-09-14,2026-09-07 07:28:00,6675.41,2026-09-09 12:37:29,BOM-MAA,2026-09-07
5798,TripEase,Vistara,BOM,MAA,2026-09-14,2026-09-07 18:20:00,7204.32,2026-09-09 12:37:29,BOM-MAA,2026-09-07
5799,SkyFareHub,Akasa Air,BOM,MAA,2026-09-14,2026-09-07 10:03:00,6087.4,2026-09-09 12:37:29,BOM-MAA,2026-09-07
5800,TripEase,Akasa Air,BOM,MAA,2026-09-14,2026-09-07 21:25:00,5587.67,2026-09-09 12:37:29,BOM-MAA,2026-09-07
5801,SkyFareHub,IndiGo,BOM,MAA,2026-09-21,2026-09-07 15:37:00,5802.01,2026-09-09 12:37:29,BOM-MAA,2026-09-07
5802,TripEase,IndiGo,BOM,MAA,2026-09-21,2026-09-07 06:24:00,5770.02,2026-09-09 12:37:29,BOM-MAA,2026-09-07
5803,SkyFareHub,Air India,BOM,MAA,2026-09-21,2026-09-07 14:41:00,6371.34,2026-09-09 12:37:29,BOM-MAA,2026-09-07
5804,TripEase,Air India,BOM,MAA,2026-09-21,2026-09-07 20:21:00,6104.86,2026-09-09 12:37:29,BOM-MAA,2026-09-07
5805,SkyFareHub,SpiceJet,BOM,MAA,2026-09-21,2026-09-07 10:11:00,5810.87,2026-09-09 12:37:29,BOM-MAA,2026-09-07
5806,TripEase,SpiceJet,BOM,MAA,2026-09-21,2026-09-07 13:06:00,5463.78,2026-09-09 12:37:29,BOM-MAA,2026-09-07
5807,SkyFareHub,Vistara,BOM,MAA,2026-09-21,2026-09-07 18:08:00,6725.32,2026-09-09 12:37:29,BOM-MAA,2026-09-07
5808,TripEase,Vistara,BOM,MAA,2026-09-21,2026-09-07 14:30:00,7234.44,2026-09-09 12:37:29,BOM-MAA,2026-09-07
5809,SkyFareHub,Akasa Air,BOM,MAA,2026-09-21,2026-09-07 22:40:00,5748.24,2026-09-09 12:37:29,BOM-MAA,2026-09-07
5810,TripEase,Akasa Air,BOM,MAA,2026-09-21,2026-09-07 09:57:00,5880.99,2026-09-09 12:37:29,BOM-MAA,2026-09-07
5811,SkyFareHub,IndiGo,BOM,MAA,2026-10-07,2026-09-07 19:07:00,6012.9,2026-09-09 12:37:29,BOM-MAA,2026-09-07
5812,TripEase,IndiGo,BOM,MAA,2026-10-07,2026-09-07 06:00:00,5824.91,2026-09-09 12:37:29,BOM-MAA,2026-09-07
5813,SkyFareHub,Air India,BOM,MAA,2026-10-07,2026-09-07 14:20:00,6124.99,2026-09-09 12:37:29,BOM-MAA,2026-09-07
5814,TripEase,Air India,BOM,MAA,2026-10-07,2026-09-07 12:10:00,6317.76,2026-09-09 12:37:29,BOM-MAA,2026-09-07
5815,SkyFareHub,SpiceJet,BOM,MAA,2026-10-07,2026-09-07 13:55:00,5415.03,2026-09-09 12:37:29,BOM-MAA,2026-09-07
5816,TripEase,SpiceJet,BOM,MAA,2026-10-07,2026-09-07 09:17:00,5234.37,2026-09-09 12:37:29,BOM-MAA,2026-09-07
5817,SkyFareHub,Vistara,BOM,MAA,2026-10-07,2026-09-07 09:37:00,6574.39,2026-09-09 12:37:29,BOM-MAA,2026-09-07
5818,TripEase,Vistara,BOM,MAA,2026-10-07,2026-09-07 07:33:00,6614.47,2026-09-09 12:37:29,BOM-MAA,2026-09-07
5819,SkyFareHub,Akasa Air,BOM,MAA,2026-10-07,2026-09-07 20:40:00,5735.83,2026-09-09 12:37:29,BOM-MAA,2026-09-07
5820,TripEase,Akasa Air,BOM,MAA,2026-10-07,2026-09-07 10:23:00,5411.55,2026-09-09 12:37:29,BOM-MAA,2026-09-07
5821,SkyFareHub,IndiGo,DEL,CCU,2026-09-14,2026-09-07 10:09:00,6457.75,2026-09-09 12:37:29,DEL-CCU,2026-09-07
5822,TripEase,IndiGo,DEL,CCU,2026-09-14,2026-09-07 13:45:00,6698.44,2026-09-09 12:37:29,DEL-CCU,2026-09-07
5823,SkyFareHub,Air India,DEL,CCU,2026-09-14,2026-09-07 16:44:00,7202.43,2026-09-09 12:37:29,DEL-CCU,2026-09-07
5824,TripEase,Air India,DEL,CCU,2026-09-14,2026-09-07 11:47:00,7333.67,2026-09-09 12:37:29,DEL-CCU,2026-09-07
5825,SkyFareHub,SpiceJet,DEL,CCU,2026-09-14,2026-09-07 21:31:00,6160.53,2026-09-09 12:37:29,DEL-CCU,2026-09-07
5826,TripEase,SpiceJet,DEL,CCU,2026-09-14,2026-09-07 18:53:00,5904.33,2026-09-09 12:37:29,DEL-CCU,2026-09-07
5827,SkyFareHub,Vistara,DEL,CCU,2026-09-14,2026-09-07 13:48:00,7672.79,2026-09-09 12:37:29,DEL-CCU,2026-09-07
5828,TripEase,Vistara,DEL,CCU,2026-09-14,2026-09-07 19:22:00,7266.92,2026-09-09 12:37:29,DEL-CCU,2026-09-07
5829,SkyFareHub,Akasa Air,DEL,CCU,2026-09-14,2026-09-07 07:10:00,6198.31,2026-09-09 12:37:29,DEL-CCU,2026-09-07
5830,TripEase,Akasa Air,DEL,CCU,2026-09-14,2026-09-07 15:27:00,6262.36,2026-09-09 12:37:29,DEL-CCU,2026-09-07
5831,SkyFareHub,IndiGo,DEL,CCU,2026-09-21,2026-09-07 16:40:00,6394.86,2026-09-09 12:37:29,DEL-CCU,2026-09-07
5832,TripEase,IndiGo,DEL,CCU,2026-09-21,2026-09-07 22:33:00,6473.38,2026-09-09 12:37:29,DEL-CCU,2026-09-07
5833,SkyFareHub,Air India,DEL,CCU,2026-09-21,2026-09-07 11:49:00,6801.29,2026-09-09 12:37:29,DEL-CCU,2026-09-07
5834,TripEase,Air India,DEL,CCU,2026-09-21,2026-09-07 21:08:00,6747.61,2026-09-09 12:37:29,DEL-CCU,2026-09-07
5835,SkyFareHub,SpiceJet,DEL,CCU,2026-09-21,2026-09-07 22:17:00,5879.73,2026-09-09 12:37:29,DEL-CCU,2026-09-07
5836,TripEase,SpiceJet,DEL,CCU,2026-09-21,2026-09-07 11:23:00,5859.63,2026-09-09 12:37:29,DEL-CCU,2026-09-07
5837,SkyFareHub,Vistara,DEL,CCU,2026-09-21,2026-09-07 16:47:00,7079.06,2026-09-09 12:37:29,DEL-CCU,2026-09-07
5838,TripEase,Vistara,DEL,CCU,2026-09-21,2026-09-07 18:10:00,7368.75,2026-09-09 12:37:29,DEL-CCU,2026-09-07
5839,SkyFareHub,Akasa Air,DEL,CCU,2026-09-21,2026-09-07 17:00:00,6078.29,2026-09-09 12:37:29,DEL-CCU,2026-09-07
5840,TripEase,Akasa Air,DEL,CCU,2026-09-21,2026-09-07 17:46:00,6310.38,2026-09-09 12:37:29,DEL-CCU,2026-09-07
5841,SkyFareHub,IndiGo,DEL,CCU,2026-10-07,2026-09-07 18:10:00,6459.36,2026-09-09 12:37:29,DEL-CCU,2026-09-07
5842,TripEase,IndiGo,DEL,CCU,2026-10-07,2026-09-07 20:11:00,6460.54,2026-09-09 12:37:29,DEL-CCU,2026-09-07
5843,SkyFareHub,Air India,DEL,CCU,2026-10-07,2026-09-07 14:56:00,6549.62,2026-09-09 12:37:29,DEL-CCU,2026-09-07
5844,TripEase,Air India,DEL,CCU,2026-10-07,2026-09-07 11:50:00,6281.56,2026-09-09 12:37:29,DEL-CCU,2026-09-07
5845,SkyFareHub,SpiceJet,DEL,CCU,2026-10-07,2026-09-07 08:18:00,5836.1,2026-09-09 12:37:29,DEL-CCU,2026-09-07
5846,TripEase,SpiceJet,DEL,CCU,2026-10-07,2026-09-07 06:50:00,5764.5,2026-09-09 12:37:29,DEL-CCU,2026-09-07
5847,SkyFareHub,Vistara,DEL,CCU,2026-10-07,2026-09-07 19:25:00,6886.98,2026-09-09 12:37:29,DEL-CCU,2026-09-07
5848,TripEase,Vistara,DEL,CCU,2026-10-07,2026-09-07 07:08:00,6972.12,2026-09-09 12:37:29,DEL-CCU,2026-09-07
5849,SkyFareHub,Akasa Air,DEL,CCU,2026-10-07,2026-09-07 16:52:00,5746.96,2026-09-09 12:37:29,DEL-CCU,2026-09-07
5850,TripEase,Akasa Air,DEL,CCU,2026-10-07,2026-09-07 17:27:00,6296.68,2026-09-09 12:37:29,DEL-CCU,2026-09-07
5851,SkyFareHub,IndiGo,BLR,HYD,2026-09-14,2026-09-07 15:41:00,3756.49,2026-09-09 12:37:29,BLR-HYD,2026-09-07
5852,TripEase,IndiGo,BLR,HYD,2026-09-14,2026-09-07 08:03:00,3861.86,2026-09-09 12:37:29,BLR-HYD,2026-09-07
5853,SkyFareHub,Air India,BLR,HYD,2026-09-14,2026-09-07 13:15:00,4247.17,2026-09-09 12:37:29,BLR-HYD,2026-09-07
5854,TripEase,Air India,BLR,HYD,2026-09-14,2026-09-07 11:08:00,4151.71,2026-09-09 12:37:29,BLR-HYD,2026-09-07
5855,SkyFareHub,SpiceJet,BLR,HYD,2026-09-14,2026-09-07 08:05:00,3732.02,2026-09-09 12:37:29,BLR-HYD,2026-09-07
5856,TripEase,SpiceJet,BLR,HYD,2026-09-14,2026-09-07 06:44:00,3830.84,2026-09-09 12:37:29,BLR-HYD,2026-09-07
5857,SkyFareHub,Vistara,BLR,HYD,2026-09-14,2026-09-07 22:09:00,4511.52,2026-09-09 12:37:29,BLR-HYD,2026-09-07
5858,TripEase,Vistara,BLR,HYD,2026-09-14,2026-09-07 16:25:00,4578.9,2026-09-09 12:37:29,BLR-HYD,2026-09-07
5859,SkyFareHub,Akasa Air,BLR,HYD,2026-09-14,2026-09-07 19:53:00,3680.6,2026-09-09 12:37:29,BLR-HYD,2026-09-07
5860,TripEase,Akasa Air,BLR,HYD,2026-09-14,2026-09-07 19:55:00,3935.98,2026-09-09 12:37:29,BLR-HYD,2026-09-07
5861,SkyFareHub,IndiGo,BLR,HYD,2026-09-21,2026-09-07 22:45:00,3733.28,2026-09-09 12:37:29,BLR-HYD,2026-09-07
5862,TripEase,IndiGo,BLR,HYD,2026-09-21,2026-09-07 16:14:00,3922.44,2026-09-09 12:37:29,BLR-HYD,2026-09-07
5863,SkyFareHub,Air India,BLR,HYD,2026-09-21,2026-09-07 19:05:00,4123.63,2026-09-09 12:37:29,BLR-HYD,2026-09-07
5864,TripEase,Air India,BLR,HYD,2026-09-21,2026-09-07 10:54:00,4174.49,2026-09-09 12:37:29,BLR-HYD,2026-09-07
5865,SkyFareHub,SpiceJet,BLR,HYD,2026-09-21,2026-09-07 12:50:00,3536.41,2026-09-09 12:37:29,BLR-HYD,2026-09-07
5866,TripEase,SpiceJet,BLR,HYD,2026-09-21,2026-09-07 14:18:00,3569.98,2026-09-09 12:37:29,BLR-HYD,2026-09-07
5867,SkyFareHub,Vistara,BLR,HYD,2026-09-21,2026-09-07 15:08:00,4686.31,2026-09-09 12:37:29,BLR-HYD,2026-09-07
5868,TripEase,Vistara,BLR,HYD,2026-09-21,2026-09-07 18:22:00,4700.29,2026-09-09 12:37:29,BLR-HYD,2026-09-07
5869,SkyFareHub,Akasa Air,BLR,HYD,2026-09-21,2026-09-07 09:58:00,3787.13,2026-09-09 12:37:29,BLR-HYD,2026-09-07
5870,TripEase,Akasa Air,BLR,HYD,2026-09-21,2026-09-07 20:30:00,3849.12,2026-09-09 12:37:29,BLR-HYD,2026-09-07
5871,SkyFareHub,IndiGo,BLR,HYD,2026-10-07,2026-09-07 17:30:00,3794.1,2026-09-09 12:37:29,BLR-HYD,2026-09-07
5872,TripEase,IndiGo,BLR,HYD,2026-10-07,2026-09-07 07:27:00,3996.85,2026-09-09 12:37:29,BLR-HYD,2026-09-07
5873,SkyFareHub,Air India,BLR,HYD,2026-10-07,2026-09-07 14:38:00,4118.87,2026-09-09 12:37:29,BLR-HYD,2026-09-07
5874,TripEase,Air India,BLR,HYD,2026-10-07,2026-09-07 07:52:00,4035.81,2026-09-09 12:37:29,BLR-HYD,2026-09-07
5875,SkyFareHub,SpiceJet,BLR,HYD,2026-10-07,2026-09-07 08:30:00,3503.81,2026-09-09 12:37:29,BLR-HYD,2026-09-07
5876,TripEase,SpiceJet,BLR,HYD,2026-10-07,2026-09-07 22:35:00,3499.24,2026-09-09 12:37:29,BLR-HYD,2026-09-07
5877,SkyFareHub,Vistara,BLR,HYD,2026-10-07,2026-09-07 21:39:00,4446.53,2026-09-09 12:37:29,BLR-HYD,2026-09-07
5878,TripEase,Vistara,BLR,HYD,2026-10-07,2026-09-07 15:44:00,4296.36,2026-09-09 12:37:29,BLR-HYD,2026-09-07
5879,SkyFareHub,Akasa Air,BLR,HYD,2026-10-07,2026-09-07 15:35:00,3649.44,2026-09-09 12:37:29,BLR-HYD,2026-09-07
5880,TripEase,Akasa Air,BLR,HYD,2026-10-07,2026-09-07 14:04:00,3533.99,2026-09-09 12:37:29,BLR-HYD,2026-09-07
5881,SkyFareHub,IndiGo,DEL,BOM,2026-09-15,2026-09-08 14:22:00,5746.22,2026-09-09 12:37:29,DEL-BOM,2026-09-08
5882,TripEase,IndiGo,DEL,BOM,2026-09-15,2026-09-08 12:32:00,5647.58,2026-09-09 12:37:29,DEL-BOM,2026-09-08
5883,SkyFareHub,Air India,DEL,BOM,2026-09-15,2026-09-08 20:36:00,6383.68,2026-09-09 12:37:29,DEL-BOM,2026-09-08
5884,TripEase,Air India,DEL,BOM,2026-09-15,2026-09-08 17:55:00,6143.56,2026-09-09 12:37:29,DEL-BOM,2026-09-08
5885,SkyFareHub,SpiceJet,DEL,BOM,2026-09-15,2026-09-08 13:24:00,5372.02,2026-09-09 12:37:29,DEL-BOM,2026-09-08
5886,TripEase,SpiceJet,DEL,BOM,2026-09-15,2026-09-08 07:17:00,5480.68,2026-09-09 12:37:29,DEL-BOM,2026-09-08
5887,SkyFareHub,Vistara,DEL,BOM,2026-09-15,2026-09-08 22:27:00,6567.61,2026-09-09 12:37:29,DEL-BOM,2026-09-08
5888,TripEase,Vistara,DEL,BOM,2026-09-15,2026-09-08 06:00:00,6628.67,2026-09-09 12:37:29,DEL-BOM,2026-09-08
5889,SkyFareHub,Akasa Air,DEL,BOM,2026-09-15,2026-09-08 16:40:00,5516.51,2026-09-09 12:37:29,DEL-BOM,2026-09-08
5890,TripEase,Akasa Air,DEL,BOM,2026-09-15,2026-09-08 14:11:00,5730.62,2026-09-09 12:37:29,DEL-BOM,2026-09-08
5891,SkyFareHub,IndiGo,DEL,BOM,2026-09-22,2026-09-08 13:20:00,5547.54,2026-09-09 12:37:29,DEL-BOM,2026-09-08
5892,TripEase,IndiGo,DEL,BOM,2026-09-22,2026-09-08 07:37:00,5817.58,2026-09-09 12:37:29,DEL-BOM,2026-09-08
5893,SkyFareHub,Air India,DEL,BOM,2026-09-22,2026-09-08 08:16:00,6237.03,2026-09-09 12:37:29,DEL-BOM,2026-09-08
5894,TripEase,Air India,DEL,BOM,2026-09-22,2026-09-08 21:54:00,6027.23,2026-09-09 12:37:29,DEL-BOM,2026-09-08
5895,SkyFareHub,SpiceJet,DEL,BOM,2026-09-22,2026-09-08 09:18:00,5407.5,2026-09-09 12:37:29,DEL-BOM,2026-09-08
5896,TripEase,SpiceJet,DEL,BOM,2026-09-22,2026-09-08 22:16:00,5255.15,2026-09-09 12:37:29,DEL-BOM,2026-09-08
5897,SkyFareHub,Vistara,DEL,BOM,2026-09-22,2026-09-08 18:46:00,6370.64,2026-09-09 12:37:29,DEL-BOM,2026-09-08
5898,TripEase,Vistara,DEL,BOM,2026-09-22,2026-09-08 20:53:00,6455.59,2026-09-09 12:37:29,DEL-BOM,2026-09-08
5899,SkyFareHub,Akasa Air,DEL,BOM,2026-09-22,2026-09-08 19:16:00,5669.89,2026-09-09 12:37:29,DEL-BOM,2026-09-08
5900,TripEase,Akasa Air,DEL,BOM,2026-09-22,2026-09-08 10:43:00,5774.77,2026-09-09 12:37:29,DEL-BOM,2026-09-08
5901,SkyFareHub,IndiGo,DEL,BOM,2026-10-08,2026-09-08 18:35:00,5718.08,2026-09-09 12:37:29,DEL-BOM,2026-09-08
5902,TripEase,IndiGo,DEL,BOM,2026-10-08,2026-09-08 08:23:00,5787.0,2026-09-09 12:37:29,DEL-BOM,2026-09-08
5903,SkyFareHub,Air India,DEL,BOM,2026-10-08,2026-09-08 08:33:00,6117.74,2026-09-09 12:37:29,DEL-BOM,2026-09-08
5904,TripEase,Air India,DEL,BOM,2026-10-08,2026-09-08 07:03:00,5853.15,2026-09-09 12:37:29,DEL-BOM,2026-09-08
5905,SkyFareHub,SpiceJet,DEL,BOM,2026-10-08,2026-09-08 11:36:00,5042.51,2026-09-09 12:37:29,DEL-BOM,2026-09-08
5906,TripEase,SpiceJet,DEL,BOM,2026-10-08,2026-09-08 22:19:00,5186.24,2026-09-09 12:37:29,DEL-BOM,2026-09-08
5907,SkyFareHub,Vistara,DEL,BOM,2026-10-08,2026-09-08 18:01:00,6281.2,2026-09-09 12:37:29,DEL-BOM,2026-09-08
5908,TripEase,Vistara,DEL,BOM,2026-10-08,2026-09-08 19:48:00,6084.72,2026-09-09 12:37:29,DEL-BOM,2026-09-08
5909,SkyFareHub,Akasa Air,DEL,BOM,2026-10-08,2026-09-08 07:14:00,5319.11,2026-09-09 12:37:29,DEL-BOM,2026-09-08
5910,TripEase,Akasa Air,DEL,BOM,2026-10-08,2026-09-08 19:37:00,5375.04,2026-09-09 12:37:29,DEL-BOM,2026-09-08
5911,SkyFareHub,IndiGo,DEL,BLR,2026-09-15,2026-09-08 18:30:00,6154.9,2026-09-09 12:37:29,DEL-BLR,2026-09-08
5912,TripEase,IndiGo,DEL,BLR,2026-09-15,2026-09-08 06:52:00,6393.42,2026-09-09 12:37:29,DEL-BLR,2026-09-08
5913,SkyFareHub,Air India,DEL,BLR,2026-09-15,2026-09-08 09:35:00,6789.26,2026-09-09 12:37:29,DEL-BLR,2026-09-08
5914,TripEase,Air India,DEL,BLR,2026-09-15,2026-09-08 11:26:00,6865.02,2026-09-09 12:37:29,DEL-BLR,2026-09-08
5915,SkyFareHub,SpiceJet,DEL,BLR,2026-09-15,2026-09-08 14:49:00,6030.7,2026-09-09 12:37:29,DEL-BLR,2026-09-08
5916,TripEase,SpiceJet,DEL,BLR,2026-09-15,2026-09-08 22:28:00,5574.0,2026-09-09 12:37:29,DEL-BLR,2026-09-08
5917,SkyFareHub,Vistara,DEL,BLR,2026-09-15,2026-09-08 16:13:00,7205.24,2026-09-09 12:37:29,DEL-BLR,2026-09-08
5918,TripEase,Vistara,DEL,BLR,2026-09-15,2026-09-08 07:24:00,7125.26,2026-09-09 12:37:29,DEL-BLR,2026-09-08
5919,SkyFareHub,Akasa Air,DEL,BLR,2026-09-15,2026-09-08 19:13:00,5949.38,2026-09-09 12:37:29,DEL-BLR,2026-09-08
5920,TripEase,Akasa Air,DEL,BLR,2026-09-15,2026-09-08 22:44:00,6090.18,2026-09-09 12:37:29,DEL-BLR,2026-09-08
5921,SkyFareHub,IndiGo,DEL,BLR,2026-09-22,2026-09-08 21:25:00,6356.82,2026-09-09 12:37:29,DEL-BLR,2026-09-08
5922,TripEase,IndiGo,DEL,BLR,2026-09-22,2026-09-08 16:54:00,6062.23,2026-09-09 12:37:29,DEL-BLR,2026-09-08
5923,SkyFareHub,Air India,DEL,BLR,2026-09-22,2026-09-08 15:36:00,6476.85,2026-09-09 12:37:29,DEL-BLR,2026-09-08
5924,TripEase,Air India,DEL,BLR,2026-09-22,2026-09-08 20:03:00,6601.81,2026-09-09 12:37:29,DEL-BLR,2026-09-08
5925,SkyFareHub,SpiceJet,DEL,BLR,2026-09-22,2026-09-08 19:48:00,5875.29,2026-09-09 12:37:29,DEL-BLR,2026-09-08
5926,TripEase,SpiceJet,DEL,BLR,2026-09-22,2026-09-08 18:43:00,5806.72,2026-09-09 12:37:29,DEL-BLR,2026-09-08
5927,SkyFareHub,Vistara,DEL,BLR,2026-09-22,2026-09-08 18:13:00,7021.88,2026-09-09 12:37:29,DEL-BLR,2026-09-08
5928,TripEase,Vistara,DEL,BLR,2026-09-22,2026-09-08 08:25:00,6730.75,2026-09-09 12:37:29,DEL-BLR,2026-09-08
5929,SkyFareHub,Akasa Air,DEL,BLR,2026-09-22,2026-09-08 06:30:00,6138.65,2026-09-09 12:37:29,DEL-BLR,2026-09-08
5930,TripEase,Akasa Air,DEL,BLR,2026-09-22,2026-09-08 11:49:00,5948.3,2026-09-09 12:37:29,DEL-BLR,2026-09-08
5931,SkyFareHub,IndiGo,DEL,BLR,2026-10-08,2026-09-08 08:43:00,6249.06,2026-09-09 12:37:29,DEL-BLR,2026-09-08
5932,TripEase,IndiGo,DEL,BLR,2026-10-08,2026-09-08 11:31:00,6316.38,2026-09-09 12:37:29,DEL-BLR,2026-09-08
5933,SkyFareHub,Air India,DEL,BLR,2026-10-08,2026-09-08 16:56:00,6114.36,2026-09-09 12:37:29,DEL-BLR,2026-09-08
5934,TripEase,Air India,DEL,BLR,2026-10-08,2026-09-08 13:29:00,6688.39,2026-09-09 12:37:29,DEL-BLR,2026-09-08
5935,SkyFareHub,SpiceJet,DEL,BLR,2026-10-08,2026-09-08 06:34:00,5563.46,2026-09-09 12:37:29,DEL-BLR,2026-09-08
5936,TripEase,SpiceJet,DEL,BLR,2026-10-08,2026-09-08 14:10:00,5745.82,2026-09-09 12:37:29,DEL-BLR,2026-09-08
5937,SkyFareHub,Vistara,DEL,BLR,2026-10-08,2026-09-08 06:13:00,6724.05,2026-09-09 12:37:29,DEL-BLR,2026-09-08
5938,TripEase,Vistara,DEL,BLR,2026-10-08,2026-09-08 13:56:00,7019.0,2026-09-09 12:37:29,DEL-BLR,2026-09-08
5939,SkyFareHub,Akasa Air,DEL,BLR,2026-10-08,2026-09-08 16:19:00,5690.69,2026-09-09 12:37:29,DEL-BLR,2026-09-08
5940,TripEase,Akasa Air,DEL,BLR,2026-10-08,2026-09-08 06:07:00,5922.88,2026-09-09 12:37:29,DEL-BLR,2026-09-08
5941,SkyFareHub,IndiGo,BOM,BLR,2026-09-15,2026-09-08 19:28:00,4689.76,2026-09-09 12:37:29,BOM-BLR,2026-09-08
5942,TripEase,IndiGo,BOM,BLR,2026-09-15,2026-09-08 11:04:00,4482.65,2026-09-09 12:37:29,BOM-BLR,2026-09-08
5943,SkyFareHub,Air India,BOM,BLR,2026-09-15,2026-09-08 20:12:00,5214.18,2026-09-09 12:37:29,BOM-BLR,2026-09-08
5944,TripEase,Air India,BOM,BLR,2026-09-15,2026-09-08 22:10:00,4794.12,2026-09-09 12:37:29,BOM-BLR,2026-09-08
5945,SkyFareHub,SpiceJet,BOM,BLR,2026-09-15,2026-09-08 22:47:00,4561.82,2026-09-09 12:37:29,BOM-BLR,2026-09-08
5946,TripEase,SpiceJet,BOM,BLR,2026-09-15,2026-09-08 13:51:00,4600.18,2026-09-09 12:37:29,BOM-BLR,2026-09-08
5947,SkyFareHub,Vistara,BOM,BLR,2026-09-15,2026-09-08 08:29:00,5091.24,2026-09-09 12:37:29,BOM-BLR,2026-09-08
5948,TripEase,Vistara,BOM,BLR,2026-09-15,2026-09-08 21:32:00,5369.39,2026-09-09 12:37:29,BOM-BLR,2026-09-08
5949,SkyFareHub,Akasa Air,BOM,BLR,2026-09-15,2026-09-08 18:41:00,4549.29,2026-09-09 12:37:29,BOM-BLR,2026-09-08
5950,TripEase,Akasa Air,BOM,BLR,2026-09-15,2026-09-08 09:21:00,4393.83,2026-09-09 12:37:29,BOM-BLR,2026-09-08
5951,SkyFareHub,IndiGo,BOM,BLR,2026-09-22,2026-09-08 07:06:00,4776.88,2026-09-09 12:37:29,BOM-BLR,2026-09-08
5952,TripEase,IndiGo,BOM,BLR,2026-09-22,2026-09-08 10:57:00,4680.25,2026-09-09 12:37:29,BOM-BLR,2026-09-08
5953,SkyFareHub,Air India,BOM,BLR,2026-09-22,2026-09-08 16:00:00,5140.78,2026-09-09 12:37:29,BOM-BLR,2026-09-08
5954,TripEase,Air India,BOM,BLR,2026-09-22,2026-09-08 07:07:00,4862.16,2026-09-09 12:37:29,BOM-BLR,2026-09-08
5955,SkyFareHub,SpiceJet,BOM,BLR,2026-09-22,2026-09-08 10:26:00,4502.81,2026-09-09 12:37:29,BOM-BLR,2026-09-08
5956,TripEase,SpiceJet,BOM,BLR,2026-09-22,2026-09-08 07:13:00,4321.36,2026-09-09 12:37:29,BOM-BLR,2026-09-08
5957,SkyFareHub,Vistara,BOM,BLR,2026-09-22,2026-09-08 07:33:00,5163.1,2026-09-09 12:37:29,BOM-BLR,2026-09-08
5958,TripEase,Vistara,BOM,BLR,2026-09-22,2026-09-08 08:29:00,5498.28,2026-09-09 12:37:29,BOM-BLR,2026-09-08
5959,SkyFareHub,Akasa Air,BOM,BLR,2026-09-22,2026-09-08 11:38:00,4272.04,2026-09-09 12:37:29,BOM-BLR,2026-09-08
5960,TripEase,Akasa Air,BOM,BLR,2026-09-22,2026-09-08 15:53:00,4662.21,2026-09-09 12:37:29,BOM-BLR,2026-09-08
5961,SkyFareHub,IndiGo,BOM,BLR,2026-10-08,2026-09-08 06:42:00,4410.28,2026-09-09 12:37:29,BOM-BLR,2026-09-08
5962,TripEase,IndiGo,BOM,BLR,2026-10-08,2026-09-08 22:32:00,4589.21,2026-09-09 12:37:29,BOM-BLR,2026-09-08
5963,SkyFareHub,Air India,BOM,BLR,2026-10-08,2026-09-08 11:41:00,5029.94,2026-09-09 12:37:29,BOM-BLR,2026-09-08
5964,TripEase,Air India,BOM,BLR,2026-10-08,2026-09-08 08:04:00,4927.92,2026-09-09 12:37:29,BOM-BLR,2026-09-08
5965,SkyFareHub,SpiceJet,BOM,BLR,2026-10-08,2026-09-08 09:46:00,4096.75,2026-09-09 12:37:29,BOM-BLR,2026-09-08
5966,TripEase,SpiceJet,BOM,BLR,2026-10-08,2026-09-08 09:10:00,4385.84,2026-09-09 12:37:29,BOM-BLR,2026-09-08
5967,SkyFareHub,Vistara,BOM,BLR,2026-10-08,2026-09-08 10:00:00,5240.76,2026-09-09 12:37:29,BOM-BLR,2026-09-08
5968,TripEase,Vistara,BOM,BLR,2026-10-08,2026-09-08 06:15:00,5179.35,2026-09-09 12:37:29,BOM-BLR,2026-09-08
5969,SkyFareHub,Akasa Air,BOM,BLR,2026-10-08,2026-09-08 11:59:00,4372.79,2026-09-09 12:37:29,BOM-BLR,2026-09-08
5970,TripEase,Akasa Air,BOM,BLR,2026-10-08,2026-09-08 14:17:00,4358.39,2026-09-09 12:37:29,BOM-BLR,2026-09-08
5971,SkyFareHub,IndiGo,DEL,MAA,2026-09-15,2026-09-08 18:40:00,6584.4,2026-09-09 12:37:29,DEL-MAA,2026-09-08
5972,TripEase,IndiGo,DEL,MAA,2026-09-15,2026-09-08 16:33:00,6919.9,2026-09-09 12:37:29,DEL-MAA,2026-09-08
5973,SkyFareHub,Air India,DEL,MAA,2026-09-15,2026-09-08 06:05:00,7593.2,2026-09-09 12:37:29,DEL-MAA,2026-09-08
5974,TripEase,Air India,DEL,MAA,2026-09-15,2026-09-08 15:51:00,7238.04,2026-09-09 12:37:29,DEL-MAA,2026-09-08
5975,SkyFareHub,SpiceJet,DEL,MAA,2026-09-15,2026-09-08 15:10:00,6585.67,2026-09-09 12:37:29,DEL-MAA,2026-09-08
5976,TripEase,SpiceJet,DEL,MAA,2026-09-15,2026-09-08 19:38:00,6473.77,2026-09-09 12:37:29,DEL-MAA,2026-09-08
5977,SkyFareHub,Vistara,DEL,MAA,2026-09-15,2026-09-08 10:14:00,7305.21,2026-09-09 12:37:29,DEL-MAA,2026-09-08
5978,TripEase,Vistara,DEL,MAA,2026-09-15,2026-09-08 11:35:00,7653.86,2026-09-09 12:37:29,DEL-MAA,2026-09-08
5979,SkyFareHub,Akasa Air,DEL,MAA,2026-09-15,2026-09-08 18:52:00,6819.89,2026-09-09 12:37:29,DEL-MAA,2026-09-08
5980,TripEase,Akasa Air,DEL,MAA,2026-09-15,2026-09-08 13:39:00,6823.91,2026-09-09 12:37:29,DEL-MAA,2026-09-08
5981,SkyFareHub,IndiGo,DEL,MAA,2026-09-22,2026-09-08 06:08:00,6722.78,2026-09-09 12:37:29,DEL-MAA,2026-09-08
5982,TripEase,IndiGo,DEL,MAA,2026-09-22,2026-09-08 18:20:00,6824.92,2026-09-09 12:37:29,DEL-MAA,2026-09-08
5983,SkyFareHub,Air India,DEL,MAA,2026-09-22,2026-09-08 15:02:00,7121.48,2026-09-09 12:37:29,DEL-MAA,2026-09-08
5984,TripEase,Air India,DEL,MAA,2026-09-22,2026-09-08 19:16:00,7012.94,2026-09-09 12:37:29,DEL-MAA,2026-09-08
5985,SkyFareHub,SpiceJet,DEL,MAA,2026-09-22,2026-09-08 20:50:00,6190.1,2026-09-09 12:37:29,DEL-MAA,2026-09-08
5986,TripEase,SpiceJet,DEL,MAA,2026-09-22,2026-09-08 06:15:00,6450.61,2026-09-09 12:37:29,DEL-MAA,2026-09-08
5987,SkyFareHub,Vistara,DEL,MAA,2026-09-22,2026-09-08 14:53:00,8067.25,2026-09-09 12:37:29,DEL-MAA,2026-09-08
5988,TripEase,Vistara,DEL,MAA,2026-09-22,2026-09-08 10:07:00,7923.17,2026-09-09 12:37:29,DEL-MAA,2026-09-08
5989,SkyFareHub,Akasa Air,DEL,MAA,2026-09-22,2026-09-08 20:31:00,6491.22,2026-09-09 12:37:29,DEL-MAA,2026-09-08
5990,TripEase,Akasa Air,DEL,MAA,2026-09-22,2026-09-08 18:26:00,6302.39,2026-09-09 12:37:29,DEL-MAA,2026-09-08
5991,SkyFareHub,IndiGo,DEL,MAA,2026-10-08,2026-09-08 10:14:00,6166.85,2026-09-09 12:37:29,DEL-MAA,2026-09-08
5992,TripEase,IndiGo,DEL,MAA,2026-10-08,2026-09-08 20:38:00,6380.58,2026-09-09 12:37:29,DEL-MAA,2026-09-08
5993,SkyFareHub,Air India,DEL,MAA,2026-10-08,2026-09-08 19:18:00,7331.85,2026-09-09 12:37:29,DEL-MAA,2026-09-08
5994,TripEase,Air India,DEL,MAA,2026-10-08,2026-09-08 15:36:00,6873.47,2026-09-09 12:37:29,DEL-MAA,2026-09-08
5995,SkyFareHub,SpiceJet,DEL,MAA,2026-10-08,2026-09-08 11:08:00,6468.65,2026-09-09 12:37:29,DEL-MAA,2026-09-08
5996,TripEase,SpiceJet,DEL,MAA,2026-10-08,2026-09-08 11:38:00,6429.12,2026-09-09 12:37:29,DEL-MAA,2026-09-08
5997,SkyFareHub,Vistara,DEL,MAA,2026-10-08,2026-09-08 19:36:00,7307.37,2026-09-09 12:37:29,DEL-MAA,2026-09-08
5998,TripEase,Vistara,DEL,MAA,2026-10-08,2026-09-08 19:25:00,7286.78,2026-09-09 12:37:29,DEL-MAA,2026-09-08
5999,SkyFareHub,Akasa Air,DEL,MAA,2026-10-08,2026-09-08 19:11:00,6038.27,2026-09-09 12:37:29,DEL-MAA,2026-09-08
6000,TripEase,Akasa Air,DEL,MAA,2026-10-08,2026-09-08 10:37:00,6055.71,2026-09-09 12:37:29,DEL-MAA,2026-09-08
6001,SkyFareHub,IndiGo,BOM,MAA,2026-09-15,2026-09-08 13:13:00,6288.33,2026-09-09 12:37:29,BOM-MAA,2026-09-08
6002,TripEase,IndiGo,BOM,MAA,2026-09-15,2026-09-08 21:55:00,5982.46,2026-09-09 12:37:29,BOM-MAA,2026-09-08
6003,SkyFareHub,Air India,BOM,MAA,2026-09-15,2026-09-08 20:45:00,6803.06,2026-09-09 12:37:29,BOM-MAA,2026-09-08
6004,TripEase,Air India,BOM,MAA,2026-09-15,2026-09-08 17:58:00,6575.2,2026-09-09 12:37:29,BOM-MAA,2026-09-08
6005,SkyFareHub,SpiceJet,BOM,MAA,2026-09-15,2026-09-08 09:15:00,5708.63,2026-09-09 12:37:29,BOM-MAA,2026-09-08
6006,TripEase,SpiceJet,BOM,MAA,2026-09-15,2026-09-08 22:55:00,5521.97,2026-09-09 12:37:29,BOM-MAA,2026-09-08
6007,SkyFareHub,Vistara,BOM,MAA,2026-09-15,2026-09-08 13:06:00,7293.74,2026-09-09 12:37:29,BOM-MAA,2026-09-08
6008,TripEase,Vistara,BOM,MAA,2026-09-15,2026-09-08 12:48:00,6904.57,2026-09-09 12:37:29,BOM-MAA,2026-09-08
6009,SkyFareHub,Akasa Air,BOM,MAA,2026-09-15,2026-09-08 10:25:00,5793.74,2026-09-09 12:37:29,BOM-MAA,2026-09-08
6010,TripEase,Akasa Air,BOM,MAA,2026-09-15,2026-09-08 08:18:00,5463.97,2026-09-09 12:37:29,BOM-MAA,2026-09-08
6011,SkyFareHub,IndiGo,BOM,MAA,2026-09-22,2026-09-08 20:59:00,5922.09,2026-09-09 12:37:29,BOM-MAA,2026-09-08
6012,TripEase,IndiGo,BOM,MAA,2026-09-22,2026-09-08 08:50:00,6037.65,2026-09-09 12:37:29,BOM-MAA,2026-09-08
6013,SkyFareHub,Air India,BOM,MAA,2026-09-22,2026-09-08 13:54:00,6399.59,2026-09-09 12:37:29,BOM-MAA,2026-09-08
6014,TripEase,Air India,BOM,MAA,2026-09-22,2026-09-08 08:13:00,6117.68,2026-09-09 12:37:29,BOM-MAA,2026-09-08
6015,SkyFareHub,SpiceJet,BOM,MAA,2026-09-22,2026-09-08 22:51:00,5411.25,2026-09-09 12:37:29,BOM-MAA,2026-09-08
6016,TripEase,SpiceJet,BOM,MAA,2026-09-22,2026-09-08 21:08:00,5639.22,2026-09-09 12:37:29,BOM-MAA,2026-09-08
6017,SkyFareHub,Vistara,BOM,MAA,2026-09-22,2026-09-08 19:41:00,6649.13,2026-09-09 12:37:29,BOM-MAA,2026-09-08
6018,TripEase,Vistara,BOM,MAA,2026-09-22,2026-09-08 15:10:00,6834.54,2026-09-09 12:37:29,BOM-MAA,2026-09-08
6019,SkyFareHub,Akasa Air,BOM,MAA,2026-09-22,2026-09-08 10:18:00,5955.41,2026-09-09 12:37:29,BOM-MAA,2026-09-08
6020,TripEase,Akasa Air,BOM,MAA,2026-09-22,2026-09-08 10:03:00,5915.19,2026-09-09 12:37:29,BOM-MAA,2026-09-08
6021,SkyFareHub,IndiGo,BOM,MAA,2026-10-08,2026-09-08 13:01:00,5684.2,2026-09-09 12:37:29,BOM-MAA,2026-09-08
6022,TripEase,IndiGo,BOM,MAA,2026-10-08,2026-09-08 19:27:00,5794.87,2026-09-09 12:37:29,BOM-MAA,2026-09-08
6023,SkyFareHub,Air India,BOM,MAA,2026-10-08,2026-09-08 14:35:00,6395.68,2026-09-09 12:37:29,BOM-MAA,2026-09-08
6024,TripEase,Air India,BOM,MAA,2026-10-08,2026-09-08 07:41:00,6394.34,2026-09-09 12:37:29,BOM-MAA,2026-09-08
6025,SkyFareHub,SpiceJet,BOM,MAA,2026-10-08,2026-09-08 10:56:00,5650.52,2026-09-09 12:37:29,BOM-MAA,2026-09-08
6026,TripEase,SpiceJet,BOM,MAA,2026-10-08,2026-09-08 17:15:00,5253.57,2026-09-09 12:37:29,BOM-MAA,2026-09-08
6027,SkyFareHub,Vistara,BOM,MAA,2026-10-08,2026-09-08 19:26:00,6503.03,2026-09-09 12:37:29,BOM-MAA,2026-09-08
6028,TripEase,Vistara,BOM,MAA,2026-10-08,2026-09-08 16:30:00,6431.45,2026-09-09 12:37:29,BOM-MAA,2026-09-08
6029,SkyFareHub,Akasa Air,BOM,MAA,2026-10-08,2026-09-08 15:54:00,5528.25,2026-09-09 12:37:29,BOM-MAA,2026-09-08
6030,TripEase,Akasa Air,BOM,MAA,2026-10-08,2026-09-08 15:31:00,5686.04,2026-09-09 12:37:29,BOM-MAA,2026-09-08
6031,SkyFareHub,IndiGo,DEL,CCU,2026-09-15,2026-09-08 16:14:00,6423.75,2026-09-09 12:37:29,DEL-CCU,2026-09-08
6032,TripEase,IndiGo,DEL,CCU,2026-09-15,2026-09-08 21:42:00,6768.39,2026-09-09 12:37:29,DEL-CCU,2026-09-08
6033,SkyFareHub,Air India,DEL,CCU,2026-09-15,2026-09-08 09:00:00,7197.9,2026-09-09 12:37:29,DEL-CCU,2026-09-08
6034,TripEase,Air India,DEL,CCU,2026-09-15,2026-09-08 12:41:00,6730.19,2026-09-09 12:37:29,DEL-CCU,2026-09-08
6035,SkyFareHub,SpiceJet,DEL,CCU,2026-09-15,2026-09-08 17:03:00,5980.21,2026-09-09 12:37:29,DEL-CCU,2026-09-08
6036,TripEase,SpiceJet,DEL,CCU,2026-09-15,2026-09-08 11:02:00,5856.62,2026-09-09 12:37:29,DEL-CCU,2026-09-08
6037,SkyFareHub,Vistara,DEL,CCU,2026-09-15,2026-09-08 08:37:00,7152.89,2026-09-09 12:37:29,DEL-CCU,2026-09-08
6038,TripEase,Vistara,DEL,CCU,2026-09-15,2026-09-08 12:29:00,7250.91,2026-09-09 12:37:29,DEL-CCU,2026-09-08
6039,SkyFareHub,Akasa Air,DEL,CCU,2026-09-15,2026-09-08 11:51:00,5966.69,2026-09-09 12:37:29,DEL-CCU,2026-09-08
6040,TripEase,Akasa Air,DEL,CCU,2026-09-15,2026-09-08 14:54:00,6356.71,2026-09-09 12:37:29,DEL-CCU,2026-09-08
6041,SkyFareHub,IndiGo,DEL,CCU,2026-09-22,2026-09-08 06:49:00,6368.38,2026-09-09 12:37:29,DEL-CCU,2026-09-08
6042,TripEase,IndiGo,DEL,CCU,2026-09-22,2026-09-08 20:47:00,6232.38,2026-09-09 12:37:29,DEL-CCU,2026-09-08
6043,SkyFareHub,Air India,DEL,CCU,2026-09-22,2026-09-08 10:49:00,7103.56,2026-09-09 12:37:29,DEL-CCU,2026-09-08
6044,TripEase,Air India,DEL,CCU,2026-09-22,2026-09-08 06:44:00,6935.31,2026-09-09 12:37:29,DEL-CCU,2026-09-08
6045,SkyFareHub,SpiceJet,DEL,CCU,2026-09-22,2026-09-08 08:49:00,6188.58,2026-09-09 12:37:29,DEL-CCU,2026-09-08
6046,TripEase,SpiceJet,DEL,CCU,2026-09-22,2026-09-08 21:40:00,6025.5,2026-09-09 12:37:29,DEL-CCU,2026-09-08
6047,SkyFareHub,Vistara,DEL,CCU,2026-09-22,2026-09-08 17:05:00,7242.87,2026-09-09 12:37:29,DEL-CCU,2026-09-08
6048,TripEase,Vistara,DEL,CCU,2026-09-22,2026-09-08 11:55:00,7207.2,2026-09-09 12:37:29,DEL-CCU,2026-09-08
6049,SkyFareHub,Akasa Air,DEL,CCU,2026-09-22,2026-09-08 14:22:00,6146.43,2026-09-09 12:37:29,DEL-CCU,2026-09-08
6050,TripEase,Akasa Air,DEL,CCU,2026-09-22,2026-09-08 07:38:00,6301.62,2026-09-09 12:37:29,DEL-CCU,2026-09-08
6051,SkyFareHub,IndiGo,DEL,CCU,2026-10-08,2026-09-08 17:32:00,6342.06,2026-09-09 12:37:29,DEL-CCU,2026-09-08
6052,TripEase,IndiGo,DEL,CCU,2026-10-08,2026-09-08 08:46:00,5862.86,2026-09-09 12:37:29,DEL-CCU,2026-09-08
6053,SkyFareHub,Air India,DEL,CCU,2026-10-08,2026-09-08 20:16:00,6623.28,2026-09-09 12:37:29,DEL-CCU,2026-09-08
6054,TripEase,Air India,DEL,CCU,2026-10-08,2026-09-08 18:42:00,6657.18,2026-09-09 12:37:29,DEL-CCU,2026-09-08
6055,SkyFareHub,SpiceJet,DEL,CCU,2026-10-08,2026-09-08 09:58:00,5830.38,2026-09-09 12:37:29,DEL-CCU,2026-09-08
6056,TripEase,SpiceJet,DEL,CCU,2026-10-08,2026-09-08 21:00:00,5861.24,2026-09-09 12:37:29,DEL-CCU,2026-09-08
6057,SkyFareHub,Vistara,DEL,CCU,2026-10-08,2026-09-08 13:57:00,6627.63,2026-09-09 12:37:29,DEL-CCU,2026-09-08
6058,TripEase,Vistara,DEL,CCU,2026-10-08,2026-09-08 15:20:00,7069.66,2026-09-09 12:37:29,DEL-CCU,2026-09-08
6059,SkyFareHub,Akasa Air,DEL,CCU,2026-10-08,2026-09-08 14:01:00,6031.23,2026-09-09 12:37:29,DEL-CCU,2026-09-08
6060,TripEase,Akasa Air,DEL,CCU,2026-10-08,2026-09-08 10:11:00,6127.03,2026-09-09 12:37:29,DEL-CCU,2026-09-08
6061,SkyFareHub,IndiGo,BLR,HYD,2026-09-15,2026-09-08 12:37:00,3840.55,2026-09-09 12:37:29,BLR-HYD,2026-09-08
6062,TripEase,IndiGo,BLR,HYD,2026-09-15,2026-09-08 07:15:00,3990.6,2026-09-09 12:37:29,BLR-HYD,2026-09-08
6063,SkyFareHub,Air India,BLR,HYD,2026-09-15,2026-09-08 18:43:00,4392.35,2026-09-09 12:37:29,BLR-HYD,2026-09-08
6064,TripEase,Air India,BLR,HYD,2026-09-15,2026-09-08 06:42:00,4467.54,2026-09-09 12:37:29,BLR-HYD,2026-09-08
6065,SkyFareHub,SpiceJet,BLR,HYD,2026-09-15,2026-09-08 10:25:00,3758.19,2026-09-09 12:37:29,BLR-HYD,2026-09-08
6066,TripEase,SpiceJet,BLR,HYD,2026-09-15,2026-09-08 16:05:00,3736.37,2026-09-09 12:37:29,BLR-HYD,2026-09-08
6067,SkyFareHub,Vistara,BLR,HYD,2026-09-15,2026-09-08 19:45:00,4697.9,2026-09-09 12:37:29,BLR-HYD,2026-09-08
6068,TripEase,Vistara,BLR,HYD,2026-09-15,2026-09-08 13:21:00,4695.38,2026-09-09 12:37:29,BLR-HYD,2026-09-08
6069,SkyFareHub,Akasa Air,BLR,HYD,2026-09-15,2026-09-08 07:59:00,3828.01,2026-09-09 12:37:29,BLR-HYD,2026-09-08
6070,TripEase,Akasa Air,BLR,HYD,2026-09-15,2026-09-08 15:16:00,3861.54,2026-09-09 12:37:29,BLR-HYD,2026-09-08
6071,SkyFareHub,IndiGo,BLR,HYD,2026-09-22,2026-09-08 22:57:00,4017.72,2026-09-09 12:37:29,BLR-HYD,2026-09-08
6072,TripEase,IndiGo,BLR,HYD,2026-09-22,2026-09-08 19:31:00,3830.95,2026-09-09 12:37:29,BLR-HYD,2026-09-08
6073,SkyFareHub,Air India,BLR,HYD,2026-09-22,2026-09-08 21:02:00,4121.41,2026-09-09 12:37:29,BLR-HYD,2026-09-08
6074,TripEase,Air India,BLR,HYD,2026-09-22,2026-09-08 09:38:00,4136.57,2026-09-09 12:37:29,BLR-HYD,2026-09-08
6075,SkyFareHub,SpiceJet,BLR,HYD,2026-09-22,2026-09-08 15:55:00,3680.65,2026-09-09 12:37:29,BLR-HYD,2026-09-08
6076,TripEase,SpiceJet,BLR,HYD,2026-09-22,2026-09-08 10:51:00,3538.84,2026-09-09 12:37:29,BLR-HYD,2026-09-08
6077,SkyFareHub,Vistara,BLR,HYD,2026-09-22,2026-09-08 16:34:00,4346.31,2026-09-09 12:37:29,BLR-HYD,2026-09-08
6078,TripEase,Vistara,BLR,HYD,2026-09-22,2026-09-08 07:21:00,4369.52,2026-09-09 12:37:29,BLR-HYD,2026-09-08
6079,SkyFareHub,Akasa Air,BLR,HYD,2026-09-22,2026-09-08 11:42:00,3665.27,2026-09-09 12:37:29,BLR-HYD,2026-09-08
6080,TripEase,Akasa Air,BLR,HYD,2026-09-22,2026-09-08 18:02:00,3696.29,2026-09-09 12:37:29,BLR-HYD,2026-09-08
6081,SkyFareHub,IndiGo,BLR,HYD,2026-10-08,2026-09-08 11:09:00,3706.79,2026-09-09 12:37:29,BLR-HYD,2026-09-08
6082,TripEase,IndiGo,BLR,HYD,2026-10-08,2026-09-08 21:43:00,3571.09,2026-09-09 12:37:29,BLR-HYD,2026-09-08
6083,SkyFareHub,Air India,BLR,HYD,2026-10-08,2026-09-08 14:23:00,3914.75,2026-09-09 12:37:29,BLR-HYD,2026-09-08
6084,TripEase,Air India,BLR,HYD,2026-10-08,2026-09-08 07:55:00,4100.3,2026-09-09 12:37:29,BLR-HYD,2026-09-08
6085,SkyFareHub,SpiceJet,BLR,HYD,2026-10-08,2026-09-08 10:58:00,3683.5,2026-09-09 12:37:29,BLR-HYD,2026-09-08
6086,TripEase,SpiceJet,BLR,HYD,2026-10-08,2026-09-08 20:48:00,3565.02,2026-09-09 12:37:29,BLR-HYD,2026-09-08
6087,SkyFareHub,Vistara,BLR,HYD,2026-10-08,2026-09-08 08:52:00,4165.45,2026-09-09 12:37:29,BLR-HYD,2026-09-08
6088,TripEase,Vistara,BLR,HYD,2026-10-08,2026-09-08 13:36:00,4344.66,2026-09-09 12:37:29,BLR-HYD,2026-09-08
6089,SkyFareHub,Akasa Air,BLR,HYD,2026-10-08,2026-09-08 21:51:00,3681.57,2026-09-09 12:37:29,BLR-HYD,2026-09-08
6090,TripEase,Akasa Air,BLR,HYD,2026-10-08,2026-09-08 19:11:00,3612.37,2026-09-09 12:37:29,BLR-HYD,2026-09-08
6091,SkyFareHub,IndiGo,DEL,BOM,2026-09-16,2026-09-09 18:59:00,5702.64,2026-09-09 12:37:29,DEL-BOM,2026-09-09
6092,TripEase,IndiGo,DEL,BOM,2026-09-16,2026-09-09 06:08:00,5427.32,2026-09-09 12:37:29,DEL-BOM,2026-09-09
6093,SkyFareHub,Air India,DEL,BOM,2026-09-16,2026-09-09 15:01:00,6173.13,2026-09-09 12:37:29,DEL-BOM,2026-09-09
6094,TripEase,Air India,DEL,BOM,2026-09-16,2026-09-09 20:00:00,6019.2,2026-09-09 12:37:29,DEL-BOM,2026-09-09
6095,SkyFareHub,SpiceJet,DEL,BOM,2026-09-16,2026-09-09 18:03:00,5300.31,2026-09-09 12:37:29,DEL-BOM,2026-09-09
6096,TripEase,SpiceJet,DEL,BOM,2026-09-16,2026-09-09 18:15:00,5489.4,2026-09-09 12:37:29,DEL-BOM,2026-09-09
6097,SkyFareHub,Vistara,DEL,BOM,2026-09-16,2026-09-09 19:53:00,6326.85,2026-09-09 12:37:29,DEL-BOM,2026-09-09
6098,TripEase,Vistara,DEL,BOM,2026-09-16,2026-09-09 22:56:00,6169.77,2026-09-09 12:37:29,DEL-BOM,2026-09-09
6099,SkyFareHub,Akasa Air,DEL,BOM,2026-09-16,2026-09-09 19:17:00,5688.03,2026-09-09 12:37:29,DEL-BOM,2026-09-09
6100,TripEase,Akasa Air,DEL,BOM,2026-09-16,2026-09-09 09:00:00,5767.88,2026-09-09 12:37:29,DEL-BOM,2026-09-09
6101,SkyFareHub,IndiGo,DEL,BOM,2026-09-23,2026-09-09 09:10:00,5859.23,2026-09-09 12:37:29,DEL-BOM,2026-09-09
6102,TripEase,IndiGo,DEL,BOM,2026-09-23,2026-09-09 06:09:00,5548.57,2026-09-09 12:37:29,DEL-BOM,2026-09-09
6103,SkyFareHub,Air India,DEL,BOM,2026-09-23,2026-09-09 14:21:00,5878.88,2026-09-09 12:37:29,DEL-BOM,2026-09-09
6104,TripEase,Air India,DEL,BOM,2026-09-23,2026-09-09 20:48:00,5842.54,2026-09-09 12:37:29,DEL-BOM,2026-09-09
6105,SkyFareHub,SpiceJet,DEL,BOM,2026-09-23,2026-09-09 17:14:00,5317.38,2026-09-09 12:37:29,DEL-BOM,2026-09-09
6106,TripEase,SpiceJet,DEL,BOM,2026-09-23,2026-09-09 11:25:00,5561.43,2026-09-09 12:37:29,DEL-BOM,2026-09-09
6107,SkyFareHub,Vistara,DEL,BOM,2026-09-23,2026-09-09 19:02:00,6326.03,2026-09-09 12:37:29,DEL-BOM,2026-09-09
6108,TripEase,Vistara,DEL,BOM,2026-09-23,2026-09-09 17:58:00,6508.07,2026-09-09 12:37:29,DEL-BOM,2026-09-09
6109,SkyFareHub,Akasa Air,DEL,BOM,2026-09-23,2026-09-09 15:42:00,5632.85,2026-09-09 12:37:29,DEL-BOM,2026-09-09
6110,TripEase,Akasa Air,DEL,BOM,2026-09-23,2026-09-09 10:02:00,5521.02,2026-09-09 12:37:29,DEL-BOM,2026-09-09
6111,SkyFareHub,IndiGo,DEL,BOM,2026-10-09,2026-09-09 15:44:00,5482.13,2026-09-09 12:37:29,DEL-BOM,2026-09-09
6112,TripEase,IndiGo,DEL,BOM,2026-10-09,2026-09-09 22:05:00,5329.98,2026-09-09 12:37:29,DEL-BOM,2026-09-09
6113,SkyFareHub,Air India,DEL,BOM,2026-10-09,2026-09-09 09:45:00,5568.98,2026-09-09 12:37:29,DEL-BOM,2026-09-09
6114,TripEase,Air India,DEL,BOM,2026-10-09,2026-09-09 17:33:00,5902.04,2026-09-09 12:37:29,DEL-BOM,2026-09-09
6115,SkyFareHub,SpiceJet,DEL,BOM,2026-10-09,2026-09-09 15:48:00,5206.65,2026-09-09 12:37:29,DEL-BOM,2026-09-09
6116,TripEase,SpiceJet,DEL,BOM,2026-10-09,2026-09-09 11:55:00,5285.51,2026-09-09 12:37:29,DEL-BOM,2026-09-09
6117,SkyFareHub,Vistara,DEL,BOM,2026-10-09,2026-09-09 17:09:00,6246.03,2026-09-09 12:37:29,DEL-BOM,2026-09-09
6118,TripEase,Vistara,DEL,BOM,2026-10-09,2026-09-09 07:20:00,6156.39,2026-09-09 12:37:29,DEL-BOM,2026-09-09
6119,SkyFareHub,Akasa Air,DEL,BOM,2026-10-09,2026-09-09 13:51:00,5362.29,2026-09-09 12:37:29,DEL-BOM,2026-09-09
6120,TripEase,Akasa Air,DEL,BOM,2026-10-09,2026-09-09 10:19:00,5375.98,2026-09-09 12:37:29,DEL-BOM,2026-09-09
6121,SkyFareHub,IndiGo,DEL,BLR,2026-09-16,2026-09-09 06:18:00,6115.25,2026-09-09 12:37:29,DEL-BLR,2026-09-09
6122,TripEase,IndiGo,DEL,BLR,2026-09-16,2026-09-09 19:57:00,6298.14,2026-09-09 12:37:29,DEL-BLR,2026-09-09
6123,SkyFareHub,Air India,DEL,BLR,2026-09-16,2026-09-09 12:22:00,6804.35,2026-09-09 12:37:29,DEL-BLR,2026-09-09
6124,TripEase,Air India,DEL,BLR,2026-09-16,2026-09-09 22:23:00,6757.44,2026-09-09 12:37:29,DEL-BLR,2026-09-09
6125,SkyFareHub,SpiceJet,DEL,BLR,2026-09-16,2026-09-09 12:43:00,5687.19,2026-09-09 12:37:29,DEL-BLR,2026-09-09
6126,TripEase,SpiceJet,DEL,BLR,2026-09-16,2026-09-09 08:27:00,5700.19,2026-09-09 12:37:29,DEL-BLR,2026-09-09
6127,SkyFareHub,Vistara,DEL,BLR,2026-09-16,2026-09-09 19:03:00,7034.18,2026-09-09 12:37:29,DEL-BLR,2026-09-09
6128,TripEase,Vistara,DEL,BLR,2026-09-16,2026-09-09 07:23:00,7097.31,2026-09-09 12:37:29,DEL-BLR,2026-09-09
6129,SkyFareHub,Akasa Air,DEL,BLR,2026-09-16,2026-09-09 08:13:00,5813.09,2026-09-09 12:37:29,DEL-BLR,2026-09-09
6130,TripEase,Akasa Air,DEL,BLR,2026-09-16,2026-09-09 20:36:00,5895.53,2026-09-09 12:37:29,DEL-BLR,2026-09-09
6131,SkyFareHub,IndiGo,DEL,BLR,2026-09-23,2026-09-09 14:46:00,6143.64,2026-09-09 12:37:29,DEL-BLR,2026-09-09
6132,TripEase,IndiGo,DEL,BLR,2026-09-23,2026-09-09 16:44:00,6197.09,2026-09-09 12:37:29,DEL-BLR,2026-09-09
6133,SkyFareHub,Air India,DEL,BLR,2026-09-23,2026-09-09 07:20:00,7078.34,2026-09-09 12:37:29,DEL-BLR,2026-09-09
6134,TripEase,Air India,DEL,BLR,2026-09-23,2026-09-09 08:48:00,6644.43,2026-09-09 12:37:29,DEL-BLR,2026-09-09
6135,SkyFareHub,SpiceJet,DEL,BLR,2026-09-23,2026-09-09 18:27:00,5948.71,2026-09-09 12:37:29,DEL-BLR,2026-09-09
6136,TripEase,SpiceJet,DEL,BLR,2026-09-23,2026-09-09 18:37:00,6244.91,2026-09-09 12:37:29,DEL-BLR,2026-09-09
6137,SkyFareHub,Vistara,DEL,BLR,2026-09-23,2026-09-09 09:35:00,6874.54,2026-09-09 12:37:29,DEL-BLR,2026-09-09
6138,TripEase,Vistara,DEL,BLR,2026-09-23,2026-09-09 21:16:00,7121.08,2026-09-09 12:37:29,DEL-BLR,2026-09-09
6139,SkyFareHub,Akasa Air,DEL,BLR,2026-09-23,2026-09-09 18:35:00,6078.91,2026-09-09 12:37:29,DEL-BLR,2026-09-09
6140,TripEase,Akasa Air,DEL,BLR,2026-09-23,2026-09-09 20:03:00,6169.42,2026-09-09 12:37:29,DEL-BLR,2026-09-09
6141,SkyFareHub,IndiGo,DEL,BLR,2026-10-09,2026-09-09 21:54:00,6277.28,2026-09-09 12:37:29,DEL-BLR,2026-09-09
6142,TripEase,IndiGo,DEL,BLR,2026-10-09,2026-09-09 14:15:00,6048.86,2026-09-09 12:37:29,DEL-BLR,2026-09-09
6143,SkyFareHub,Air India,DEL,BLR,2026-10-09,2026-09-09 09:36:00,6758.75,2026-09-09 12:37:29,DEL-BLR,2026-09-09
6144,TripEase,Air India,DEL,BLR,2026-10-09,2026-09-09 17:27:00,6110.47,2026-09-09 12:37:29,DEL-BLR,2026-09-09
6145,SkyFareHub,SpiceJet,DEL,BLR,2026-10-09,2026-09-09 10:44:00,5577.99,2026-09-09 12:37:29,DEL-BLR,2026-09-09
6146,TripEase,SpiceJet,DEL,BLR,2026-10-09,2026-09-09 12:50:00,5840.97,2026-09-09 12:37:29,DEL-BLR,2026-09-09
6147,SkyFareHub,Vistara,DEL,BLR,2026-10-09,2026-09-09 18:18:00,6856.11,2026-09-09 12:37:29,DEL-BLR,2026-09-09
6148,TripEase,Vistara,DEL,BLR,2026-10-09,2026-09-09 10:20:00,6613.14,2026-09-09 12:37:29,DEL-BLR,2026-09-09
6149,SkyFareHub,Akasa Air,DEL,BLR,2026-10-09,2026-09-09 18:59:00,5561.51,2026-09-09 12:37:29,DEL-BLR,2026-09-09
6150,TripEase,Akasa Air,DEL,BLR,2026-10-09,2026-09-09 18:39:00,6101.53,2026-09-09 12:37:29,DEL-BLR,2026-09-09
6151,SkyFareHub,IndiGo,BOM,BLR,2026-09-16,2026-09-09 14:10:00,4881.57,2026-09-09 12:37:29,BOM-BLR,2026-09-09
6152,TripEase,IndiGo,BOM,BLR,2026-09-16,2026-09-09 11:14:00,4798.46,2026-09-09 12:37:29,BOM-BLR,2026-09-09
6153,SkyFareHub,Air India,BOM,BLR,2026-09-16,2026-09-09 10:02:00,5281.25,2026-09-09 12:37:29,BOM-BLR,2026-09-09
6154,TripEase,Air India,BOM,BLR,2026-09-16,2026-09-09 06:36:00,4988.52,2026-09-09 12:37:29,BOM-BLR,2026-09-09
6155,SkyFareHub,SpiceJet,BOM,BLR,2026-09-16,2026-09-09 06:04:00,4373.51,2026-09-09 12:37:29,BOM-BLR,2026-09-09
6156,TripEase,SpiceJet,BOM,BLR,2026-09-16,2026-09-09 11:33:00,4357.23,2026-09-09 12:37:29,BOM-BLR,2026-09-09
6157,SkyFareHub,Vistara,BOM,BLR,2026-09-16,2026-09-09 15:31:00,5195.65,2026-09-09 12:37:29,BOM-BLR,2026-09-09
6158,TripEase,Vistara,BOM,BLR,2026-09-16,2026-09-09 22:09:00,5511.83,2026-09-09 12:37:29,BOM-BLR,2026-09-09
6159,SkyFareHub,Akasa Air,BOM,BLR,2026-09-16,2026-09-09 21:21:00,4569.89,2026-09-09 12:37:29,BOM-BLR,2026-09-09
6160,TripEase,Akasa Air,BOM,BLR,2026-09-16,2026-09-09 16:53:00,4777.96,2026-09-09 12:37:29,BOM-BLR,2026-09-09
6161,SkyFareHub,IndiGo,BOM,BLR,2026-09-23,2026-09-09 18:03:00,4506.73,2026-09-09 12:37:29,BOM-BLR,2026-09-09
6162,TripEase,IndiGo,BOM,BLR,2026-09-23,2026-09-09 19:36:00,4774.33,2026-09-09 12:37:29,BOM-BLR,2026-09-09
6163,SkyFareHub,Air India,BOM,BLR,2026-09-23,2026-09-09 12:35:00,5120.11,2026-09-09 12:37:29,BOM-BLR,2026-09-09
6164,TripEase,Air India,BOM,BLR,2026-09-23,2026-09-09 06:45:00,5078.51,2026-09-09 12:37:29,BOM-BLR,2026-09-09
6165,SkyFareHub,SpiceJet,BOM,BLR,2026-09-23,2026-09-09 13:13:00,4597.99,2026-09-09 12:37:29,BOM-BLR,2026-09-09
6166,TripEase,SpiceJet,BOM,BLR,2026-09-23,2026-09-09 19:40:00,4382.3,2026-09-09 12:37:29,BOM-BLR,2026-09-09
6167,SkyFareHub,Vistara,BOM,BLR,2026-09-23,2026-09-09 10:31:00,5315.96,2026-09-09 12:37:29,BOM-BLR,2026-09-09
6168,TripEase,Vistara,BOM,BLR,2026-09-23,2026-09-09 12:04:00,5299.72,2026-09-09 12:37:29,BOM-BLR,2026-09-09
6169,SkyFareHub,Akasa Air,BOM,BLR,2026-09-23,2026-09-09 07:25:00,4527.44,2026-09-09 12:37:29,BOM-BLR,2026-09-09
6170,TripEase,Akasa Air,BOM,BLR,2026-09-23,2026-09-09 21:01:00,4407.71,2026-09-09 12:37:29,BOM-BLR,2026-09-09
6171,SkyFareHub,IndiGo,BOM,BLR,2026-10-09,2026-09-09 12:35:00,4621.09,2026-09-09 12:37:29,BOM-BLR,2026-09-09
6172,TripEase,IndiGo,BOM,BLR,2026-10-09,2026-09-09 07:21:00,4363.65,2026-09-09 12:37:29,BOM-BLR,2026-09-09
6173,SkyFareHub,Air India,BOM,BLR,2026-10-09,2026-09-09 22:50:00,4790.77,2026-09-09 12:37:29,BOM-BLR,2026-09-09
6174,TripEase,Air India,BOM,BLR,2026-10-09,2026-09-09 08:46:00,4804.49,2026-09-09 12:37:29,BOM-BLR,2026-09-09
6175,SkyFareHub,SpiceJet,BOM,BLR,2026-10-09,2026-09-09 15:46:00,4405.91,2026-09-09 12:37:29,BOM-BLR,2026-09-09
6176,TripEase,SpiceJet,BOM,BLR,2026-10-09,2026-09-09 14:01:00,4209.18,2026-09-09 12:37:29,BOM-BLR,2026-09-09
6177,SkyFareHub,Vistara,BOM,BLR,2026-10-09,2026-09-09 21:50:00,5342.74,2026-09-09 12:37:29,BOM-BLR,2026-09-09
6178,TripEase,Vistara,BOM,BLR,2026-10-09,2026-09-09 19:29:00,5265.01,2026-09-09 12:37:29,BOM-BLR,2026-09-09
6179,SkyFareHub,Akasa Air,BOM,BLR,2026-10-09,2026-09-09 06:53:00,4287.94,2026-09-09 12:37:29,BOM-BLR,2026-09-09
6180,TripEase,Akasa Air,BOM,BLR,2026-10-09,2026-09-09 06:53:00,4583.71,2026-09-09 12:37:29,BOM-BLR,2026-09-09
6181,SkyFareHub,IndiGo,DEL,MAA,2026-09-16,2026-09-09 12:51:00,6627.75,2026-09-09 12:37:29,DEL-MAA,2026-09-09
6182,TripEase,IndiGo,DEL,MAA,2026-09-16,2026-09-09 18:56:00,6994.6,2026-09-09 12:37:29,DEL-MAA,2026-09-09
6183,SkyFareHub,Air India,DEL,MAA,2026-09-16,2026-09-09 19:46:00,7499.6,2026-09-09 12:37:29,DEL-MAA,2026-09-09
6184,TripEase,Air India,DEL,MAA,2026-09-16,2026-09-09 14:20:00,7117.64,2026-09-09 12:37:29,DEL-MAA,2026-09-09
6185,SkyFareHub,SpiceJet,DEL,MAA,2026-09-16,2026-09-09 12:06:00,6559.33,2026-09-09 12:37:29,DEL-MAA,2026-09-09
6186,TripEase,SpiceJet,DEL,MAA,2026-09-16,2026-09-09 21:47:00,6356.23,2026-09-09 12:37:29,DEL-MAA,2026-09-09
6187,SkyFareHub,Vistara,DEL,MAA,2026-09-16,2026-09-09 14:53:00,7878.56,2026-09-09 12:37:29,DEL-MAA,2026-09-09
6188,TripEase,Vistara,DEL,MAA,2026-09-16,2026-09-09 14:38:00,8259.11,2026-09-09 12:37:29,DEL-MAA,2026-09-09
6189,SkyFareHub,Akasa Air,DEL,MAA,2026-09-16,2026-09-09 07:37:00,6810.34,2026-09-09 12:37:29,DEL-MAA,2026-09-09
6190,TripEase,Akasa Air,DEL,MAA,2026-09-16,2026-09-09 16:00:00,6870.01,2026-09-09 12:37:29,DEL-MAA,2026-09-09
6191,SkyFareHub,IndiGo,DEL,MAA,2026-09-23,2026-09-09 12:09:00,6932.65,2026-09-09 12:37:29,DEL-MAA,2026-09-09
6192,TripEase,IndiGo,DEL,MAA,2026-09-23,2026-09-09 19:18:00,6980.96,2026-09-09 12:37:29,DEL-MAA,2026-09-09
6193,SkyFareHub,Air India,DEL,MAA,2026-09-23,2026-09-09 13:37:00,6909.0,2026-09-09 12:37:29,DEL-MAA,2026-09-09
6194,TripEase,Air India,DEL,MAA,2026-09-23,2026-09-09 10:06:00,7040.75,2026-09-09 12:37:29,DEL-MAA,2026-09-09
6195,SkyFareHub,SpiceJet,DEL,MAA,2026-09-23,2026-09-09 08:42:00,6205.96,2026-09-09 12:37:29,DEL-MAA,2026-09-09
6196,TripEase,SpiceJet,DEL,MAA,2026-09-23,2026-09-09 15:35:00,6397.99,2026-09-09 12:37:29,DEL-MAA,2026-09-09
6197,SkyFareHub,Vistara,DEL,MAA,2026-09-23,2026-09-09 06:00:00,7842.59,2026-09-09 12:37:29,DEL-MAA,2026-09-09
6198,TripEase,Vistara,DEL,MAA,2026-09-23,2026-09-09 20:27:00,7678.01,2026-09-09 12:37:29,DEL-MAA,2026-09-09
6199,SkyFareHub,Akasa Air,DEL,MAA,2026-09-23,2026-09-09 11:08:00,6811.67,2026-09-09 12:37:29,DEL-MAA,2026-09-09
6200,TripEase,Akasa Air,DEL,MAA,2026-09-23,2026-09-09 22:45:00,6832.45,2026-09-09 12:37:29,DEL-MAA,2026-09-09
6201,SkyFareHub,IndiGo,DEL,MAA,2026-10-09,2026-09-09 15:11:00,6862.45,2026-09-09 12:37:29,DEL-MAA,2026-09-09
6202,TripEase,IndiGo,DEL,MAA,2026-10-09,2026-09-09 11:21:00,6812.64,2026-09-09 12:37:29,DEL-MAA,2026-09-09
6203,SkyFareHub,Air India,DEL,MAA,2026-10-09,2026-09-09 22:44:00,6921.15,2026-09-09 12:37:29,DEL-MAA,2026-09-09
6204,TripEase,Air India,DEL,MAA,2026-10-09,2026-09-09 22:33:00,7135.81,2026-09-09 12:37:29,DEL-MAA,2026-09-09
6205,SkyFareHub,SpiceJet,DEL,MAA,2026-10-09,2026-09-09 12:28:00,6147.96,2026-09-09 12:37:29,DEL-MAA,2026-09-09
6206,TripEase,SpiceJet,DEL,MAA,2026-10-09,2026-09-09 21:03:00,6182.49,2026-09-09 12:37:29,DEL-MAA,2026-09-09
6207,SkyFareHub,Vistara,DEL,MAA,2026-10-09,2026-09-09 15:04:00,7367.54,2026-09-09 12:37:29,DEL-MAA,2026-09-09
6208,TripEase,Vistara,DEL,MAA,2026-10-09,2026-09-09 08:46:00,7179.98,2026-09-09 12:37:29,DEL-MAA,2026-09-09
6209,SkyFareHub,Akasa Air,DEL,MAA,2026-10-09,2026-09-09 17:25:00,6215.67,2026-09-09 12:37:29,DEL-MAA,2026-09-09
6210,TripEase,Akasa Air,DEL,MAA,2026-10-09,2026-09-09 14:25:00,6278.1,2026-09-09 12:37:29,DEL-MAA,2026-09-09
6211,SkyFareHub,IndiGo,BOM,MAA,2026-09-16,2026-09-09 22:27:00,5896.6,2026-09-09 12:37:29,BOM-MAA,2026-09-09
6212,TripEase,IndiGo,BOM,MAA,2026-09-16,2026-09-09 18:12:00,6197.4,2026-09-09 12:37:29,BOM-MAA,2026-09-09
6213,SkyFareHub,Air India,BOM,MAA,2026-09-16,2026-09-09 06:54:00,6764.12,2026-09-09 12:37:29,BOM-MAA,2026-09-09
6214,TripEase,Air India,BOM,MAA,2026-09-16,2026-09-09 10:12:00,6774.53,2026-09-09 12:37:29,BOM-MAA,2026-09-09
6215,SkyFareHub,SpiceJet,BOM,MAA,2026-09-16,2026-09-09 07:36:00,5578.91,2026-09-09 12:37:29,BOM-MAA,2026-09-09
6216,TripEase,SpiceJet,BOM,MAA,2026-09-16,2026-09-09 18:25:00,5905.31,2026-09-09 12:37:29,BOM-MAA,2026-09-09
6217,SkyFareHub,Vistara,BOM,MAA,2026-09-16,2026-09-09 16:22:00,6598.47,2026-09-09 12:37:29,BOM-MAA,2026-09-09
6218,TripEase,Vistara,BOM,MAA,2026-09-16,2026-09-09 22:26:00,7292.01,2026-09-09 12:37:29,BOM-MAA,2026-09-09
6219,SkyFareHub,Akasa Air,BOM,MAA,2026-09-16,2026-09-09 22:25:00,6032.48,2026-09-09 12:37:29,BOM-MAA,2026-09-09
6220,TripEase,Akasa Air,BOM,MAA,2026-09-16,2026-09-09 17:56:00,5885.33,2026-09-09 12:37:29,BOM-MAA,2026-09-09
6221,SkyFareHub,IndiGo,BOM,MAA,2026-09-23,2026-09-09 11:16:00,5829.3,2026-09-09 12:37:29,BOM-MAA,2026-09-09
6222,TripEase,IndiGo,BOM,MAA,2026-09-23,2026-09-09 06:03:00,5880.82,2026-09-09 12:37:29,BOM-MAA,2026-09-09
6223,SkyFareHub,Air India,BOM,MAA,2026-09-23,2026-09-09 22:50:00,6374.53,2026-09-09 12:37:29,BOM-MAA,2026-09-09
6224,TripEase,Air India,BOM,MAA,2026-09-23,2026-09-09 10:18:00,6733.02,2026-09-09 12:37:29,BOM-MAA,2026-09-09
6225,SkyFareHub,SpiceJet,BOM,MAA,2026-09-23,2026-09-09 19:24:00,5711.74,2026-09-09 12:37:29,BOM-MAA,2026-09-09
6226,TripEase,SpiceJet,BOM,MAA,2026-09-23,2026-09-09 10:11:00,5550.68,2026-09-09 12:37:29,BOM-MAA,2026-09-09
6227,SkyFareHub,Vistara,BOM,MAA,2026-09-23,2026-09-09 14:04:00,7236.71,2026-09-09 12:37:29,BOM-MAA,2026-09-09
6228,TripEase,Vistara,BOM,MAA,2026-09-23,2026-09-09 21:59:00,7057.17,2026-09-09 12:37:29,BOM-MAA,2026-09-09
6229,SkyFareHub,Akasa Air,BOM,MAA,2026-09-23,2026-09-09 12:12:00,5578.12,2026-09-09 12:37:29,BOM-MAA,2026-09-09
6230,TripEase,Akasa Air,BOM,MAA,2026-09-23,2026-09-09 19:01:00,5953.5,2026-09-09 12:37:29,BOM-MAA,2026-09-09
6231,SkyFareHub,IndiGo,BOM,MAA,2026-10-09,2026-09-09 16:52:00,5692.48,2026-09-09 12:37:29,BOM-MAA,2026-09-09
6232,TripEase,IndiGo,BOM,MAA,2026-10-09,2026-09-09 08:28:00,5606.38,2026-09-09 12:37:29,BOM-MAA,2026-09-09
6233,SkyFareHub,Air India,BOM,MAA,2026-10-09,2026-09-09 12:02:00,5906.28,2026-09-09 12:37:29,BOM-MAA,2026-09-09
6234,TripEase,Air India,BOM,MAA,2026-10-09,2026-09-09 14:09:00,6356.6,2026-09-09 12:37:29,BOM-MAA,2026-09-09
6235,SkyFareHub,SpiceJet,BOM,MAA,2026-10-09,2026-09-09 19:03:00,5677.19,2026-09-09 12:37:29,BOM-MAA,2026-09-09
6236,TripEase,SpiceJet,BOM,MAA,2026-10-09,2026-09-09 16:46:00,5444.64,2026-09-09 12:37:29,BOM-MAA,2026-09-09
6237,SkyFareHub,Vistara,BOM,MAA,2026-10-09,2026-09-09 13:01:00,6450.39,2026-09-09 12:37:29,BOM-MAA,2026-09-09
6238,TripEase,Vistara,BOM,MAA,2026-10-09,2026-09-09 14:47:00,7013.25,2026-09-09 12:37:29,BOM-MAA,2026-09-09
6239,SkyFareHub,Akasa Air,BOM,MAA,2026-10-09,2026-09-09 06:37:00,5334.88,2026-09-09 12:37:29,BOM-MAA,2026-09-09
6240,TripEase,Akasa Air,BOM,MAA,2026-10-09,2026-09-09 21:38:00,5773.31,2026-09-09 12:37:29,BOM-MAA,2026-09-09
6241,SkyFareHub,IndiGo,DEL,CCU,2026-09-16,2026-09-09 21:08:00,6606.1,2026-09-09 12:37:29,DEL-CCU,2026-09-09
6242,TripEase,IndiGo,DEL,CCU,2026-09-16,2026-09-09 10:35:00,6593.09,2026-09-09 12:37:29,DEL-CCU,2026-09-09
6243,SkyFareHub,Air India,DEL,CCU,2026-09-16,2026-09-09 18:39:00,6747.03,2026-09-09 12:37:29,DEL-CCU,2026-09-09
6244,TripEase,Air India,DEL,CCU,2026-09-16,2026-09-09 16:58:00,6665.37,2026-09-09 12:37:29,DEL-CCU,2026-09-09
6245,SkyFareHub,SpiceJet,DEL,CCU,2026-09-16,2026-09-09 18:48:00,5821.46,2026-09-09 12:37:29,DEL-CCU,2026-09-09
6246,TripEase,SpiceJet,DEL,CCU,2026-09-16,2026-09-09 22:00:00,6176.02,2026-09-09 12:37:29,DEL-CCU,2026-09-09
6247,SkyFareHub,Vistara,DEL,CCU,2026-09-16,2026-09-09 13:36:00,7494.76,2026-09-09 12:37:29,DEL-CCU,2026-09-09
6248,TripEase,Vistara,DEL,CCU,2026-09-16,2026-09-09 16:37:00,7088.54,2026-09-09 12:37:29,DEL-CCU,2026-09-09
6249,SkyFareHub,Akasa Air,DEL,CCU,2026-09-16,2026-09-09 07:08:00,6549.25,2026-09-09 12:37:29,DEL-CCU,2026-09-09
6250,TripEase,Akasa Air,DEL,CCU,2026-09-16,2026-09-09 11:45:00,6339.4,2026-09-09 12:37:29,DEL-CCU,2026-09-09
6251,SkyFareHub,IndiGo,DEL,CCU,2026-09-23,2026-09-09 07:51:00,6359.72,2026-09-09 12:37:29,DEL-CCU,2026-09-09
6252,TripEase,IndiGo,DEL,CCU,2026-09-23,2026-09-09 22:38:00,6094.54,2026-09-09 12:37:29,DEL-CCU,2026-09-09
6253,SkyFareHub,Air India,DEL,CCU,2026-09-23,2026-09-09 22:17:00,7012.11,2026-09-09 12:37:29,DEL-CCU,2026-09-09
6254,TripEase,Air India,DEL,CCU,2026-09-23,2026-09-09 20:12:00,7113.6,2026-09-09 12:37:29,DEL-CCU,2026-09-09
6255,SkyFareHub,SpiceJet,DEL,CCU,2026-09-23,2026-09-09 13:06:00,6109.64,2026-09-09 12:37:29,DEL-CCU,2026-09-09
6256,TripEase,SpiceJet,DEL,CCU,2026-09-23,2026-09-09 20:30:00,6077.58,2026-09-09 12:37:29,DEL-CCU,2026-09-09
6257,SkyFareHub,Vistara,DEL,CCU,2026-09-23,2026-09-09 17:39:00,7192.38,2026-09-09 12:37:29,DEL-CCU,2026-09-09
6258,TripEase,Vistara,DEL,CCU,2026-09-23,2026-09-09 15:04:00,7464.76,2026-09-09 12:37:29,DEL-CCU,2026-09-09
6259,SkyFareHub,Akasa Air,DEL,CCU,2026-09-23,2026-09-09 14:58:00,6175.28,2026-09-09 12:37:29,DEL-CCU,2026-09-09
6260,TripEase,Akasa Air,DEL,CCU,2026-09-23,2026-09-09 12:00:00,6371.31,2026-09-09 12:37:29,DEL-CCU,2026-09-09
6261,SkyFareHub,IndiGo,DEL,CCU,2026-10-09,2026-09-09 10:53:00,6272.48,2026-09-09 12:37:29,DEL-CCU,2026-09-09
6262,TripEase,IndiGo,DEL,CCU,2026-10-09,2026-09-09 22:55:00,6336.52,2026-09-09 12:37:29,DEL-CCU,2026-09-09
6263,SkyFareHub,Air India,DEL,CCU,2026-10-09,2026-09-09 14:06:00,6622.34,2026-09-09 12:37:29,DEL-CCU,2026-09-09
6264,TripEase,Air India,DEL,CCU,2026-10-09,2026-09-09 13:10:00,6573.11,2026-09-09 12:37:29,DEL-CCU,2026-09-09
6265,SkyFareHub,SpiceJet,DEL,CCU,2026-10-09,2026-09-09 17:46:00,6065.09,2026-09-09 12:37:29,DEL-CCU,2026-09-09
6266,TripEase,SpiceJet,DEL,CCU,2026-10-09,2026-09-09 14:10:00,5967.84,2026-09-09 12:37:29,DEL-CCU,2026-09-09
6267,SkyFareHub,Vistara,DEL,CCU,2026-10-09,2026-09-09 15:59:00,7225.52,2026-09-09 12:37:29,DEL-CCU,2026-09-09
6268,TripEase,Vistara,DEL,CCU,2026-10-09,2026-09-09 20:12:00,6942.55,2026-09-09 12:37:29,DEL-CCU,2026-09-09
6269,SkyFareHub,Akasa Air,DEL,CCU,2026-10-09,2026-09-09 11:53:00,6046.4,2026-09-09 12:37:29,DEL-CCU,2026-09-09
6270,TripEase,Akasa Air,DEL,CCU,2026-10-09,2026-09-09 08:23:00,6092.19,2026-09-09 12:37:29,DEL-CCU,2026-09-09
6271,SkyFareHub,IndiGo,BLR,HYD,2026-09-16,2026-09-09 08:29:00,3916.4,2026-09-09 12:37:29,BLR-HYD,2026-09-09
6272,TripEase,IndiGo,BLR,HYD,2026-09-16,2026-09-09 10:56:00,3901.09,2026-09-09 12:37:29,BLR-HYD,2026-09-09
6273,SkyFareHub,Air India,BLR,HYD,2026-09-16,2026-09-09 16:36:00,4213.1,2026-09-09 12:37:29,BLR-HYD,2026-09-09
6274,TripEase,Air India,BLR,HYD,2026-09-16,2026-09-09 06:59:00,4256.58,2026-09-09 12:37:29,BLR-HYD,2026-09-09
6275,SkyFareHub,SpiceJet,BLR,HYD,2026-09-16,2026-09-09 10:29:00,3670.4,2026-09-09 12:37:29,BLR-HYD,2026-09-09
6276,TripEase,SpiceJet,BLR,HYD,2026-09-16,2026-09-09 21:07:00,3777.55,2026-09-09 12:37:29,BLR-HYD,2026-09-09
6277,SkyFareHub,Vistara,BLR,HYD,2026-09-16,2026-09-09 06:09:00,4549.9,2026-09-09 12:37:29,BLR-HYD,2026-09-09
6278,TripEase,Vistara,BLR,HYD,2026-09-16,2026-09-09 07:02:00,4633.08,2026-09-09 12:37:29,BLR-HYD,2026-09-09
6279,SkyFareHub,Akasa Air,BLR,HYD,2026-09-16,2026-09-09 19:20:00,3985.25,2026-09-09 12:37:29,BLR-HYD,2026-09-09
6280,TripEase,Akasa Air,BLR,HYD,2026-09-16,2026-09-09 20:03:00,4038.49,2026-09-09 12:37:29,BLR-HYD,2026-09-09
6281,SkyFareHub,IndiGo,BLR,HYD,2026-09-23,2026-09-09 20:28:00,3981.07,2026-09-09 12:37:29,BLR-HYD,2026-09-09
6282,TripEase,IndiGo,BLR,HYD,2026-09-23,2026-09-09 08:40:00,3988.31,2026-09-09 12:37:29,BLR-HYD,2026-09-09
6283,SkyFareHub,Air India,BLR,HYD,2026-09-23,2026-09-09 16:20:00,4306.78,2026-09-09 12:37:29,BLR-HYD,2026-09-09
6284,TripEase,Air India,BLR,HYD,2026-09-23,2026-09-09 07:53:00,4134.1,2026-09-09 12:37:29,BLR-HYD,2026-09-09
6285,SkyFareHub,SpiceJet,BLR,HYD,2026-09-23,2026-09-09 22:04:00,3640.61,2026-09-09 12:37:29,BLR-HYD,2026-09-09
6286,TripEase,SpiceJet,BLR,HYD,2026-09-23,2026-09-09 21:38:00,3578.52,2026-09-09 12:37:29,BLR-HYD,2026-09-09
6287,SkyFareHub,Vistara,BLR,HYD,2026-09-23,2026-09-09 17:32:00,4365.21,2026-09-09 12:37:29,BLR-HYD,2026-09-09
6288,TripEase,Vistara,BLR,HYD,2026-09-23,2026-09-09 18:10:00,4748.93,2026-09-09 12:37:29,BLR-HYD,2026-09-09
6289,SkyFareHub,Akasa Air,BLR,HYD,2026-09-23,2026-09-09 22:16:00,3780.27,2026-09-09 12:37:29,BLR-HYD,2026-09-09
6290,TripEase,Akasa Air,BLR,HYD,2026-09-23,2026-09-09 12:33:00,3800.18,2026-09-09 12:37:29,BLR-HYD,2026-09-09
6291,SkyFareHub,IndiGo,BLR,HYD,2026-10-09,2026-09-09 06:43:00,3563.54,2026-09-09 12:37:29,BLR-HYD,2026-09-09
6292,TripEase,IndiGo,BLR,HYD,2026-10-09,2026-09-09 13:37:00,3684.37,2026-09-09 12:37:29,BLR-HYD,2026-09-09
6293,SkyFareHub,Air India,BLR,HYD,2026-10-09,2026-09-09 09:59:00,3960.24,2026-09-09 12:37:29,BLR-HYD,2026-09-09
6294,TripEase,Air India,BLR,HYD,2026-10-09,2026-09-09 06:40:00,4173.47,2026-09-09 12:37:29,BLR-HYD,2026-09-09
6295,SkyFareHub,SpiceJet,BLR,HYD,2026-10-09,2026-09-09 09:09:00,3749.06,2026-09-09 12:37:29,BLR-HYD,2026-09-09
6296,TripEase,SpiceJet,BLR,HYD,2026-10-09,2026-09-09 22:41:00,3752.01,2026-09-09 12:37:29,BLR-HYD,2026-09-09
6297,SkyFareHub,Vistara,BLR,HYD,2026-10-09,2026-09-09 09:32:00,4355.56,2026-09-09 12:37:29,BLR-HYD,2026-09-09
6298,TripEase,Vistara,BLR,HYD,2026-10-09,2026-09-09 06:41:00,4529.7,2026-09-09 12:37:29,BLR-HYD,2026-09-09
6299,SkyFareHub,Akasa Air,BLR,HYD,2026-10-09,2026-09-09 18:24:00,3660.33,2026-09-09 12:37:29,BLR-HYD,2026-09-09
6300,TripEase,Akasa Air,BLR,HYD,2026-10-09,2026-09-09 07:55:00,3813.07,2026-09-09 12:37:29,BLR-HYD,2026-09-09
